grade,subject,strand,sub_strand,learning_outcome,lesson_title,term,week,activity_title,activity_instructions,quest_title,quest_instructions,reflection_prompt,reward_coins,reward_stars,estimated_duration,difficulty,key_inquiry_question,suggested_learning_experience,assessment_hint,values,core_competencies,pertinent_and_contemporary_issues,source_document,source_page_or_section,source_confidence,review_status,existing_match_status,duplicate_risk,notes_for_victor
2,Mathematical Activities,Numbers,1.1 Number Concept,"By the end of the lesson, the learner should be able to: read numbers 1-100 in symbols",Reading Numbers 1 to 50 in Symbols,Term 1,Week 1,Activity: Reading Numbers 1 to 50 in Symbols,Learners to read number names from 1-100. Learners in groups of five to count their fingers and toes. Learners in pairs/groups to play games of representing numbers 1-100 using safe concrete objects. Learners to play digital games of representing groups with numbers.,1.1 Number Concept Quest,"Explore 1.1 number concept through interactive activities, hands-on practice, and real-life application.",What did you learn about reading numbers 1 to 50 in symbols today? How can you use this in your daily life?,10,1,30,Beginner,How can we find the number of objects in a group?,Learners to read number names from 1-100. Learners in groups of five to count their fingers and toes. Learners in pairs/groups to play games of representing numbers 1-100 using safe concrete objects. Learners to play digital games of representing groups with numbers.,"Oral questions, observation, written exercise","Respect, Responsibility","Communication and Collaboration, Imagination and Creativity, Digital Literacy, Critical Thinking and Problem Solving",Life skills: self-awareness and self-esteem - when using body parts; ESD: DRR; safety - when collecting items in the environment,KICD Lower Primary Curriculum Designs Vol.2 (Aug 2017),Page 30,HIGH — official KICD curriculum document,DRAFT,NEW,LOW — sourced from official KICD document,"Source: KICD Lower Primary Curriculum Designs Vol.2, page 30. 8 lessons allocated for this sub-strand."
2,Mathematical Activities,Numbers,1.1 Number Concept,"By the end of the lesson, the learner should be able to: represent numbers 1-100 using concrete objects in the environment",Reading Numbers 51 to 100 in Symbols,Term 1,Week 2,Activity: Reading Numbers 51 to 100 in Symbols,Learners to read number names from 1-100. Learners in groups of five to count their fingers and toes. Learners in pairs/groups to play games of representing numbers 1-100 using safe concrete objects. Learners to play digital games of representing groups with numbers.,1.1 Number Concept Quest,"Explore 1.1 number concept through interactive activities, hands-on practice, and real-life application.",What did you learn about reading numbers 51 to 100 in symbols today? How can you use this in your daily life?,10,1,30,Beginner,How can we find the number of objects in a group?,Learners to read number names from 1-100. Learners in groups of five to count their fingers and toes. Learners in pairs/groups to play games of representing numbers 1-100 using safe concrete objects. Learners to play digital games of representing groups with numbers.,"Oral questions, observation, written exercise","Respect, Responsibility","Communication and Collaboration, Imagination and Creativity, Digital Literacy, Critical Thinking and Problem Solving",Life skills: self-awareness and self-esteem - when using body parts; ESD: DRR; safety - when collecting items in the environment,KICD Lower Primary Curriculum Designs Vol.2 (Aug 2017),Page 30,HIGH — official KICD curriculum document,DRAFT,NEW,LOW — sourced from official KICD document,"Source: KICD Lower Primary Curriculum Designs Vol.2, page 30. 8 lessons allocated for this sub-strand."
2,Mathematical Activities,Numbers,1.1 Number Concept,"By the end of the lesson, the learner should be able to: represent numbers 1-100 using concrete objects in the environment",Representing Numbers 1 to 50 Using Concrete Objects,Term 1,Week 3,Activity: Representing Numbers 1 to 50 Using Concrete Objects,Learners to read number names from 1-100. Learners in groups of five to count their fingers and toes. Learners in pairs/groups to play games of representing numbers 1-100 using safe concrete objects. Learners to play digital games of representing groups with numbers.,1.1 Number Concept Quest,"Explore 1.1 number concept through interactive activities, hands-on practice, and real-life application.",What did you learn about representing numbers 1 to 50 using concrete objects today? How can you use this in your daily life?,10,1,30,Beginner,How can we find the number of objects in a group?,Learners to read number names from 1-100. Learners in groups of five to count their fingers and toes. Learners in pairs/groups to play games of representing numbers 1-100 using safe concrete objects. Learners to play digital games of representing groups with numbers.,"Oral questions, observation, written exercise","Respect, Responsibility","Communication and Collaboration, Imagination and Creativity, Digital Literacy, Critical Thinking and Problem Solving",Life skills: self-awareness and self-esteem - when using body parts; ESD: DRR; safety - when collecting items in the environment,KICD Lower Primary Curriculum Designs Vol.2 (Aug 2017),Page 30,HIGH — official KICD curriculum document,DRAFT,NEW,LOW — sourced from official KICD document,"Source: KICD Lower Primary Curriculum Designs Vol.2, page 30. 8 lessons allocated for this sub-strand."
2,Mathematical Activities,Numbers,1.1 Number Concept,"By the end of the lesson, the learner should be able to: represent numbers 1-100 using concrete objects in the environment",Representing Numbers 51 to 100 Using Concrete Objects,Term 1,Week 4,Activity: Representing Numbers 51 to 100 Using Concrete Objects,Learners to read number names from 1-100. Learners in groups of five to count their fingers and toes. Learners in pairs/groups to play games of representing numbers 1-100 using safe concrete objects. Learners to play digital games of representing groups with numbers.,1.1 Number Concept Quest,"Explore 1.1 number concept through interactive activities, hands-on practice, and real-life application.",What did you learn about representing numbers 51 to 100 using concrete objects today? How can you use this in your daily life?,10,1,30,Beginner,How can we find the number of objects in a group?,Learners to read number names from 1-100. Learners in groups of five to count their fingers and toes. Learners in pairs/groups to play games of representing numbers 1-100 using safe concrete objects. Learners to play digital games of representing groups with numbers.,"Oral questions, observation, written exercise","Respect, Responsibility","Communication and Collaboration, Imagination and Creativity, Digital Literacy, Critical Thinking and Problem Solving",Life skills: self-awareness and self-esteem - when using body parts; ESD: DRR; safety - when collecting items in the environment,KICD Lower Primary Curriculum Designs Vol.2 (Aug 2017),Page 30,HIGH — official KICD curriculum document,DRAFT,NEW,LOW — sourced from official KICD document,"Source: KICD Lower Primary Curriculum Designs Vol.2, page 30. 8 lessons allocated for this sub-strand."
2,Mathematical Activities,Numbers,1.1 Number Concept,"By the end of the lesson, the learner should be able to: represent numbers 1-100 using concrete objects in the environment",Counting Numbers 1 to 100 Forward,Term 1,Week 5,Activity: Counting Numbers 1 to 100 Forward,Learners to read number names from 1-100. Learners in groups of five to count their fingers and toes. Learners in pairs/groups to play games of representing numbers 1-100 using safe concrete objects. Learners to play digital games of representing groups with numbers.,1.1 Number Concept Quest,"Explore 1.1 number concept through interactive activities, hands-on practice, and real-life application.",What did you learn about counting numbers 1 to 100 forward today? How can you use this in your daily life?,10,1,30,Beginner,How can we find the number of objects in a group?,Learners to read number names from 1-100. Learners in groups of five to count their fingers and toes. Learners in pairs/groups to play games of representing numbers 1-100 using safe concrete objects. Learners to play digital games of representing groups with numbers.,"Oral questions, observation, written exercise","Respect, Responsibility","Communication and Collaboration, Imagination and Creativity, Digital Literacy, Critical Thinking and Problem Solving",Life skills: self-awareness and self-esteem - when using body parts; ESD: DRR; safety - when collecting items in the environment,KICD Lower Primary Curriculum Designs Vol.2 (Aug 2017),Page 30,HIGH — official KICD curriculum document,DRAFT,NEW,LOW — sourced from official KICD document,"Source: KICD Lower Primary Curriculum Designs Vol.2, page 30. 8 lessons allocated for this sub-strand."
2,Mathematical Activities,Numbers,1.1 Number Concept,"By the end of the lesson, the learner should be able to: represent numbers 1-100 using concrete objects in the environment",Counting Numbers 1 to 100 Backward,Term 1,Week 6,Activity: Counting Numbers 1 to 100 Backward,Learners to read number names from 1-100. Learners in groups of five to count their fingers and toes. Learners in pairs/groups to play games of representing numbers 1-100 using safe concrete objects. Learners to play digital games of representing groups with numbers.,1.1 Number Concept Quest,"Explore 1.1 number concept through interactive activities, hands-on practice, and real-life application.",What did you learn about counting numbers 1 to 100 backward today? How can you use this in your daily life?,10,1,30,Beginner,How can we find the number of objects in a group?,Learners to read number names from 1-100. Learners in groups of five to count their fingers and toes. Learners in pairs/groups to play games of representing numbers 1-100 using safe concrete objects. Learners to play digital games of representing groups with numbers.,"Oral questions, observation, written exercise","Respect, Responsibility","Communication and Collaboration, Imagination and Creativity, Digital Literacy, Critical Thinking and Problem Solving",Life skills: self-awareness and self-esteem - when using body parts; ESD: DRR; safety - when collecting items in the environment,KICD Lower Primary Curriculum Designs Vol.2 (Aug 2017),Page 30,HIGH — official KICD curriculum document,DRAFT,NEW,LOW — sourced from official KICD document,"Source: KICD Lower Primary Curriculum Designs Vol.2, page 30. 8 lessons allocated for this sub-strand."
2,Mathematical Activities,Numbers,1.1 Number Concept,"By the end of the lesson, the learner should be able to: represent numbers 1-100 using concrete objects in the environment",Filling in Missing Numbers 1 to 50,Term 1,Week 7,Activity: Filling in Missing Numbers 1 to 50,Learners to read number names from 1-100. Learners in groups of five to count their fingers and toes. Learners in pairs/groups to play games of representing numbers 1-100 using safe concrete objects. Learners to play digital games of representing groups with numbers.,1.1 Number Concept Quest,"Explore 1.1 number concept through interactive activities, hands-on practice, and real-life application.",What did you learn about filling in missing numbers 1 to 50 today? How can you use this in your daily life?,10,1,30,Beginner,How can we find the number of objects in a group?,Learners to read number names from 1-100. Learners in groups of five to count their fingers and toes. Learners in pairs/groups to play games of representing numbers 1-100 using safe concrete objects. Learners to play digital games of representing groups with numbers.,"Oral questions, observation, written exercise","Respect, Responsibility","Communication and Collaboration, Imagination and Creativity, Digital Literacy, Critical Thinking and Problem Solving",Life skills: self-awareness and self-esteem - when using body parts; ESD: DRR; safety - when collecting items in the environment,KICD Lower Primary Curriculum Designs Vol.2 (Aug 2017),Page 30,HIGH — official KICD curriculum document,DRAFT,NEW,LOW — sourced from official KICD document,"Source: KICD Lower Primary Curriculum Designs Vol.2, page 30. 8 lessons allocated for this sub-strand."
2,Mathematical Activities,Numbers,1.1 Number Concept,"By the end of the lesson, the learner should be able to: represent numbers 1-100 using concrete objects in the environment",Filling in Missing Numbers 51 to 100,Term 1,Week 8,Activity: Filling in Missing Numbers 51 to 100,Learners to read number names from 1-100. Learners in groups of five to count their fingers and toes. Learners in pairs/groups to play games of representing numbers 1-100 using safe concrete objects. Learners to play digital games of representing groups with numbers.,1.1 Number Concept Quest,"Explore 1.1 number concept through interactive activities, hands-on practice, and real-life application.",What did you learn about filling in missing numbers 51 to 100 today? How can you use this in your daily life?,10,1,30,Beginner,How can we find the number of objects in a group?,Learners to read number names from 1-100. Learners in groups of five to count their fingers and toes. Learners in pairs/groups to play games of representing numbers 1-100 using safe concrete objects. Learners to play digital games of representing groups with numbers.,"Oral questions, observation, written exercise","Respect, Responsibility","Communication and Collaboration, Imagination and Creativity, Digital Literacy, Critical Thinking and Problem Solving",Life skills: self-awareness and self-esteem - when using body parts; ESD: DRR; safety - when collecting items in the environment,KICD Lower Primary Curriculum Designs Vol.2 (Aug 2017),Page 30,HIGH — official KICD curriculum document,DRAFT,NEW,LOW — sourced from official KICD document,"Source: KICD Lower Primary Curriculum Designs Vol.2, page 30. 8 lessons allocated for this sub-strand."
2,Mathematical Activities,Numbers,1.2 Whole Numbers,"By the end of the lesson, the learner should be able to: count numbers forward and backward up to 100",Counting in 2s Forward up to 100,Term 1,Week 9,Activity: Counting in 2s Forward up to 100,Learners in pairs/groups to count in 2's and 5's forward and backward starting from any point. Learners in pairs/groups to count their fingers and toes in 2's and 10's. Learners in pairs/groups to discuss place value up to hundreds. Learners in pairs to read numbers 1-100 in symbols. Learners to read and write numbers 1-20 in words. Learners to play digital games involving whole numbers. Learners to work out missing numbers in patterns up to 100. Learners in pairs/groups to make number patterns ,1.2 Whole Numbers Quest,"Explore 1.2 whole numbers through interactive activities, hands-on practice, and real-life application.",What did you learn about counting in 2s forward up to 100 today? How can you use this in your daily life?,10,1,30,Beginner,How do we get the next number in a pattern?,Learners in pairs/groups to count in 2's and 5's forward and backward starting from any point. Learners in pairs/groups to count their fingers and toes in 2's and 10's. Learners in pairs/groups to discuss place value up to hundreds. Learners in pairs to read numbers 1-100 in symbols. Learners to read and write numbers 1-20 in words. Learners to play digital games involving whole numbers. Learners to work out missing numbers in patterns up to 100. Learners in pairs/groups to make number patterns and share.,"Oral questions, written exercise, observation","Respect, Responsibility","Communication and Collaboration, Critical Thinking and Problem Solving, Digital Literacy",Citizenship: leadership - as learners work in groups,KICD Lower Primary Curriculum Designs Vol.2 (Aug 2017),Page 31-32,HIGH — official KICD curriculum document,DRAFT,NEW,LOW — sourced from official KICD document,"Source: KICD Lower Primary Curriculum Designs Vol.2, page 31-32. 20 lessons allocated for this sub-strand."
2,Mathematical Activities,Numbers,1.2 Whole Numbers,"By the end of the lesson, the learner should be able to: identify place value up to hundreds",Counting in 2s Backward up to 100,Term 1,Week 10,Activity: Counting in 2s Backward up to 100,Learners in pairs/groups to count in 2's and 5's forward and backward starting from any point. Learners in pairs/groups to count their fingers and toes in 2's and 10's. Learners in pairs/groups to discuss place value up to hundreds. Learners in pairs to read numbers 1-100 in symbols. Learners to read and write numbers 1-20 in words. Learners to play digital games involving whole numbers. Learners to work out missing numbers in patterns up to 100. Learners in pairs/groups to make number patterns ,1.2 Whole Numbers Quest,"Explore 1.2 whole numbers through interactive activities, hands-on practice, and real-life application.",What did you learn about counting in 2s backward up to 100 today? How can you use this in your daily life?,10,1,30,Beginner,How do we get the next number in a pattern?,Learners in pairs/groups to count in 2's and 5's forward and backward starting from any point. Learners in pairs/groups to count their fingers and toes in 2's and 10's. Learners in pairs/groups to discuss place value up to hundreds. Learners in pairs to read numbers 1-100 in symbols. Learners to read and write numbers 1-20 in words. Learners to play digital games involving whole numbers. Learners to work out missing numbers in patterns up to 100. Learners in pairs/groups to make number patterns and share.,"Oral questions, written exercise, observation","Respect, Responsibility","Communication and Collaboration, Critical Thinking and Problem Solving, Digital Literacy",Citizenship: leadership - as learners work in groups,KICD Lower Primary Curriculum Designs Vol.2 (Aug 2017),Page 31-32,HIGH — official KICD curriculum document,DRAFT,NEW,LOW — sourced from official KICD document,"Source: KICD Lower Primary Curriculum Designs Vol.2, page 31-32. 20 lessons allocated for this sub-strand."
2,Mathematical Activities,Numbers,1.2 Whole Numbers,"By the end of the lesson, the learner should be able to: read numbers 1-100 in symbols",Counting in 5s Forward up to 100,Term 1,Week 11,Activity: Counting in 5s Forward up to 100,Learners in pairs/groups to count in 2's and 5's forward and backward starting from any point. Learners in pairs/groups to count their fingers and toes in 2's and 10's. Learners in pairs/groups to discuss place value up to hundreds. Learners in pairs to read numbers 1-100 in symbols. Learners to read and write numbers 1-20 in words. Learners to play digital games involving whole numbers. Learners to work out missing numbers in patterns up to 100. Learners in pairs/groups to make number patterns ,1.2 Whole Numbers Quest,"Explore 1.2 whole numbers through interactive activities, hands-on practice, and real-life application.",What did you learn about counting in 5s forward up to 100 today? How can you use this in your daily life?,10,1,30,Beginner,How do we get the next number in a pattern?,Learners in pairs/groups to count in 2's and 5's forward and backward starting from any point. Learners in pairs/groups to count their fingers and toes in 2's and 10's. Learners in pairs/groups to discuss place value up to hundreds. Learners in pairs to read numbers 1-100 in symbols. Learners to read and write numbers 1-20 in words. Learners to play digital games involving whole numbers. Learners to work out missing numbers in patterns up to 100. Learners in pairs/groups to make number patterns and share.,"Oral questions, written exercise, observation","Respect, Responsibility","Communication and Collaboration, Critical Thinking and Problem Solving, Digital Literacy",Citizenship: leadership - as learners work in groups,KICD Lower Primary Curriculum Designs Vol.2 (Aug 2017),Page 31-32,HIGH — official KICD curriculum document,DRAFT,NEW,LOW — sourced from official KICD document,"Source: KICD Lower Primary Curriculum Designs Vol.2, page 31-32. 20 lessons allocated for this sub-strand."
2,Mathematical Activities,Numbers,1.2 Whole Numbers,"By the end of the lesson, the learner should be able to: read and write numbers 1-20 in words",Counting in 5s Backward up to 100,Term 1,Week 12,Activity: Counting in 5s Backward up to 100,Learners in pairs/groups to count in 2's and 5's forward and backward starting from any point. Learners in pairs/groups to count their fingers and toes in 2's and 10's. Learners in pairs/groups to discuss place value up to hundreds. Learners in pairs to read numbers 1-100 in symbols. Learners to read and write numbers 1-20 in words. Learners to play digital games involving whole numbers. Learners to work out missing numbers in patterns up to 100. Learners in pairs/groups to make number patterns ,1.2 Whole Numbers Quest,"Explore 1.2 whole numbers through interactive activities, hands-on practice, and real-life application.",What did you learn about counting in 5s backward up to 100 today? How can you use this in your daily life?,10,1,30,Beginner,How do we get the next number in a pattern?,Learners in pairs/groups to count in 2's and 5's forward and backward starting from any point. Learners in pairs/groups to count their fingers and toes in 2's and 10's. Learners in pairs/groups to discuss place value up to hundreds. Learners in pairs to read numbers 1-100 in symbols. Learners to read and write numbers 1-20 in words. Learners to play digital games involving whole numbers. Learners to work out missing numbers in patterns up to 100. Learners in pairs/groups to make number patterns and share.,"Oral questions, written exercise, observation","Respect, Responsibility","Communication and Collaboration, Critical Thinking and Problem Solving, Digital Literacy",Citizenship: leadership - as learners work in groups,KICD Lower Primary Curriculum Designs Vol.2 (Aug 2017),Page 31-32,HIGH — official KICD curriculum document,DRAFT,NEW,LOW — sourced from official KICD document,"Source: KICD Lower Primary Curriculum Designs Vol.2, page 31-32. 20 lessons allocated for this sub-strand."
2,Mathematical Activities,Numbers,1.2 Whole Numbers,"By the end of the lesson, the learner should be able to: work out missing numbers in number patterns up to 100",Counting in 10s Forward up to 100,Term 1,Week 12,Activity: Counting in 10s Forward up to 100,Learners in pairs/groups to count in 2's and 5's forward and backward starting from any point. Learners in pairs/groups to count their fingers and toes in 2's and 10's. Learners in pairs/groups to discuss place value up to hundreds. Learners in pairs to read numbers 1-100 in symbols. Learners to read and write numbers 1-20 in words. Learners to play digital games involving whole numbers. Learners to work out missing numbers in patterns up to 100. Learners in pairs/groups to make number patterns ,1.2 Whole Numbers Quest,"Explore 1.2 whole numbers through interactive activities, hands-on practice, and real-life application.",What did you learn about counting in 10s forward up to 100 today? How can you use this in your daily life?,10,1,30,Beginner,How do we get the next number in a pattern?,Learners in pairs/groups to count in 2's and 5's forward and backward starting from any point. Learners in pairs/groups to count their fingers and toes in 2's and 10's. Learners in pairs/groups to discuss place value up to hundreds. Learners in pairs to read numbers 1-100 in symbols. Learners to read and write numbers 1-20 in words. Learners to play digital games involving whole numbers. Learners to work out missing numbers in patterns up to 100. Learners in pairs/groups to make number patterns and share.,"Oral questions, written exercise, observation","Respect, Responsibility","Communication and Collaboration, Critical Thinking and Problem Solving, Digital Literacy",Citizenship: leadership - as learners work in groups,KICD Lower Primary Curriculum Designs Vol.2 (Aug 2017),Page 31-32,HIGH — official KICD curriculum document,DRAFT,NEW,LOW — sourced from official KICD document,"Source: KICD Lower Primary Curriculum Designs Vol.2, page 31-32. 20 lessons allocated for this sub-strand."
2,Mathematical Activities,Numbers,1.2 Whole Numbers,"By the end of the lesson, the learner should be able to: appreciate number patterns as they skip on the number line",Place Value: Ones and Tens,Term 1,Week 12,Activity: Place Value: Ones and Tens,Learners in pairs/groups to count in 2's and 5's forward and backward starting from any point. Learners in pairs/groups to count their fingers and toes in 2's and 10's. Learners in pairs/groups to discuss place value up to hundreds. Learners in pairs to read numbers 1-100 in symbols. Learners to read and write numbers 1-20 in words. Learners to play digital games involving whole numbers. Learners to work out missing numbers in patterns up to 100. Learners in pairs/groups to make number patterns ,1.2 Whole Numbers Quest,"Explore 1.2 whole numbers through interactive activities, hands-on practice, and real-life application.",What did you learn about place value: ones and tens today? How can you use this in your daily life?,10,1,30,Beginner,How do we get the next number in a pattern?,Learners in pairs/groups to count in 2's and 5's forward and backward starting from any point. Learners in pairs/groups to count their fingers and toes in 2's and 10's. Learners in pairs/groups to discuss place value up to hundreds. Learners in pairs to read numbers 1-100 in symbols. Learners to read and write numbers 1-20 in words. Learners to play digital games involving whole numbers. Learners to work out missing numbers in patterns up to 100. Learners in pairs/groups to make number patterns and share.,"Oral questions, written exercise, observation","Respect, Responsibility","Communication and Collaboration, Critical Thinking and Problem Solving, Digital Literacy",Citizenship: leadership - as learners work in groups,KICD Lower Primary Curriculum Designs Vol.2 (Aug 2017),Page 31-32,HIGH — official KICD curriculum document,DRAFT,NEW,LOW — sourced from official KICD document,"Source: KICD Lower Primary Curriculum Designs Vol.2, page 31-32. 20 lessons allocated for this sub-strand."
2,Mathematical Activities,Numbers,1.2 Whole Numbers,"By the end of the lesson, the learner should be able to: appreciate number patterns as they skip on the number line",Place Value: Hundreds,Term 1,Week 12,Activity: Place Value: Hundreds,Learners in pairs/groups to count in 2's and 5's forward and backward starting from any point. Learners in pairs/groups to count their fingers and toes in 2's and 10's. Learners in pairs/groups to discuss place value up to hundreds. Learners in pairs to read numbers 1-100 in symbols. Learners to read and write numbers 1-20 in words. Learners to play digital games involving whole numbers. Learners to work out missing numbers in patterns up to 100. Learners in pairs/groups to make number patterns ,1.2 Whole Numbers Quest,"Explore 1.2 whole numbers through interactive activities, hands-on practice, and real-life application.",What did you learn about place value: hundreds today? How can you use this in your daily life?,10,1,30,Beginner,How do we get the next number in a pattern?,Learners in pairs/groups to count in 2's and 5's forward and backward starting from any point. Learners in pairs/groups to count their fingers and toes in 2's and 10's. Learners in pairs/groups to discuss place value up to hundreds. Learners in pairs to read numbers 1-100 in symbols. Learners to read and write numbers 1-20 in words. Learners to play digital games involving whole numbers. Learners to work out missing numbers in patterns up to 100. Learners in pairs/groups to make number patterns and share.,"Oral questions, written exercise, observation","Respect, Responsibility","Communication and Collaboration, Critical Thinking and Problem Solving, Digital Literacy",Citizenship: leadership - as learners work in groups,KICD Lower Primary Curriculum Designs Vol.2 (Aug 2017),Page 31-32,HIGH — official KICD curriculum document,DRAFT,NEW,LOW — sourced from official KICD document,"Source: KICD Lower Primary Curriculum Designs Vol.2, page 31-32. 20 lessons allocated for this sub-strand."
2,Mathematical Activities,Numbers,1.2 Whole Numbers,"By the end of the lesson, the learner should be able to: appreciate number patterns as they skip on the number line",Reading Numbers 1 to 100 in Symbols,Term 1,Week 12,Activity: Reading Numbers 1 to 100 in Symbols,Learners in pairs/groups to count in 2's and 5's forward and backward starting from any point. Learners in pairs/groups to count their fingers and toes in 2's and 10's. Learners in pairs/groups to discuss place value up to hundreds. Learners in pairs to read numbers 1-100 in symbols. Learners to read and write numbers 1-20 in words. Learners to play digital games involving whole numbers. Learners to work out missing numbers in patterns up to 100. Learners in pairs/groups to make number patterns ,1.2 Whole Numbers Quest,"Explore 1.2 whole numbers through interactive activities, hands-on practice, and real-life application.",What did you learn about reading numbers 1 to 100 in symbols today? How can you use this in your daily life?,10,1,30,Beginner,How do we get the next number in a pattern?,Learners in pairs/groups to count in 2's and 5's forward and backward starting from any point. Learners in pairs/groups to count their fingers and toes in 2's and 10's. Learners in pairs/groups to discuss place value up to hundreds. Learners in pairs to read numbers 1-100 in symbols. Learners to read and write numbers 1-20 in words. Learners to play digital games involving whole numbers. Learners to work out missing numbers in patterns up to 100. Learners in pairs/groups to make number patterns and share.,"Oral questions, written exercise, observation","Respect, Responsibility","Communication and Collaboration, Critical Thinking and Problem Solving, Digital Literacy",Citizenship: leadership - as learners work in groups,KICD Lower Primary Curriculum Designs Vol.2 (Aug 2017),Page 31-32,HIGH — official KICD curriculum document,DRAFT,NEW,LOW — sourced from official KICD document,"Source: KICD Lower Primary Curriculum Designs Vol.2, page 31-32. 20 lessons allocated for this sub-strand."
2,Mathematical Activities,Numbers,1.2 Whole Numbers,"By the end of the lesson, the learner should be able to: appreciate number patterns as they skip on the number line",Writing Numbers 1 to 10 in Words,Term 1,Week 12,Activity: Writing Numbers 1 to 10 in Words,Learners in pairs/groups to count in 2's and 5's forward and backward starting from any point. Learners in pairs/groups to count their fingers and toes in 2's and 10's. Learners in pairs/groups to discuss place value up to hundreds. Learners in pairs to read numbers 1-100 in symbols. Learners to read and write numbers 1-20 in words. Learners to play digital games involving whole numbers. Learners to work out missing numbers in patterns up to 100. Learners in pairs/groups to make number patterns ,1.2 Whole Numbers Quest,"Explore 1.2 whole numbers through interactive activities, hands-on practice, and real-life application.",What did you learn about writing numbers 1 to 10 in words today? How can you use this in your daily life?,10,1,30,Beginner,How do we get the next number in a pattern?,Learners in pairs/groups to count in 2's and 5's forward and backward starting from any point. Learners in pairs/groups to count their fingers and toes in 2's and 10's. Learners in pairs/groups to discuss place value up to hundreds. Learners in pairs to read numbers 1-100 in symbols. Learners to read and write numbers 1-20 in words. Learners to play digital games involving whole numbers. Learners to work out missing numbers in patterns up to 100. Learners in pairs/groups to make number patterns and share.,"Oral questions, written exercise, observation","Respect, Responsibility","Communication and Collaboration, Critical Thinking and Problem Solving, Digital Literacy",Citizenship: leadership - as learners work in groups,KICD Lower Primary Curriculum Designs Vol.2 (Aug 2017),Page 31-32,HIGH — official KICD curriculum document,DRAFT,NEW,LOW — sourced from official KICD document,"Source: KICD Lower Primary Curriculum Designs Vol.2, page 31-32. 20 lessons allocated for this sub-strand."
2,Mathematical Activities,Numbers,1.2 Whole Numbers,"By the end of the lesson, the learner should be able to: appreciate number patterns as they skip on the number line",Writing Numbers 11 to 20 in Words,Term 1,Week 12,Activity: Writing Numbers 11 to 20 in Words,Learners in pairs/groups to count in 2's and 5's forward and backward starting from any point. Learners in pairs/groups to count their fingers and toes in 2's and 10's. Learners in pairs/groups to discuss place value up to hundreds. Learners in pairs to read numbers 1-100 in symbols. Learners to read and write numbers 1-20 in words. Learners to play digital games involving whole numbers. Learners to work out missing numbers in patterns up to 100. Learners in pairs/groups to make number patterns ,1.2 Whole Numbers Quest,"Explore 1.2 whole numbers through interactive activities, hands-on practice, and real-life application.",What did you learn about writing numbers 11 to 20 in words today? How can you use this in your daily life?,10,1,30,Beginner,How do we get the next number in a pattern?,Learners in pairs/groups to count in 2's and 5's forward and backward starting from any point. Learners in pairs/groups to count their fingers and toes in 2's and 10's. Learners in pairs/groups to discuss place value up to hundreds. Learners in pairs to read numbers 1-100 in symbols. Learners to read and write numbers 1-20 in words. Learners to play digital games involving whole numbers. Learners to work out missing numbers in patterns up to 100. Learners in pairs/groups to make number patterns and share.,"Oral questions, written exercise, observation","Respect, Responsibility","Communication and Collaboration, Critical Thinking and Problem Solving, Digital Literacy",Citizenship: leadership - as learners work in groups,KICD Lower Primary Curriculum Designs Vol.2 (Aug 2017),Page 31-32,HIGH — official KICD curriculum document,DRAFT,NEW,LOW — sourced from official KICD document,"Source: KICD Lower Primary Curriculum Designs Vol.2, page 31-32. 20 lessons allocated for this sub-strand."
2,Mathematical Activities,Numbers,1.2 Whole Numbers,"By the end of the lesson, the learner should be able to: appreciate number patterns as they skip on the number line",Number Patterns: Completing Patterns up to 50,Term 1,Week 12,Activity: Number Patterns: Completing Patterns up to 50,Learners in pairs/groups to count in 2's and 5's forward and backward starting from any point. Learners in pairs/groups to count their fingers and toes in 2's and 10's. Learners in pairs/groups to discuss place value up to hundreds. Learners in pairs to read numbers 1-100 in symbols. Learners to read and write numbers 1-20 in words. Learners to play digital games involving whole numbers. Learners to work out missing numbers in patterns up to 100. Learners in pairs/groups to make number patterns ,1.2 Whole Numbers Quest,"Explore 1.2 whole numbers through interactive activities, hands-on practice, and real-life application.",What did you learn about number patterns: completing patterns up to 50 today? How can you use this in your daily life?,10,1,30,Beginner,How do we get the next number in a pattern?,Learners in pairs/groups to count in 2's and 5's forward and backward starting from any point. Learners in pairs/groups to count their fingers and toes in 2's and 10's. Learners in pairs/groups to discuss place value up to hundreds. Learners in pairs to read numbers 1-100 in symbols. Learners to read and write numbers 1-20 in words. Learners to play digital games involving whole numbers. Learners to work out missing numbers in patterns up to 100. Learners in pairs/groups to make number patterns and share.,"Oral questions, written exercise, observation","Respect, Responsibility","Communication and Collaboration, Critical Thinking and Problem Solving, Digital Literacy",Citizenship: leadership - as learners work in groups,KICD Lower Primary Curriculum Designs Vol.2 (Aug 2017),Page 31-32,HIGH — official KICD curriculum document,DRAFT,NEW,LOW — sourced from official KICD document,"Source: KICD Lower Primary Curriculum Designs Vol.2, page 31-32. 20 lessons allocated for this sub-strand."
2,Mathematical Activities,Numbers,1.2 Whole Numbers,"By the end of the lesson, the learner should be able to: appreciate number patterns as they skip on the number line",Number Patterns: Completing Patterns up to 100,Term 1,Week 12,Activity: Number Patterns: Completing Patterns up to 100,Learners in pairs/groups to count in 2's and 5's forward and backward starting from any point. Learners in pairs/groups to count their fingers and toes in 2's and 10's. Learners in pairs/groups to discuss place value up to hundreds. Learners in pairs to read numbers 1-100 in symbols. Learners to read and write numbers 1-20 in words. Learners to play digital games involving whole numbers. Learners to work out missing numbers in patterns up to 100. Learners in pairs/groups to make number patterns ,1.2 Whole Numbers Quest,"Explore 1.2 whole numbers through interactive activities, hands-on practice, and real-life application.",What did you learn about number patterns: completing patterns up to 100 today? How can you use this in your daily life?,10,1,30,Beginner,How do we get the next number in a pattern?,Learners in pairs/groups to count in 2's and 5's forward and backward starting from any point. Learners in pairs/groups to count their fingers and toes in 2's and 10's. Learners in pairs/groups to discuss place value up to hundreds. Learners in pairs to read numbers 1-100 in symbols. Learners to read and write numbers 1-20 in words. Learners to play digital games involving whole numbers. Learners to work out missing numbers in patterns up to 100. Learners in pairs/groups to make number patterns and share.,"Oral questions, written exercise, observation","Respect, Responsibility","Communication and Collaboration, Critical Thinking and Problem Solving, Digital Literacy",Citizenship: leadership - as learners work in groups,KICD Lower Primary Curriculum Designs Vol.2 (Aug 2017),Page 31-32,HIGH — official KICD curriculum document,DRAFT,NEW,LOW — sourced from official KICD document,"Source: KICD Lower Primary Curriculum Designs Vol.2, page 31-32. 20 lessons allocated for this sub-strand."
2,Mathematical Activities,Numbers,1.2 Whole Numbers,"By the end of the lesson, the learner should be able to: appreciate number patterns as they skip on the number line",Number Patterns: Skip Counting by 2s,Term 1,Week 12,Activity: Number Patterns: Skip Counting by 2s,Learners in pairs/groups to count in 2's and 5's forward and backward starting from any point. Learners in pairs/groups to count their fingers and toes in 2's and 10's. Learners in pairs/groups to discuss place value up to hundreds. Learners in pairs to read numbers 1-100 in symbols. Learners to read and write numbers 1-20 in words. Learners to play digital games involving whole numbers. Learners to work out missing numbers in patterns up to 100. Learners in pairs/groups to make number patterns ,1.2 Whole Numbers Quest,"Explore 1.2 whole numbers through interactive activities, hands-on practice, and real-life application.",What did you learn about number patterns: skip counting by 2s today? How can you use this in your daily life?,10,1,30,Developing,How do we get the next number in a pattern?,Learners in pairs/groups to count in 2's and 5's forward and backward starting from any point. Learners in pairs/groups to count their fingers and toes in 2's and 10's. Learners in pairs/groups to discuss place value up to hundreds. Learners in pairs to read numbers 1-100 in symbols. Learners to read and write numbers 1-20 in words. Learners to play digital games involving whole numbers. Learners to work out missing numbers in patterns up to 100. Learners in pairs/groups to make number patterns and share.,"Oral questions, written exercise, observation","Respect, Responsibility","Communication and Collaboration, Critical Thinking and Problem Solving, Digital Literacy",Citizenship: leadership - as learners work in groups,KICD Lower Primary Curriculum Designs Vol.2 (Aug 2017),Page 31-32,HIGH — official KICD curriculum document,DRAFT,NEW,LOW — sourced from official KICD document,"Source: KICD Lower Primary Curriculum Designs Vol.2, page 31-32. 20 lessons allocated for this sub-strand."
2,Mathematical Activities,Numbers,1.2 Whole Numbers,"By the end of the lesson, the learner should be able to: appreciate number patterns as they skip on the number line",Number Patterns: Skip Counting by 5s,Term 1,Week 12,Activity: Number Patterns: Skip Counting by 5s,Learners in pairs/groups to count in 2's and 5's forward and backward starting from any point. Learners in pairs/groups to count their fingers and toes in 2's and 10's. Learners in pairs/groups to discuss place value up to hundreds. Learners in pairs to read numbers 1-100 in symbols. Learners to read and write numbers 1-20 in words. Learners to play digital games involving whole numbers. Learners to work out missing numbers in patterns up to 100. Learners in pairs/groups to make number patterns ,1.2 Whole Numbers Quest,"Explore 1.2 whole numbers through interactive activities, hands-on practice, and real-life application.",What did you learn about number patterns: skip counting by 5s today? How can you use this in your daily life?,10,1,30,Developing,How do we get the next number in a pattern?,Learners in pairs/groups to count in 2's and 5's forward and backward starting from any point. Learners in pairs/groups to count their fingers and toes in 2's and 10's. Learners in pairs/groups to discuss place value up to hundreds. Learners in pairs to read numbers 1-100 in symbols. Learners to read and write numbers 1-20 in words. Learners to play digital games involving whole numbers. Learners to work out missing numbers in patterns up to 100. Learners in pairs/groups to make number patterns and share.,"Oral questions, written exercise, observation","Respect, Responsibility","Communication and Collaboration, Critical Thinking and Problem Solving, Digital Literacy",Citizenship: leadership - as learners work in groups,KICD Lower Primary Curriculum Designs Vol.2 (Aug 2017),Page 31-32,HIGH — official KICD curriculum document,DRAFT,NEW,LOW — sourced from official KICD document,"Source: KICD Lower Primary Curriculum Designs Vol.2, page 31-32. 20 lessons allocated for this sub-strand."
2,Mathematical Activities,Numbers,1.2 Whole Numbers,"By the end of the lesson, the learner should be able to: appreciate number patterns as they skip on the number line",Number Patterns: Skip Counting by 10s,Term 1,Week 12,Activity: Number Patterns: Skip Counting by 10s,Learners in pairs/groups to count in 2's and 5's forward and backward starting from any point. Learners in pairs/groups to count their fingers and toes in 2's and 10's. Learners in pairs/groups to discuss place value up to hundreds. Learners in pairs to read numbers 1-100 in symbols. Learners to read and write numbers 1-20 in words. Learners to play digital games involving whole numbers. Learners to work out missing numbers in patterns up to 100. Learners in pairs/groups to make number patterns ,1.2 Whole Numbers Quest,"Explore 1.2 whole numbers through interactive activities, hands-on practice, and real-life application.",What did you learn about number patterns: skip counting by 10s today? How can you use this in your daily life?,10,1,30,Developing,How do we get the next number in a pattern?,Learners in pairs/groups to count in 2's and 5's forward and backward starting from any point. Learners in pairs/groups to count their fingers and toes in 2's and 10's. Learners in pairs/groups to discuss place value up to hundreds. Learners in pairs to read numbers 1-100 in symbols. Learners to read and write numbers 1-20 in words. Learners to play digital games involving whole numbers. Learners to work out missing numbers in patterns up to 100. Learners in pairs/groups to make number patterns and share.,"Oral questions, written exercise, observation","Respect, Responsibility","Communication and Collaboration, Critical Thinking and Problem Solving, Digital Literacy",Citizenship: leadership - as learners work in groups,KICD Lower Primary Curriculum Designs Vol.2 (Aug 2017),Page 31-32,HIGH — official KICD curriculum document,DRAFT,NEW,LOW — sourced from official KICD document,"Source: KICD Lower Primary Curriculum Designs Vol.2, page 31-32. 20 lessons allocated for this sub-strand."
2,Mathematical Activities,Numbers,1.2 Whole Numbers,"By the end of the lesson, the learner should be able to: appreciate number patterns as they skip on the number line",Number Patterns: Creating Patterns,Term 1,Week 12,Activity: Number Patterns: Creating Patterns,Learners in pairs/groups to count in 2's and 5's forward and backward starting from any point. Learners in pairs/groups to count their fingers and toes in 2's and 10's. Learners in pairs/groups to discuss place value up to hundreds. Learners in pairs to read numbers 1-100 in symbols. Learners to read and write numbers 1-20 in words. Learners to play digital games involving whole numbers. Learners to work out missing numbers in patterns up to 100. Learners in pairs/groups to make number patterns ,1.2 Whole Numbers Quest,"Explore 1.2 whole numbers through interactive activities, hands-on practice, and real-life application.",What did you learn about number patterns: creating patterns today? How can you use this in your daily life?,10,1,30,Developing,How do we get the next number in a pattern?,Learners in pairs/groups to count in 2's and 5's forward and backward starting from any point. Learners in pairs/groups to count their fingers and toes in 2's and 10's. Learners in pairs/groups to discuss place value up to hundreds. Learners in pairs to read numbers 1-100 in symbols. Learners to read and write numbers 1-20 in words. Learners to play digital games involving whole numbers. Learners to work out missing numbers in patterns up to 100. Learners in pairs/groups to make number patterns and share.,"Oral questions, written exercise, observation","Respect, Responsibility","Communication and Collaboration, Critical Thinking and Problem Solving, Digital Literacy",Citizenship: leadership - as learners work in groups,KICD Lower Primary Curriculum Designs Vol.2 (Aug 2017),Page 31-32,HIGH — official KICD curriculum document,DRAFT,NEW,LOW — sourced from official KICD document,"Source: KICD Lower Primary Curriculum Designs Vol.2, page 31-32. 20 lessons allocated for this sub-strand."
2,Mathematical Activities,Numbers,1.2 Whole Numbers,"By the end of the lesson, the learner should be able to: appreciate number patterns as they skip on the number line",Number Line: Counting Forward,Term 1,Week 12,Activity: Number Line: Counting Forward,Learners in pairs/groups to count in 2's and 5's forward and backward starting from any point. Learners in pairs/groups to count their fingers and toes in 2's and 10's. Learners in pairs/groups to discuss place value up to hundreds. Learners in pairs to read numbers 1-100 in symbols. Learners to read and write numbers 1-20 in words. Learners to play digital games involving whole numbers. Learners to work out missing numbers in patterns up to 100. Learners in pairs/groups to make number patterns ,1.2 Whole Numbers Quest,"Explore 1.2 whole numbers through interactive activities, hands-on practice, and real-life application.",What did you learn about number line: counting forward today? How can you use this in your daily life?,10,1,30,Developing,How do we get the next number in a pattern?,Learners in pairs/groups to count in 2's and 5's forward and backward starting from any point. Learners in pairs/groups to count their fingers and toes in 2's and 10's. Learners in pairs/groups to discuss place value up to hundreds. Learners in pairs to read numbers 1-100 in symbols. Learners to read and write numbers 1-20 in words. Learners to play digital games involving whole numbers. Learners to work out missing numbers in patterns up to 100. Learners in pairs/groups to make number patterns and share.,"Oral questions, written exercise, observation","Respect, Responsibility","Communication and Collaboration, Critical Thinking and Problem Solving, Digital Literacy",Citizenship: leadership - as learners work in groups,KICD Lower Primary Curriculum Designs Vol.2 (Aug 2017),Page 31-32,HIGH — official KICD curriculum document,DRAFT,NEW,LOW — sourced from official KICD document,"Source: KICD Lower Primary Curriculum Designs Vol.2, page 31-32. 20 lessons allocated for this sub-strand."
2,Mathematical Activities,Numbers,1.2 Whole Numbers,"By the end of the lesson, the learner should be able to: appreciate number patterns as they skip on the number line",Number Line: Counting Backward,Term 1,Week 12,Activity: Number Line: Counting Backward,Learners in pairs/groups to count in 2's and 5's forward and backward starting from any point. Learners in pairs/groups to count their fingers and toes in 2's and 10's. Learners in pairs/groups to discuss place value up to hundreds. Learners in pairs to read numbers 1-100 in symbols. Learners to read and write numbers 1-20 in words. Learners to play digital games involving whole numbers. Learners to work out missing numbers in patterns up to 100. Learners in pairs/groups to make number patterns ,1.2 Whole Numbers Quest,"Explore 1.2 whole numbers through interactive activities, hands-on practice, and real-life application.",What did you learn about number line: counting backward today? How can you use this in your daily life?,10,1,30,Developing,How do we get the next number in a pattern?,Learners in pairs/groups to count in 2's and 5's forward and backward starting from any point. Learners in pairs/groups to count their fingers and toes in 2's and 10's. Learners in pairs/groups to discuss place value up to hundreds. Learners in pairs to read numbers 1-100 in symbols. Learners to read and write numbers 1-20 in words. Learners to play digital games involving whole numbers. Learners to work out missing numbers in patterns up to 100. Learners in pairs/groups to make number patterns and share.,"Oral questions, written exercise, observation","Respect, Responsibility","Communication and Collaboration, Critical Thinking and Problem Solving, Digital Literacy",Citizenship: leadership - as learners work in groups,KICD Lower Primary Curriculum Designs Vol.2 (Aug 2017),Page 31-32,HIGH — official KICD curriculum document,DRAFT,NEW,LOW — sourced from official KICD document,"Source: KICD Lower Primary Curriculum Designs Vol.2, page 31-32. 20 lessons allocated for this sub-strand."
2,Mathematical Activities,Numbers,1.2 Whole Numbers,"By the end of the lesson, the learner should be able to: appreciate number patterns as they skip on the number line",Number Line: Skip Counting,Term 1,Week 12,Activity: Number Line: Skip Counting,Learners in pairs/groups to count in 2's and 5's forward and backward starting from any point. Learners in pairs/groups to count their fingers and toes in 2's and 10's. Learners in pairs/groups to discuss place value up to hundreds. Learners in pairs to read numbers 1-100 in symbols. Learners to read and write numbers 1-20 in words. Learners to play digital games involving whole numbers. Learners to work out missing numbers in patterns up to 100. Learners in pairs/groups to make number patterns ,1.2 Whole Numbers Quest,"Explore 1.2 whole numbers through interactive activities, hands-on practice, and real-life application.",What did you learn about number line: skip counting today? How can you use this in your daily life?,10,1,30,Developing,How do we get the next number in a pattern?,Learners in pairs/groups to count in 2's and 5's forward and backward starting from any point. Learners in pairs/groups to count their fingers and toes in 2's and 10's. Learners in pairs/groups to discuss place value up to hundreds. Learners in pairs to read numbers 1-100 in symbols. Learners to read and write numbers 1-20 in words. Learners to play digital games involving whole numbers. Learners to work out missing numbers in patterns up to 100. Learners in pairs/groups to make number patterns and share.,"Oral questions, written exercise, observation","Respect, Responsibility","Communication and Collaboration, Critical Thinking and Problem Solving, Digital Literacy",Citizenship: leadership - as learners work in groups,KICD Lower Primary Curriculum Designs Vol.2 (Aug 2017),Page 31-32,HIGH — official KICD curriculum document,DRAFT,NEW,LOW — sourced from official KICD document,"Source: KICD Lower Primary Curriculum Designs Vol.2, page 31-32. 20 lessons allocated for this sub-strand."
2,Mathematical Activities,Numbers,1.2 Whole Numbers,"By the end of the lesson, the learner should be able to: appreciate number patterns as they skip on the number line",Number Patterns: Extending Patterns,Term 1,Week 12,Activity: Number Patterns: Extending Patterns,Learners in pairs/groups to count in 2's and 5's forward and backward starting from any point. Learners in pairs/groups to count their fingers and toes in 2's and 10's. Learners in pairs/groups to discuss place value up to hundreds. Learners in pairs to read numbers 1-100 in symbols. Learners to read and write numbers 1-20 in words. Learners to play digital games involving whole numbers. Learners to work out missing numbers in patterns up to 100. Learners in pairs/groups to make number patterns ,1.2 Whole Numbers Quest,"Explore 1.2 whole numbers through interactive activities, hands-on practice, and real-life application.",What did you learn about number patterns: extending patterns today? How can you use this in your daily life?,10,1,30,Developing,How do we get the next number in a pattern?,Learners in pairs/groups to count in 2's and 5's forward and backward starting from any point. Learners in pairs/groups to count their fingers and toes in 2's and 10's. Learners in pairs/groups to discuss place value up to hundreds. Learners in pairs to read numbers 1-100 in symbols. Learners to read and write numbers 1-20 in words. Learners to play digital games involving whole numbers. Learners to work out missing numbers in patterns up to 100. Learners in pairs/groups to make number patterns and share.,"Oral questions, written exercise, observation","Respect, Responsibility","Communication and Collaboration, Critical Thinking and Problem Solving, Digital Literacy",Citizenship: leadership - as learners work in groups,KICD Lower Primary Curriculum Designs Vol.2 (Aug 2017),Page 31-32,HIGH — official KICD curriculum document,DRAFT,NEW,LOW — sourced from official KICD document,"Source: KICD Lower Primary Curriculum Designs Vol.2, page 31-32. 20 lessons allocated for this sub-strand."
2,Mathematical Activities,Numbers,1.3 Fractions,"By the end of the lesson, the learner should be able to: identify 1/2 as part of a whole",Introduction to Halves Using Circular Cut-outs,Term 1,Week 12,Activity: Introduction to Halves Using Circular Cut-outs,Learners in pairs to make circular paper cut-outs. Learners in pairs to fold the circular paper cut-outs into two equal parts and identify one of the parts as a half of the whole written as 1/2. Learners in pairs to make rectangular paper cut-outs and fold them into two equal parts to get a half. Learners in pairs to fold circular paper cut-outs to get 4 equal parts and identify one of the parts as 1/4 of a whole. Learners to play digital games involving fractions. Learners in pairs to practice ,1.3 Fractions Quest,"Explore 1.3 fractions through interactive activities, hands-on practice, and real-life application.",What did you learn about introduction to halves using circular cut-outs today? How can you use this in your daily life?,10,1,30,Developing,What fraction do you get when you fold a circular paper cut-out into 4 equal parts?,Learners in pairs to make circular paper cut-outs. Learners in pairs to fold the circular paper cut-outs into two equal parts and identify one of the parts as a half of the whole written as 1/2. Learners in pairs to make rectangular paper cut-outs and fold them into two equal parts to get a half. Learners in pairs to fold circular paper cut-outs to get 4 equal parts and identify one of the parts as 1/4 of a whole. Learners to play digital games involving fractions. Learners in pairs to practice making halves and quarters of a whole.,"Oral questions, written exercise, observation","Unity, Integrity, Responsibility","Imagination and Creativity, Communication and Collaboration, Critical Thinking and Problem Solving, Digital Literacy",Life skills: interpersonal relationship - making friends,KICD Lower Primary Curriculum Designs Vol.2 (Aug 2017),Page 33-34,HIGH — official KICD curriculum document,DRAFT,NEW,LOW — sourced from official KICD document,"Source: KICD Lower Primary Curriculum Designs Vol.2, page 33-34. 12 lessons allocated for this sub-strand."
2,Mathematical Activities,Numbers,1.3 Fractions,"By the end of the lesson, the learner should be able to: identify 1/4 as part of a whole",Introduction to Halves Using Rectangular Cut-outs,Term 1,Week 12,Activity: Introduction to Halves Using Rectangular Cut-outs,Learners in pairs to make circular paper cut-outs. Learners in pairs to fold the circular paper cut-outs into two equal parts and identify one of the parts as a half of the whole written as 1/2. Learners in pairs to make rectangular paper cut-outs and fold them into two equal parts to get a half. Learners in pairs to fold circular paper cut-outs to get 4 equal parts and identify one of the parts as 1/4 of a whole. Learners to play digital games involving fractions. Learners in pairs to practice ,1.3 Fractions Quest,"Explore 1.3 fractions through interactive activities, hands-on practice, and real-life application.",What did you learn about introduction to halves using rectangular cut-outs today? How can you use this in your daily life?,10,1,30,Developing,What fraction do you get when you fold a circular paper cut-out into 4 equal parts?,Learners in pairs to make circular paper cut-outs. Learners in pairs to fold the circular paper cut-outs into two equal parts and identify one of the parts as a half of the whole written as 1/2. Learners in pairs to make rectangular paper cut-outs and fold them into two equal parts to get a half. Learners in pairs to fold circular paper cut-outs to get 4 equal parts and identify one of the parts as 1/4 of a whole. Learners to play digital games involving fractions. Learners in pairs to practice making halves and quarters of a whole.,"Oral questions, written exercise, observation","Unity, Integrity, Responsibility","Imagination and Creativity, Communication and Collaboration, Critical Thinking and Problem Solving, Digital Literacy",Life skills: interpersonal relationship - making friends,KICD Lower Primary Curriculum Designs Vol.2 (Aug 2017),Page 33-34,HIGH — official KICD curriculum document,DRAFT,NEW,LOW — sourced from official KICD document,"Source: KICD Lower Primary Curriculum Designs Vol.2, page 33-34. 12 lessons allocated for this sub-strand."
2,Mathematical Activities,Numbers,1.3 Fractions,"By the end of the lesson, the learner should be able to: identify 1/4 as part of a whole",Identifying 1/2 in Everyday Objects,Term 1,Week 12,Activity: Identifying 1/2 in Everyday Objects,Learners in pairs to make circular paper cut-outs. Learners in pairs to fold the circular paper cut-outs into two equal parts and identify one of the parts as a half of the whole written as 1/2. Learners in pairs to make rectangular paper cut-outs and fold them into two equal parts to get a half. Learners in pairs to fold circular paper cut-outs to get 4 equal parts and identify one of the parts as 1/4 of a whole. Learners to play digital games involving fractions. Learners in pairs to practice ,1.3 Fractions Quest,"Explore 1.3 fractions through interactive activities, hands-on practice, and real-life application.",What did you learn about identifying 1/2 in everyday objects today? How can you use this in your daily life?,10,1,30,Developing,What fraction do you get when you fold a circular paper cut-out into 4 equal parts?,Learners in pairs to make circular paper cut-outs. Learners in pairs to fold the circular paper cut-outs into two equal parts and identify one of the parts as a half of the whole written as 1/2. Learners in pairs to make rectangular paper cut-outs and fold them into two equal parts to get a half. Learners in pairs to fold circular paper cut-outs to get 4 equal parts and identify one of the parts as 1/4 of a whole. Learners to play digital games involving fractions. Learners in pairs to practice making halves and quarters of a whole.,"Oral questions, written exercise, observation","Unity, Integrity, Responsibility","Imagination and Creativity, Communication and Collaboration, Critical Thinking and Problem Solving, Digital Literacy",Life skills: interpersonal relationship - making friends,KICD Lower Primary Curriculum Designs Vol.2 (Aug 2017),Page 33-34,HIGH — official KICD curriculum document,DRAFT,NEW,LOW — sourced from official KICD document,"Source: KICD Lower Primary Curriculum Designs Vol.2, page 33-34. 12 lessons allocated for this sub-strand."
2,Mathematical Activities,Numbers,1.3 Fractions,"By the end of the lesson, the learner should be able to: identify 1/4 as part of a whole",Introduction to Quarters Using Circular Cut-outs,Term 1,Week 12,Activity: Introduction to Quarters Using Circular Cut-outs,Learners in pairs to make circular paper cut-outs. Learners in pairs to fold the circular paper cut-outs into two equal parts and identify one of the parts as a half of the whole written as 1/2. Learners in pairs to make rectangular paper cut-outs and fold them into two equal parts to get a half. Learners in pairs to fold circular paper cut-outs to get 4 equal parts and identify one of the parts as 1/4 of a whole. Learners to play digital games involving fractions. Learners in pairs to practice ,1.3 Fractions Quest,"Explore 1.3 fractions through interactive activities, hands-on practice, and real-life application.",What did you learn about introduction to quarters using circular cut-outs today? How can you use this in your daily life?,10,1,30,Developing,What fraction do you get when you fold a circular paper cut-out into 4 equal parts?,Learners in pairs to make circular paper cut-outs. Learners in pairs to fold the circular paper cut-outs into two equal parts and identify one of the parts as a half of the whole written as 1/2. Learners in pairs to make rectangular paper cut-outs and fold them into two equal parts to get a half. Learners in pairs to fold circular paper cut-outs to get 4 equal parts and identify one of the parts as 1/4 of a whole. Learners to play digital games involving fractions. Learners in pairs to practice making halves and quarters of a whole.,"Oral questions, written exercise, observation","Unity, Integrity, Responsibility","Imagination and Creativity, Communication and Collaboration, Critical Thinking and Problem Solving, Digital Literacy",Life skills: interpersonal relationship - making friends,KICD Lower Primary Curriculum Designs Vol.2 (Aug 2017),Page 33-34,HIGH — official KICD curriculum document,DRAFT,NEW,LOW — sourced from official KICD document,"Source: KICD Lower Primary Curriculum Designs Vol.2, page 33-34. 12 lessons allocated for this sub-strand."
2,Mathematical Activities,Numbers,1.3 Fractions,"By the end of the lesson, the learner should be able to: identify 1/4 as part of a whole",Introduction to Quarters Using Rectangular Cut-outs,Term 1,Week 12,Activity: Introduction to Quarters Using Rectangular Cut-outs,Learners in pairs to make circular paper cut-outs. Learners in pairs to fold the circular paper cut-outs into two equal parts and identify one of the parts as a half of the whole written as 1/2. Learners in pairs to make rectangular paper cut-outs and fold them into two equal parts to get a half. Learners in pairs to fold circular paper cut-outs to get 4 equal parts and identify one of the parts as 1/4 of a whole. Learners to play digital games involving fractions. Learners in pairs to practice ,1.3 Fractions Quest,"Explore 1.3 fractions through interactive activities, hands-on practice, and real-life application.",What did you learn about introduction to quarters using rectangular cut-outs today? How can you use this in your daily life?,10,1,30,Developing,What fraction do you get when you fold a circular paper cut-out into 4 equal parts?,Learners in pairs to make circular paper cut-outs. Learners in pairs to fold the circular paper cut-outs into two equal parts and identify one of the parts as a half of the whole written as 1/2. Learners in pairs to make rectangular paper cut-outs and fold them into two equal parts to get a half. Learners in pairs to fold circular paper cut-outs to get 4 equal parts and identify one of the parts as 1/4 of a whole. Learners to play digital games involving fractions. Learners in pairs to practice making halves and quarters of a whole.,"Oral questions, written exercise, observation","Unity, Integrity, Responsibility","Imagination and Creativity, Communication and Collaboration, Critical Thinking and Problem Solving, Digital Literacy",Life skills: interpersonal relationship - making friends,KICD Lower Primary Curriculum Designs Vol.2 (Aug 2017),Page 33-34,HIGH — official KICD curriculum document,DRAFT,NEW,LOW — sourced from official KICD document,"Source: KICD Lower Primary Curriculum Designs Vol.2, page 33-34. 12 lessons allocated for this sub-strand."
2,Mathematical Activities,Numbers,1.3 Fractions,"By the end of the lesson, the learner should be able to: identify 1/4 as part of a whole",Identifying 1/4 in Everyday Objects,Term 1,Week 12,Activity: Identifying 1/4 in Everyday Objects,Learners in pairs to make circular paper cut-outs. Learners in pairs to fold the circular paper cut-outs into two equal parts and identify one of the parts as a half of the whole written as 1/2. Learners in pairs to make rectangular paper cut-outs and fold them into two equal parts to get a half. Learners in pairs to fold circular paper cut-outs to get 4 equal parts and identify one of the parts as 1/4 of a whole. Learners to play digital games involving fractions. Learners in pairs to practice ,1.3 Fractions Quest,"Explore 1.3 fractions through interactive activities, hands-on practice, and real-life application.",What did you learn about identifying 1/4 in everyday objects today? How can you use this in your daily life?,10,1,30,Developing,What fraction do you get when you fold a circular paper cut-out into 4 equal parts?,Learners in pairs to make circular paper cut-outs. Learners in pairs to fold the circular paper cut-outs into two equal parts and identify one of the parts as a half of the whole written as 1/2. Learners in pairs to make rectangular paper cut-outs and fold them into two equal parts to get a half. Learners in pairs to fold circular paper cut-outs to get 4 equal parts and identify one of the parts as 1/4 of a whole. Learners to play digital games involving fractions. Learners in pairs to practice making halves and quarters of a whole.,"Oral questions, written exercise, observation","Unity, Integrity, Responsibility","Imagination and Creativity, Communication and Collaboration, Critical Thinking and Problem Solving, Digital Literacy",Life skills: interpersonal relationship - making friends,KICD Lower Primary Curriculum Designs Vol.2 (Aug 2017),Page 33-34,HIGH — official KICD curriculum document,DRAFT,NEW,LOW — sourced from official KICD document,"Source: KICD Lower Primary Curriculum Designs Vol.2, page 33-34. 12 lessons allocated for this sub-strand."
2,Mathematical Activities,Numbers,1.3 Fractions,"By the end of the lesson, the learner should be able to: identify 1/4 as part of a whole",Comparing Fractions: 1/2 and 1/4,Term 1,Week 12,Activity: Comparing Fractions: 1/2 and 1/4,Learners in pairs to make circular paper cut-outs. Learners in pairs to fold the circular paper cut-outs into two equal parts and identify one of the parts as a half of the whole written as 1/2. Learners in pairs to make rectangular paper cut-outs and fold them into two equal parts to get a half. Learners in pairs to fold circular paper cut-outs to get 4 equal parts and identify one of the parts as 1/4 of a whole. Learners to play digital games involving fractions. Learners in pairs to practice ,1.3 Fractions Quest,"Explore 1.3 fractions through interactive activities, hands-on practice, and real-life application.",What did you learn about comparing fractions: 1/2 and 1/4 today? How can you use this in your daily life?,10,1,30,Developing,What fraction do you get when you fold a circular paper cut-out into 4 equal parts?,Learners in pairs to make circular paper cut-outs. Learners in pairs to fold the circular paper cut-outs into two equal parts and identify one of the parts as a half of the whole written as 1/2. Learners in pairs to make rectangular paper cut-outs and fold them into two equal parts to get a half. Learners in pairs to fold circular paper cut-outs to get 4 equal parts and identify one of the parts as 1/4 of a whole. Learners to play digital games involving fractions. Learners in pairs to practice making halves and quarters of a whole.,"Oral questions, written exercise, observation","Unity, Integrity, Responsibility","Imagination and Creativity, Communication and Collaboration, Critical Thinking and Problem Solving, Digital Literacy",Life skills: interpersonal relationship - making friends,KICD Lower Primary Curriculum Designs Vol.2 (Aug 2017),Page 33-34,HIGH — official KICD curriculum document,DRAFT,NEW,LOW — sourced from official KICD document,"Source: KICD Lower Primary Curriculum Designs Vol.2, page 33-34. 12 lessons allocated for this sub-strand."
2,Mathematical Activities,Numbers,1.3 Fractions,"By the end of the lesson, the learner should be able to: identify 1/4 as part of a whole",Fractions in Daily Life: Sharing Food,Term 1,Week 12,Activity: Fractions in Daily Life: Sharing Food,Learners in pairs to make circular paper cut-outs. Learners in pairs to fold the circular paper cut-outs into two equal parts and identify one of the parts as a half of the whole written as 1/2. Learners in pairs to make rectangular paper cut-outs and fold them into two equal parts to get a half. Learners in pairs to fold circular paper cut-outs to get 4 equal parts and identify one of the parts as 1/4 of a whole. Learners to play digital games involving fractions. Learners in pairs to practice ,1.3 Fractions Quest,"Explore 1.3 fractions through interactive activities, hands-on practice, and real-life application.",What did you learn about fractions in daily life: sharing food today? How can you use this in your daily life?,10,1,30,Developing,What fraction do you get when you fold a circular paper cut-out into 4 equal parts?,Learners in pairs to make circular paper cut-outs. Learners in pairs to fold the circular paper cut-outs into two equal parts and identify one of the parts as a half of the whole written as 1/2. Learners in pairs to make rectangular paper cut-outs and fold them into two equal parts to get a half. Learners in pairs to fold circular paper cut-outs to get 4 equal parts and identify one of the parts as 1/4 of a whole. Learners to play digital games involving fractions. Learners in pairs to practice making halves and quarters of a whole.,"Oral questions, written exercise, observation","Unity, Integrity, Responsibility","Imagination and Creativity, Communication and Collaboration, Critical Thinking and Problem Solving, Digital Literacy",Life skills: interpersonal relationship - making friends,KICD Lower Primary Curriculum Designs Vol.2 (Aug 2017),Page 33-34,HIGH — official KICD curriculum document,DRAFT,NEW,LOW — sourced from official KICD document,"Source: KICD Lower Primary Curriculum Designs Vol.2, page 33-34. 12 lessons allocated for this sub-strand."
2,Mathematical Activities,Numbers,1.3 Fractions,"By the end of the lesson, the learner should be able to: identify 1/4 as part of a whole",Making Patterns with Fractions,Term 1,Week 12,Activity: Making Patterns with Fractions,Learners in pairs to make circular paper cut-outs. Learners in pairs to fold the circular paper cut-outs into two equal parts and identify one of the parts as a half of the whole written as 1/2. Learners in pairs to make rectangular paper cut-outs and fold them into two equal parts to get a half. Learners in pairs to fold circular paper cut-outs to get 4 equal parts and identify one of the parts as 1/4 of a whole. Learners to play digital games involving fractions. Learners in pairs to practice ,1.3 Fractions Quest,"Explore 1.3 fractions through interactive activities, hands-on practice, and real-life application.",What did you learn about making patterns with fractions today? How can you use this in your daily life?,10,1,30,Developing,What fraction do you get when you fold a circular paper cut-out into 4 equal parts?,Learners in pairs to make circular paper cut-outs. Learners in pairs to fold the circular paper cut-outs into two equal parts and identify one of the parts as a half of the whole written as 1/2. Learners in pairs to make rectangular paper cut-outs and fold them into two equal parts to get a half. Learners in pairs to fold circular paper cut-outs to get 4 equal parts and identify one of the parts as 1/4 of a whole. Learners to play digital games involving fractions. Learners in pairs to practice making halves and quarters of a whole.,"Oral questions, written exercise, observation","Unity, Integrity, Responsibility","Imagination and Creativity, Communication and Collaboration, Critical Thinking and Problem Solving, Digital Literacy",Life skills: interpersonal relationship - making friends,KICD Lower Primary Curriculum Designs Vol.2 (Aug 2017),Page 33-34,HIGH — official KICD curriculum document,DRAFT,NEW,LOW — sourced from official KICD document,"Source: KICD Lower Primary Curriculum Designs Vol.2, page 33-34. 12 lessons allocated for this sub-strand."
2,Mathematical Activities,Numbers,1.3 Fractions,"By the end of the lesson, the learner should be able to: identify 1/4 as part of a whole",Digital Games with Fractions,Term 1,Week 12,Activity: Digital Games with Fractions,Learners in pairs to make circular paper cut-outs. Learners in pairs to fold the circular paper cut-outs into two equal parts and identify one of the parts as a half of the whole written as 1/2. Learners in pairs to make rectangular paper cut-outs and fold them into two equal parts to get a half. Learners in pairs to fold circular paper cut-outs to get 4 equal parts and identify one of the parts as 1/4 of a whole. Learners to play digital games involving fractions. Learners in pairs to practice ,1.3 Fractions Quest,"Explore 1.3 fractions through interactive activities, hands-on practice, and real-life application.",What did you learn about digital games with fractions today? How can you use this in your daily life?,10,1,30,Developing,What fraction do you get when you fold a circular paper cut-out into 4 equal parts?,Learners in pairs to make circular paper cut-outs. Learners in pairs to fold the circular paper cut-outs into two equal parts and identify one of the parts as a half of the whole written as 1/2. Learners in pairs to make rectangular paper cut-outs and fold them into two equal parts to get a half. Learners in pairs to fold circular paper cut-outs to get 4 equal parts and identify one of the parts as 1/4 of a whole. Learners to play digital games involving fractions. Learners in pairs to practice making halves and quarters of a whole.,"Oral questions, written exercise, observation","Unity, Integrity, Responsibility","Imagination and Creativity, Communication and Collaboration, Critical Thinking and Problem Solving, Digital Literacy",Life skills: interpersonal relationship - making friends,KICD Lower Primary Curriculum Designs Vol.2 (Aug 2017),Page 33-34,HIGH — official KICD curriculum document,DRAFT,NEW,LOW — sourced from official KICD document,"Source: KICD Lower Primary Curriculum Designs Vol.2, page 33-34. 12 lessons allocated for this sub-strand."
2,Mathematical Activities,Numbers,1.3 Fractions,"By the end of the lesson, the learner should be able to: identify 1/4 as part of a whole",Fractions: Practice and Application,Term 1,Week 12,Activity: Fractions: Practice and Application,Learners in pairs to make circular paper cut-outs. Learners in pairs to fold the circular paper cut-outs into two equal parts and identify one of the parts as a half of the whole written as 1/2. Learners in pairs to make rectangular paper cut-outs and fold them into two equal parts to get a half. Learners in pairs to fold circular paper cut-outs to get 4 equal parts and identify one of the parts as 1/4 of a whole. Learners to play digital games involving fractions. Learners in pairs to practice ,1.3 Fractions Quest,"Explore 1.3 fractions through interactive activities, hands-on practice, and real-life application.",What did you learn about fractions: practice and application today? How can you use this in your daily life?,10,1,30,Developing,What fraction do you get when you fold a circular paper cut-out into 4 equal parts?,Learners in pairs to make circular paper cut-outs. Learners in pairs to fold the circular paper cut-outs into two equal parts and identify one of the parts as a half of the whole written as 1/2. Learners in pairs to make rectangular paper cut-outs and fold them into two equal parts to get a half. Learners in pairs to fold circular paper cut-outs to get 4 equal parts and identify one of the parts as 1/4 of a whole. Learners to play digital games involving fractions. Learners in pairs to practice making halves and quarters of a whole.,"Oral questions, written exercise, observation","Unity, Integrity, Responsibility","Imagination and Creativity, Communication and Collaboration, Critical Thinking and Problem Solving, Digital Literacy",Life skills: interpersonal relationship - making friends,KICD Lower Primary Curriculum Designs Vol.2 (Aug 2017),Page 33-34,HIGH — official KICD curriculum document,DRAFT,NEW,LOW — sourced from official KICD document,"Source: KICD Lower Primary Curriculum Designs Vol.2, page 33-34. 12 lessons allocated for this sub-strand."
2,Mathematical Activities,Numbers,1.3 Fractions,"By the end of the lesson, the learner should be able to: identify 1/4 as part of a whole",Fractions: Assessment and Reflection,Term 1,Week 12,Activity: Fractions: Assessment and Reflection,Learners in pairs to make circular paper cut-outs. Learners in pairs to fold the circular paper cut-outs into two equal parts and identify one of the parts as a half of the whole written as 1/2. Learners in pairs to make rectangular paper cut-outs and fold them into two equal parts to get a half. Learners in pairs to fold circular paper cut-outs to get 4 equal parts and identify one of the parts as 1/4 of a whole. Learners to play digital games involving fractions. Learners in pairs to practice ,1.3 Fractions Quest,"Explore 1.3 fractions through interactive activities, hands-on practice, and real-life application.",What did you learn about fractions: assessment and reflection today? How can you use this in your daily life?,10,1,30,Developing,What fraction do you get when you fold a circular paper cut-out into 4 equal parts?,Learners in pairs to make circular paper cut-outs. Learners in pairs to fold the circular paper cut-outs into two equal parts and identify one of the parts as a half of the whole written as 1/2. Learners in pairs to make rectangular paper cut-outs and fold them into two equal parts to get a half. Learners in pairs to fold circular paper cut-outs to get 4 equal parts and identify one of the parts as 1/4 of a whole. Learners to play digital games involving fractions. Learners in pairs to practice making halves and quarters of a whole.,"Oral questions, written exercise, observation","Unity, Integrity, Responsibility","Imagination and Creativity, Communication and Collaboration, Critical Thinking and Problem Solving, Digital Literacy",Life skills: interpersonal relationship - making friends,KICD Lower Primary Curriculum Designs Vol.2 (Aug 2017),Page 33-34,HIGH — official KICD curriculum document,DRAFT,NEW,LOW — sourced from official KICD document,"Source: KICD Lower Primary Curriculum Designs Vol.2, page 33-34. 12 lessons allocated for this sub-strand."
2,Mathematical Activities,Numbers,1.4 Addition,"By the end of the lesson, the learner should be able to: add a 2-digit number to a 1-digit number without and with regrouping with sum not exceeding 100",Adding Single Digit Numbers Horizontally,Term 1,Week 12,Activity: Adding Single Digit Numbers Horizontally,Learners in pairs to write addition sentences given in horizontal form vertically according to place value. Learners to add a 2-digit number to a 1-digit number without and with regrouping. Learners to practice addition by skipping on the number line. Learners in pairs/groups to collect different safe objects and use them in addition of 3-single digit numbers. Learners in pairs/groups to practice breaking numbers apart to make a 10. Learners in pairs to come up with different ways of adding two ,1.4 Addition Quest,"Explore 1.4 addition through interactive activities, hands-on practice, and real-life application.",What did you learn about adding single digit numbers horizontally today? How can you use this in your daily life?,10,1,30,Developing,How can we align a 2-digit number and a 1-digit number vertically in order to add? When do we regroup?,Learners in pairs to write addition sentences given in horizontal form vertically according to place value. Learners to add a 2-digit number to a 1-digit number without and with regrouping. Learners to practice addition by skipping on the number line. Learners in pairs/groups to collect different safe objects and use them in addition of 3-single digit numbers. Learners in pairs/groups to practice breaking numbers apart to make a 10. Learners in pairs to come up with different ways of adding two 2-digit numbers without and with regrouping. Learners to play digital games involving addition. Learners in groups to make patterns using numbers up to 100.,"Oral questions, written exercises, observation","Respect, Responsibility, Unity","Communication and Collaboration, Critical Thinking and Problem Solving, Digital Literacy",ESD: DRR; safety - as learners collect objects; Citizenship: social cohesion - when working in groups,KICD Lower Primary Curriculum Designs Vol.2 (Aug 2017),Page 34-35,HIGH — official KICD curriculum document,DRAFT,NEW,LOW — sourced from official KICD document,"Source: KICD Lower Primary Curriculum Designs Vol.2, page 34-35. 20 lessons allocated for this sub-strand."
2,Mathematical Activities,Numbers,1.4 Addition,"By the end of the lesson, the learner should be able to: add 3-single digit numbers up to a sum of 20",Adding Single Digit Numbers Vertically,Term 1,Week 12,Activity: Adding Single Digit Numbers Vertically,Learners in pairs to write addition sentences given in horizontal form vertically according to place value. Learners to add a 2-digit number to a 1-digit number without and with regrouping. Learners to practice addition by skipping on the number line. Learners in pairs/groups to collect different safe objects and use them in addition of 3-single digit numbers. Learners in pairs/groups to practice breaking numbers apart to make a 10. Learners in pairs to come up with different ways of adding two ,1.4 Addition Quest,"Explore 1.4 addition through interactive activities, hands-on practice, and real-life application.",What did you learn about adding single digit numbers vertically today? How can you use this in your daily life?,10,1,30,Developing,How can we align a 2-digit number and a 1-digit number vertically in order to add? When do we regroup?,Learners in pairs to write addition sentences given in horizontal form vertically according to place value. Learners to add a 2-digit number to a 1-digit number without and with regrouping. Learners to practice addition by skipping on the number line. Learners in pairs/groups to collect different safe objects and use them in addition of 3-single digit numbers. Learners in pairs/groups to practice breaking numbers apart to make a 10. Learners in pairs to come up with different ways of adding two 2-digit numbers without and with regrouping. Learners to play digital games involving addition. Learners in groups to make patterns using numbers up to 100.,"Oral questions, written exercises, observation","Respect, Responsibility, Unity","Communication and Collaboration, Critical Thinking and Problem Solving, Digital Literacy",ESD: DRR; safety - as learners collect objects; Citizenship: social cohesion - when working in groups,KICD Lower Primary Curriculum Designs Vol.2 (Aug 2017),Page 34-35,HIGH — official KICD curriculum document,DRAFT,NEW,LOW — sourced from official KICD document,"Source: KICD Lower Primary Curriculum Designs Vol.2, page 34-35. 20 lessons allocated for this sub-strand."
2,Mathematical Activities,Numbers,1.4 Addition,"By the end of the lesson, the learner should be able to: add a 2-digit number to a 2-digit number without and with regrouping, with sum not exceeding 100",Adding 2-Digit and 1-Digit Numbers Without Regrouping,Term 1,Week 12,Activity: Adding 2-Digit and 1-Digit Numbers Without Regrouping,Learners in pairs to write addition sentences given in horizontal form vertically according to place value. Learners to add a 2-digit number to a 1-digit number without and with regrouping. Learners to practice addition by skipping on the number line. Learners in pairs/groups to collect different safe objects and use them in addition of 3-single digit numbers. Learners in pairs/groups to practice breaking numbers apart to make a 10. Learners in pairs to come up with different ways of adding two ,1.4 Addition Quest,"Explore 1.4 addition through interactive activities, hands-on practice, and real-life application.",What did you learn about adding 2-digit and 1-digit numbers without regrouping today? How can you use this in your daily life?,10,1,30,Developing,How can we align a 2-digit number and a 1-digit number vertically in order to add? When do we regroup?,Learners in pairs to write addition sentences given in horizontal form vertically according to place value. Learners to add a 2-digit number to a 1-digit number without and with regrouping. Learners to practice addition by skipping on the number line. Learners in pairs/groups to collect different safe objects and use them in addition of 3-single digit numbers. Learners in pairs/groups to practice breaking numbers apart to make a 10. Learners in pairs to come up with different ways of adding two 2-digit numbers without and with regrouping. Learners to play digital games involving addition. Learners in groups to make patterns using numbers up to 100.,"Oral questions, written exercises, observation","Respect, Responsibility, Unity","Communication and Collaboration, Critical Thinking and Problem Solving, Digital Literacy",ESD: DRR; safety - as learners collect objects; Citizenship: social cohesion - when working in groups,KICD Lower Primary Curriculum Designs Vol.2 (Aug 2017),Page 34-35,HIGH — official KICD curriculum document,DRAFT,NEW,LOW — sourced from official KICD document,"Source: KICD Lower Primary Curriculum Designs Vol.2, page 34-35. 20 lessons allocated for this sub-strand."
2,Mathematical Activities,Numbers,1.4 Addition,"By the end of the lesson, the learner should be able to: work out missing numbers in patterns involving addition of whole numbers up to 100",Adding 2-Digit and 1-Digit Numbers With Regrouping,Term 1,Week 12,Activity: Adding 2-Digit and 1-Digit Numbers With Regrouping,Learners in pairs to write addition sentences given in horizontal form vertically according to place value. Learners to add a 2-digit number to a 1-digit number without and with regrouping. Learners to practice addition by skipping on the number line. Learners in pairs/groups to collect different safe objects and use them in addition of 3-single digit numbers. Learners in pairs/groups to practice breaking numbers apart to make a 10. Learners in pairs to come up with different ways of adding two ,1.4 Addition Quest,"Explore 1.4 addition through interactive activities, hands-on practice, and real-life application.",What did you learn about adding 2-digit and 1-digit numbers with regrouping today? How can you use this in your daily life?,10,1,30,Developing,How can we align a 2-digit number and a 1-digit number vertically in order to add? When do we regroup?,Learners in pairs to write addition sentences given in horizontal form vertically according to place value. Learners to add a 2-digit number to a 1-digit number without and with regrouping. Learners to practice addition by skipping on the number line. Learners in pairs/groups to collect different safe objects and use them in addition of 3-single digit numbers. Learners in pairs/groups to practice breaking numbers apart to make a 10. Learners in pairs to come up with different ways of adding two 2-digit numbers without and with regrouping. Learners to play digital games involving addition. Learners in groups to make patterns using numbers up to 100.,"Oral questions, written exercises, observation","Respect, Responsibility, Unity","Communication and Collaboration, Critical Thinking and Problem Solving, Digital Literacy",ESD: DRR; safety - as learners collect objects; Citizenship: social cohesion - when working in groups,KICD Lower Primary Curriculum Designs Vol.2 (Aug 2017),Page 34-35,HIGH — official KICD curriculum document,DRAFT,NEW,LOW — sourced from official KICD document,"Source: KICD Lower Primary Curriculum Designs Vol.2, page 34-35. 20 lessons allocated for this sub-strand."
2,Mathematical Activities,Numbers,1.4 Addition,"By the end of the lesson, the learner should be able to: work out missing numbers in patterns involving addition of whole numbers up to 100",Adding Using the Number Line,Term 1,Week 12,Activity: Adding Using the Number Line,Learners in pairs to write addition sentences given in horizontal form vertically according to place value. Learners to add a 2-digit number to a 1-digit number without and with regrouping. Learners to practice addition by skipping on the number line. Learners in pairs/groups to collect different safe objects and use them in addition of 3-single digit numbers. Learners in pairs/groups to practice breaking numbers apart to make a 10. Learners in pairs to come up with different ways of adding two ,1.4 Addition Quest,"Explore 1.4 addition through interactive activities, hands-on practice, and real-life application.",What did you learn about adding using the number line today? How can you use this in your daily life?,10,1,30,Developing,How can we align a 2-digit number and a 1-digit number vertically in order to add? When do we regroup?,Learners in pairs to write addition sentences given in horizontal form vertically according to place value. Learners to add a 2-digit number to a 1-digit number without and with regrouping. Learners to practice addition by skipping on the number line. Learners in pairs/groups to collect different safe objects and use them in addition of 3-single digit numbers. Learners in pairs/groups to practice breaking numbers apart to make a 10. Learners in pairs to come up with different ways of adding two 2-digit numbers without and with regrouping. Learners to play digital games involving addition. Learners in groups to make patterns using numbers up to 100.,"Oral questions, written exercises, observation","Respect, Responsibility, Unity","Communication and Collaboration, Critical Thinking and Problem Solving, Digital Literacy",ESD: DRR; safety - as learners collect objects; Citizenship: social cohesion - when working in groups,KICD Lower Primary Curriculum Designs Vol.2 (Aug 2017),Page 34-35,HIGH — official KICD curriculum document,DRAFT,NEW,LOW — sourced from official KICD document,"Source: KICD Lower Primary Curriculum Designs Vol.2, page 34-35. 20 lessons allocated for this sub-strand."
2,Mathematical Activities,Numbers,1.4 Addition,"By the end of the lesson, the learner should be able to: work out missing numbers in patterns involving addition of whole numbers up to 100",Adding 3 Single Digit Numbers Horizontally,Term 1,Week 12,Activity: Adding 3 Single Digit Numbers Horizontally,Learners in pairs to write addition sentences given in horizontal form vertically according to place value. Learners to add a 2-digit number to a 1-digit number without and with regrouping. Learners to practice addition by skipping on the number line. Learners in pairs/groups to collect different safe objects and use them in addition of 3-single digit numbers. Learners in pairs/groups to practice breaking numbers apart to make a 10. Learners in pairs to come up with different ways of adding two ,1.4 Addition Quest,"Explore 1.4 addition through interactive activities, hands-on practice, and real-life application.",What did you learn about adding 3 single digit numbers horizontally today? How can you use this in your daily life?,10,1,30,Developing,How can we align a 2-digit number and a 1-digit number vertically in order to add? When do we regroup?,Learners in pairs to write addition sentences given in horizontal form vertically according to place value. Learners to add a 2-digit number to a 1-digit number without and with regrouping. Learners to practice addition by skipping on the number line. Learners in pairs/groups to collect different safe objects and use them in addition of 3-single digit numbers. Learners in pairs/groups to practice breaking numbers apart to make a 10. Learners in pairs to come up with different ways of adding two 2-digit numbers without and with regrouping. Learners to play digital games involving addition. Learners in groups to make patterns using numbers up to 100.,"Oral questions, written exercises, observation","Respect, Responsibility, Unity","Communication and Collaboration, Critical Thinking and Problem Solving, Digital Literacy",ESD: DRR; safety - as learners collect objects; Citizenship: social cohesion - when working in groups,KICD Lower Primary Curriculum Designs Vol.2 (Aug 2017),Page 34-35,HIGH — official KICD curriculum document,DRAFT,NEW,LOW — sourced from official KICD document,"Source: KICD Lower Primary Curriculum Designs Vol.2, page 34-35. 20 lessons allocated for this sub-strand."
2,Mathematical Activities,Numbers,1.4 Addition,"By the end of the lesson, the learner should be able to: work out missing numbers in patterns involving addition of whole numbers up to 100",Adding 3 Single Digit Numbers Vertically,Term 1,Week 12,Activity: Adding 3 Single Digit Numbers Vertically,Learners in pairs to write addition sentences given in horizontal form vertically according to place value. Learners to add a 2-digit number to a 1-digit number without and with regrouping. Learners to practice addition by skipping on the number line. Learners in pairs/groups to collect different safe objects and use them in addition of 3-single digit numbers. Learners in pairs/groups to practice breaking numbers apart to make a 10. Learners in pairs to come up with different ways of adding two ,1.4 Addition Quest,"Explore 1.4 addition through interactive activities, hands-on practice, and real-life application.",What did you learn about adding 3 single digit numbers vertically today? How can you use this in your daily life?,10,1,30,Developing,How can we align a 2-digit number and a 1-digit number vertically in order to add? When do we regroup?,Learners in pairs to write addition sentences given in horizontal form vertically according to place value. Learners to add a 2-digit number to a 1-digit number without and with regrouping. Learners to practice addition by skipping on the number line. Learners in pairs/groups to collect different safe objects and use them in addition of 3-single digit numbers. Learners in pairs/groups to practice breaking numbers apart to make a 10. Learners in pairs to come up with different ways of adding two 2-digit numbers without and with regrouping. Learners to play digital games involving addition. Learners in groups to make patterns using numbers up to 100.,"Oral questions, written exercises, observation","Respect, Responsibility, Unity","Communication and Collaboration, Critical Thinking and Problem Solving, Digital Literacy",ESD: DRR; safety - as learners collect objects; Citizenship: social cohesion - when working in groups,KICD Lower Primary Curriculum Designs Vol.2 (Aug 2017),Page 34-35,HIGH — official KICD curriculum document,DRAFT,NEW,LOW — sourced from official KICD document,"Source: KICD Lower Primary Curriculum Designs Vol.2, page 34-35. 20 lessons allocated for this sub-strand."
2,Mathematical Activities,Numbers,1.4 Addition,"By the end of the lesson, the learner should be able to: work out missing numbers in patterns involving addition of whole numbers up to 100",Breaking Numbers Apart to Make 10,Term 1,Week 12,Activity: Breaking Numbers Apart to Make 10,Learners in pairs to write addition sentences given in horizontal form vertically according to place value. Learners to add a 2-digit number to a 1-digit number without and with regrouping. Learners to practice addition by skipping on the number line. Learners in pairs/groups to collect different safe objects and use them in addition of 3-single digit numbers. Learners in pairs/groups to practice breaking numbers apart to make a 10. Learners in pairs to come up with different ways of adding two ,1.4 Addition Quest,"Explore 1.4 addition through interactive activities, hands-on practice, and real-life application.",What did you learn about breaking numbers apart to make 10 today? How can you use this in your daily life?,10,1,30,Developing,How can we align a 2-digit number and a 1-digit number vertically in order to add? When do we regroup?,Learners in pairs to write addition sentences given in horizontal form vertically according to place value. Learners to add a 2-digit number to a 1-digit number without and with regrouping. Learners to practice addition by skipping on the number line. Learners in pairs/groups to collect different safe objects and use them in addition of 3-single digit numbers. Learners in pairs/groups to practice breaking numbers apart to make a 10. Learners in pairs to come up with different ways of adding two 2-digit numbers without and with regrouping. Learners to play digital games involving addition. Learners in groups to make patterns using numbers up to 100.,"Oral questions, written exercises, observation","Respect, Responsibility, Unity","Communication and Collaboration, Critical Thinking and Problem Solving, Digital Literacy",ESD: DRR; safety - as learners collect objects; Citizenship: social cohesion - when working in groups,KICD Lower Primary Curriculum Designs Vol.2 (Aug 2017),Page 34-35,HIGH — official KICD curriculum document,DRAFT,NEW,LOW — sourced from official KICD document,"Source: KICD Lower Primary Curriculum Designs Vol.2, page 34-35. 20 lessons allocated for this sub-strand."
2,Mathematical Activities,Numbers,1.4 Addition,"By the end of the lesson, the learner should be able to: work out missing numbers in patterns involving addition of whole numbers up to 100",Word Problems: Single Digit Addition,Term 1,Week 12,Activity: Word Problems: Single Digit Addition,Learners in pairs to write addition sentences given in horizontal form vertically according to place value. Learners to add a 2-digit number to a 1-digit number without and with regrouping. Learners to practice addition by skipping on the number line. Learners in pairs/groups to collect different safe objects and use them in addition of 3-single digit numbers. Learners in pairs/groups to practice breaking numbers apart to make a 10. Learners in pairs to come up with different ways of adding two ,1.4 Addition Quest,"Explore 1.4 addition through interactive activities, hands-on practice, and real-life application.",What did you learn about word problems: single digit addition today? How can you use this in your daily life?,10,1,30,Developing,How can we align a 2-digit number and a 1-digit number vertically in order to add? When do we regroup?,Learners in pairs to write addition sentences given in horizontal form vertically according to place value. Learners to add a 2-digit number to a 1-digit number without and with regrouping. Learners to practice addition by skipping on the number line. Learners in pairs/groups to collect different safe objects and use them in addition of 3-single digit numbers. Learners in pairs/groups to practice breaking numbers apart to make a 10. Learners in pairs to come up with different ways of adding two 2-digit numbers without and with regrouping. Learners to play digital games involving addition. Learners in groups to make patterns using numbers up to 100.,"Oral questions, written exercises, observation","Respect, Responsibility, Unity","Communication and Collaboration, Critical Thinking and Problem Solving, Digital Literacy",ESD: DRR; safety - as learners collect objects; Citizenship: social cohesion - when working in groups,KICD Lower Primary Curriculum Designs Vol.2 (Aug 2017),Page 34-35,HIGH — official KICD curriculum document,DRAFT,NEW,LOW — sourced from official KICD document,"Source: KICD Lower Primary Curriculum Designs Vol.2, page 34-35. 20 lessons allocated for this sub-strand."
2,Mathematical Activities,Numbers,1.4 Addition,"By the end of the lesson, the learner should be able to: work out missing numbers in patterns involving addition of whole numbers up to 100",Word Problems: 2-Digit and 1-Digit Addition,Term 1,Week 12,Activity: Word Problems: 2-Digit and 1-Digit Addition,Learners in pairs to write addition sentences given in horizontal form vertically according to place value. Learners to add a 2-digit number to a 1-digit number without and with regrouping. Learners to practice addition by skipping on the number line. Learners in pairs/groups to collect different safe objects and use them in addition of 3-single digit numbers. Learners in pairs/groups to practice breaking numbers apart to make a 10. Learners in pairs to come up with different ways of adding two ,1.4 Addition Quest,"Explore 1.4 addition through interactive activities, hands-on practice, and real-life application.",What did you learn about word problems: 2-digit and 1-digit addition today? How can you use this in your daily life?,10,1,30,Developing,How can we align a 2-digit number and a 1-digit number vertically in order to add? When do we regroup?,Learners in pairs to write addition sentences given in horizontal form vertically according to place value. Learners to add a 2-digit number to a 1-digit number without and with regrouping. Learners to practice addition by skipping on the number line. Learners in pairs/groups to collect different safe objects and use them in addition of 3-single digit numbers. Learners in pairs/groups to practice breaking numbers apart to make a 10. Learners in pairs to come up with different ways of adding two 2-digit numbers without and with regrouping. Learners to play digital games involving addition. Learners in groups to make patterns using numbers up to 100.,"Oral questions, written exercises, observation","Respect, Responsibility, Unity","Communication and Collaboration, Critical Thinking and Problem Solving, Digital Literacy",ESD: DRR; safety - as learners collect objects; Citizenship: social cohesion - when working in groups,KICD Lower Primary Curriculum Designs Vol.2 (Aug 2017),Page 34-35,HIGH — official KICD curriculum document,DRAFT,NEW,LOW — sourced from official KICD document,"Source: KICD Lower Primary Curriculum Designs Vol.2, page 34-35. 20 lessons allocated for this sub-strand."
2,Mathematical Activities,Numbers,1.4 Addition,"By the end of the lesson, the learner should be able to: work out missing numbers in patterns involving addition of whole numbers up to 100",Adding Two 2-Digit Numbers Without Regrouping,Term 1,Week 12,Activity: Adding Two 2-Digit Numbers Without Regrouping,Learners in pairs to write addition sentences given in horizontal form vertically according to place value. Learners to add a 2-digit number to a 1-digit number without and with regrouping. Learners to practice addition by skipping on the number line. Learners in pairs/groups to collect different safe objects and use them in addition of 3-single digit numbers. Learners in pairs/groups to practice breaking numbers apart to make a 10. Learners in pairs to come up with different ways of adding two ,1.4 Addition Quest,"Explore 1.4 addition through interactive activities, hands-on practice, and real-life application.",What did you learn about adding two 2-digit numbers without regrouping today? How can you use this in your daily life?,10,1,30,Developing,How can we align a 2-digit number and a 1-digit number vertically in order to add? When do we regroup?,Learners in pairs to write addition sentences given in horizontal form vertically according to place value. Learners to add a 2-digit number to a 1-digit number without and with regrouping. Learners to practice addition by skipping on the number line. Learners in pairs/groups to collect different safe objects and use them in addition of 3-single digit numbers. Learners in pairs/groups to practice breaking numbers apart to make a 10. Learners in pairs to come up with different ways of adding two 2-digit numbers without and with regrouping. Learners to play digital games involving addition. Learners in groups to make patterns using numbers up to 100.,"Oral questions, written exercises, observation","Respect, Responsibility, Unity","Communication and Collaboration, Critical Thinking and Problem Solving, Digital Literacy",ESD: DRR; safety - as learners collect objects; Citizenship: social cohesion - when working in groups,KICD Lower Primary Curriculum Designs Vol.2 (Aug 2017),Page 34-35,HIGH — official KICD curriculum document,DRAFT,NEW,LOW — sourced from official KICD document,"Source: KICD Lower Primary Curriculum Designs Vol.2, page 34-35. 20 lessons allocated for this sub-strand."
2,Mathematical Activities,Numbers,1.4 Addition,"By the end of the lesson, the learner should be able to: work out missing numbers in patterns involving addition of whole numbers up to 100",Adding Two 2-Digit Numbers With Regrouping,Term 1,Week 12,Activity: Adding Two 2-Digit Numbers With Regrouping,Learners in pairs to write addition sentences given in horizontal form vertically according to place value. Learners to add a 2-digit number to a 1-digit number without and with regrouping. Learners to practice addition by skipping on the number line. Learners in pairs/groups to collect different safe objects and use them in addition of 3-single digit numbers. Learners in pairs/groups to practice breaking numbers apart to make a 10. Learners in pairs to come up with different ways of adding two ,1.4 Addition Quest,"Explore 1.4 addition through interactive activities, hands-on practice, and real-life application.",What did you learn about adding two 2-digit numbers with regrouping today? How can you use this in your daily life?,10,1,30,Developing,How can we align a 2-digit number and a 1-digit number vertically in order to add? When do we regroup?,Learners in pairs to write addition sentences given in horizontal form vertically according to place value. Learners to add a 2-digit number to a 1-digit number without and with regrouping. Learners to practice addition by skipping on the number line. Learners in pairs/groups to collect different safe objects and use them in addition of 3-single digit numbers. Learners in pairs/groups to practice breaking numbers apart to make a 10. Learners in pairs to come up with different ways of adding two 2-digit numbers without and with regrouping. Learners to play digital games involving addition. Learners in groups to make patterns using numbers up to 100.,"Oral questions, written exercises, observation","Respect, Responsibility, Unity","Communication and Collaboration, Critical Thinking and Problem Solving, Digital Literacy",ESD: DRR; safety - as learners collect objects; Citizenship: social cohesion - when working in groups,KICD Lower Primary Curriculum Designs Vol.2 (Aug 2017),Page 34-35,HIGH — official KICD curriculum document,DRAFT,NEW,LOW — sourced from official KICD document,"Source: KICD Lower Primary Curriculum Designs Vol.2, page 34-35. 20 lessons allocated for this sub-strand."
2,Mathematical Activities,Numbers,1.4 Addition,"By the end of the lesson, the learner should be able to: work out missing numbers in patterns involving addition of whole numbers up to 100",Addition Patterns up to 100,Term 1,Week 12,Activity: Addition Patterns up to 100,Learners in pairs to write addition sentences given in horizontal form vertically according to place value. Learners to add a 2-digit number to a 1-digit number without and with regrouping. Learners to practice addition by skipping on the number line. Learners in pairs/groups to collect different safe objects and use them in addition of 3-single digit numbers. Learners in pairs/groups to practice breaking numbers apart to make a 10. Learners in pairs to come up with different ways of adding two ,1.4 Addition Quest,"Explore 1.4 addition through interactive activities, hands-on practice, and real-life application.",What did you learn about addition patterns up to 100 today? How can you use this in your daily life?,10,1,30,Developing,How can we align a 2-digit number and a 1-digit number vertically in order to add? When do we regroup?,Learners in pairs to write addition sentences given in horizontal form vertically according to place value. Learners to add a 2-digit number to a 1-digit number without and with regrouping. Learners to practice addition by skipping on the number line. Learners in pairs/groups to collect different safe objects and use them in addition of 3-single digit numbers. Learners in pairs/groups to practice breaking numbers apart to make a 10. Learners in pairs to come up with different ways of adding two 2-digit numbers without and with regrouping. Learners to play digital games involving addition. Learners in groups to make patterns using numbers up to 100.,"Oral questions, written exercises, observation","Respect, Responsibility, Unity","Communication and Collaboration, Critical Thinking and Problem Solving, Digital Literacy",ESD: DRR; safety - as learners collect objects; Citizenship: social cohesion - when working in groups,KICD Lower Primary Curriculum Designs Vol.2 (Aug 2017),Page 34-35,HIGH — official KICD curriculum document,DRAFT,NEW,LOW — sourced from official KICD document,"Source: KICD Lower Primary Curriculum Designs Vol.2, page 34-35. 20 lessons allocated for this sub-strand."
2,Mathematical Activities,Numbers,1.4 Addition,"By the end of the lesson, the learner should be able to: work out missing numbers in patterns involving addition of whole numbers up to 100",Addition: Practice and Application,Term 1,Week 12,Activity: Addition: Practice and Application,Learners in pairs to write addition sentences given in horizontal form vertically according to place value. Learners to add a 2-digit number to a 1-digit number without and with regrouping. Learners to practice addition by skipping on the number line. Learners in pairs/groups to collect different safe objects and use them in addition of 3-single digit numbers. Learners in pairs/groups to practice breaking numbers apart to make a 10. Learners in pairs to come up with different ways of adding two ,1.4 Addition Quest,"Explore 1.4 addition through interactive activities, hands-on practice, and real-life application.",What did you learn about addition: practice and application today? How can you use this in your daily life?,10,1,30,Developing,How can we align a 2-digit number and a 1-digit number vertically in order to add? When do we regroup?,Learners in pairs to write addition sentences given in horizontal form vertically according to place value. Learners to add a 2-digit number to a 1-digit number without and with regrouping. Learners to practice addition by skipping on the number line. Learners in pairs/groups to collect different safe objects and use them in addition of 3-single digit numbers. Learners in pairs/groups to practice breaking numbers apart to make a 10. Learners in pairs to come up with different ways of adding two 2-digit numbers without and with regrouping. Learners to play digital games involving addition. Learners in groups to make patterns using numbers up to 100.,"Oral questions, written exercises, observation","Respect, Responsibility, Unity","Communication and Collaboration, Critical Thinking and Problem Solving, Digital Literacy",ESD: DRR; safety - as learners collect objects; Citizenship: social cohesion - when working in groups,KICD Lower Primary Curriculum Designs Vol.2 (Aug 2017),Page 34-35,HIGH — official KICD curriculum document,DRAFT,NEW,LOW — sourced from official KICD document,"Source: KICD Lower Primary Curriculum Designs Vol.2, page 34-35. 20 lessons allocated for this sub-strand."
2,Mathematical Activities,Numbers,1.4 Addition,"By the end of the lesson, the learner should be able to: work out missing numbers in patterns involving addition of whole numbers up to 100",Addition: Digital Games,Term 1,Week 12,Activity: Addition: Digital Games,Learners in pairs to write addition sentences given in horizontal form vertically according to place value. Learners to add a 2-digit number to a 1-digit number without and with regrouping. Learners to practice addition by skipping on the number line. Learners in pairs/groups to collect different safe objects and use them in addition of 3-single digit numbers. Learners in pairs/groups to practice breaking numbers apart to make a 10. Learners in pairs to come up with different ways of adding two ,1.4 Addition Quest,"Explore 1.4 addition through interactive activities, hands-on practice, and real-life application.",What did you learn about addition: digital games today? How can you use this in your daily life?,10,1,30,Developing,How can we align a 2-digit number and a 1-digit number vertically in order to add? When do we regroup?,Learners in pairs to write addition sentences given in horizontal form vertically according to place value. Learners to add a 2-digit number to a 1-digit number without and with regrouping. Learners to practice addition by skipping on the number line. Learners in pairs/groups to collect different safe objects and use them in addition of 3-single digit numbers. Learners in pairs/groups to practice breaking numbers apart to make a 10. Learners in pairs to come up with different ways of adding two 2-digit numbers without and with regrouping. Learners to play digital games involving addition. Learners in groups to make patterns using numbers up to 100.,"Oral questions, written exercises, observation","Respect, Responsibility, Unity","Communication and Collaboration, Critical Thinking and Problem Solving, Digital Literacy",ESD: DRR; safety - as learners collect objects; Citizenship: social cohesion - when working in groups,KICD Lower Primary Curriculum Designs Vol.2 (Aug 2017),Page 34-35,HIGH — official KICD curriculum document,DRAFT,NEW,LOW — sourced from official KICD document,"Source: KICD Lower Primary Curriculum Designs Vol.2, page 34-35. 20 lessons allocated for this sub-strand."
2,Mathematical Activities,Numbers,1.4 Addition,"By the end of the lesson, the learner should be able to: work out missing numbers in patterns involving addition of whole numbers up to 100",Addition: Word Problems with 2-Digit Numbers,Term 1,Week 12,Activity: Addition: Word Problems with 2-Digit Numbers,Learners in pairs to write addition sentences given in horizontal form vertically according to place value. Learners to add a 2-digit number to a 1-digit number without and with regrouping. Learners to practice addition by skipping on the number line. Learners in pairs/groups to collect different safe objects and use them in addition of 3-single digit numbers. Learners in pairs/groups to practice breaking numbers apart to make a 10. Learners in pairs to come up with different ways of adding two ,1.4 Addition Quest,"Explore 1.4 addition through interactive activities, hands-on practice, and real-life application.",What did you learn about addition: word problems with 2-digit numbers today? How can you use this in your daily life?,10,1,30,Developing,How can we align a 2-digit number and a 1-digit number vertically in order to add? When do we regroup?,Learners in pairs to write addition sentences given in horizontal form vertically according to place value. Learners to add a 2-digit number to a 1-digit number without and with regrouping. Learners to practice addition by skipping on the number line. Learners in pairs/groups to collect different safe objects and use them in addition of 3-single digit numbers. Learners in pairs/groups to practice breaking numbers apart to make a 10. Learners in pairs to come up with different ways of adding two 2-digit numbers without and with regrouping. Learners to play digital games involving addition. Learners in groups to make patterns using numbers up to 100.,"Oral questions, written exercises, observation","Respect, Responsibility, Unity","Communication and Collaboration, Critical Thinking and Problem Solving, Digital Literacy",ESD: DRR; safety - as learners collect objects; Citizenship: social cohesion - when working in groups,KICD Lower Primary Curriculum Designs Vol.2 (Aug 2017),Page 34-35,HIGH — official KICD curriculum document,DRAFT,NEW,LOW — sourced from official KICD document,"Source: KICD Lower Primary Curriculum Designs Vol.2, page 34-35. 20 lessons allocated for this sub-strand."
2,Mathematical Activities,Numbers,1.4 Addition,"By the end of the lesson, the learner should be able to: work out missing numbers in patterns involving addition of whole numbers up to 100",Addition: Assessment and Review,Term 1,Week 12,Activity: Addition: Assessment and Review,Learners in pairs to write addition sentences given in horizontal form vertically according to place value. Learners to add a 2-digit number to a 1-digit number without and with regrouping. Learners to practice addition by skipping on the number line. Learners in pairs/groups to collect different safe objects and use them in addition of 3-single digit numbers. Learners in pairs/groups to practice breaking numbers apart to make a 10. Learners in pairs to come up with different ways of adding two ,1.4 Addition Quest,"Explore 1.4 addition through interactive activities, hands-on practice, and real-life application.",What did you learn about addition: assessment and review today? How can you use this in your daily life?,10,1,30,Developing,How can we align a 2-digit number and a 1-digit number vertically in order to add? When do we regroup?,Learners in pairs to write addition sentences given in horizontal form vertically according to place value. Learners to add a 2-digit number to a 1-digit number without and with regrouping. Learners to practice addition by skipping on the number line. Learners in pairs/groups to collect different safe objects and use them in addition of 3-single digit numbers. Learners in pairs/groups to practice breaking numbers apart to make a 10. Learners in pairs to come up with different ways of adding two 2-digit numbers without and with regrouping. Learners to play digital games involving addition. Learners in groups to make patterns using numbers up to 100.,"Oral questions, written exercises, observation","Respect, Responsibility, Unity","Communication and Collaboration, Critical Thinking and Problem Solving, Digital Literacy",ESD: DRR; safety - as learners collect objects; Citizenship: social cohesion - when working in groups,KICD Lower Primary Curriculum Designs Vol.2 (Aug 2017),Page 34-35,HIGH — official KICD curriculum document,DRAFT,NEW,LOW — sourced from official KICD document,"Source: KICD Lower Primary Curriculum Designs Vol.2, page 34-35. 20 lessons allocated for this sub-strand."
2,Mathematical Activities,Numbers,1.4 Addition,"By the end of the lesson, the learner should be able to: work out missing numbers in patterns involving addition of whole numbers up to 100",Addition: Missing Numbers in Patterns,Term 1,Week 12,Activity: Addition: Missing Numbers in Patterns,Learners in pairs to write addition sentences given in horizontal form vertically according to place value. Learners to add a 2-digit number to a 1-digit number without and with regrouping. Learners to practice addition by skipping on the number line. Learners in pairs/groups to collect different safe objects and use them in addition of 3-single digit numbers. Learners in pairs/groups to practice breaking numbers apart to make a 10. Learners in pairs to come up with different ways of adding two ,1.4 Addition Quest,"Explore 1.4 addition through interactive activities, hands-on practice, and real-life application.",What did you learn about addition: missing numbers in patterns today? How can you use this in your daily life?,10,1,30,Developing,How can we align a 2-digit number and a 1-digit number vertically in order to add? When do we regroup?,Learners in pairs to write addition sentences given in horizontal form vertically according to place value. Learners to add a 2-digit number to a 1-digit number without and with regrouping. Learners to practice addition by skipping on the number line. Learners in pairs/groups to collect different safe objects and use them in addition of 3-single digit numbers. Learners in pairs/groups to practice breaking numbers apart to make a 10. Learners in pairs to come up with different ways of adding two 2-digit numbers without and with regrouping. Learners to play digital games involving addition. Learners in groups to make patterns using numbers up to 100.,"Oral questions, written exercises, observation","Respect, Responsibility, Unity","Communication and Collaboration, Critical Thinking and Problem Solving, Digital Literacy",ESD: DRR; safety - as learners collect objects; Citizenship: social cohesion - when working in groups,KICD Lower Primary Curriculum Designs Vol.2 (Aug 2017),Page 34-35,HIGH — official KICD curriculum document,DRAFT,NEW,LOW — sourced from official KICD document,"Source: KICD Lower Primary Curriculum Designs Vol.2, page 34-35. 20 lessons allocated for this sub-strand."
2,Mathematical Activities,Numbers,1.4 Addition,"By the end of the lesson, the learner should be able to: work out missing numbers in patterns involving addition of whole numbers up to 100",Addition: Creating Number Patterns,Term 1,Week 12,Activity: Addition: Creating Number Patterns,Learners in pairs to write addition sentences given in horizontal form vertically according to place value. Learners to add a 2-digit number to a 1-digit number without and with regrouping. Learners to practice addition by skipping on the number line. Learners in pairs/groups to collect different safe objects and use them in addition of 3-single digit numbers. Learners in pairs/groups to practice breaking numbers apart to make a 10. Learners in pairs to come up with different ways of adding two ,1.4 Addition Quest,"Explore 1.4 addition through interactive activities, hands-on practice, and real-life application.",What did you learn about addition: creating number patterns today? How can you use this in your daily life?,10,1,30,Developing,How can we align a 2-digit number and a 1-digit number vertically in order to add? When do we regroup?,Learners in pairs to write addition sentences given in horizontal form vertically according to place value. Learners to add a 2-digit number to a 1-digit number without and with regrouping. Learners to practice addition by skipping on the number line. Learners in pairs/groups to collect different safe objects and use them in addition of 3-single digit numbers. Learners in pairs/groups to practice breaking numbers apart to make a 10. Learners in pairs to come up with different ways of adding two 2-digit numbers without and with regrouping. Learners to play digital games involving addition. Learners in groups to make patterns using numbers up to 100.,"Oral questions, written exercises, observation","Respect, Responsibility, Unity","Communication and Collaboration, Critical Thinking and Problem Solving, Digital Literacy",ESD: DRR; safety - as learners collect objects; Citizenship: social cohesion - when working in groups,KICD Lower Primary Curriculum Designs Vol.2 (Aug 2017),Page 34-35,HIGH — official KICD curriculum document,DRAFT,NEW,LOW — sourced from official KICD document,"Source: KICD Lower Primary Curriculum Designs Vol.2, page 34-35. 20 lessons allocated for this sub-strand."
2,Mathematical Activities,Numbers,1.4 Addition,"By the end of the lesson, the learner should be able to: work out missing numbers in patterns involving addition of whole numbers up to 100",Addition: Community Application,Term 1,Week 12,Activity: Addition: Community Application,Learners in pairs to write addition sentences given in horizontal form vertically according to place value. Learners to add a 2-digit number to a 1-digit number without and with regrouping. Learners to practice addition by skipping on the number line. Learners in pairs/groups to collect different safe objects and use them in addition of 3-single digit numbers. Learners in pairs/groups to practice breaking numbers apart to make a 10. Learners in pairs to come up with different ways of adding two ,1.4 Addition Quest,"Explore 1.4 addition through interactive activities, hands-on practice, and real-life application.",What did you learn about addition: community application today? How can you use this in your daily life?,10,1,30,Developing,How can we align a 2-digit number and a 1-digit number vertically in order to add? When do we regroup?,Learners in pairs to write addition sentences given in horizontal form vertically according to place value. Learners to add a 2-digit number to a 1-digit number without and with regrouping. Learners to practice addition by skipping on the number line. Learners in pairs/groups to collect different safe objects and use them in addition of 3-single digit numbers. Learners in pairs/groups to practice breaking numbers apart to make a 10. Learners in pairs to come up with different ways of adding two 2-digit numbers without and with regrouping. Learners to play digital games involving addition. Learners in groups to make patterns using numbers up to 100.,"Oral questions, written exercises, observation","Respect, Responsibility, Unity","Communication and Collaboration, Critical Thinking and Problem Solving, Digital Literacy",ESD: DRR; safety - as learners collect objects; Citizenship: social cohesion - when working in groups,KICD Lower Primary Curriculum Designs Vol.2 (Aug 2017),Page 34-35,HIGH — official KICD curriculum document,DRAFT,NEW,LOW — sourced from official KICD document,"Source: KICD Lower Primary Curriculum Designs Vol.2, page 34-35. 20 lessons allocated for this sub-strand."
2,Mathematical Activities,Numbers,1.5 Subtraction,"By the end of the lesson, the learner should be able to: subtract up to 2-digit numbers without regrouping",Subtracting Single Digit Numbers,Term 1,Week 12,Activity: Subtracting Single Digit Numbers,Learners in pairs/groups to subtract single digit numbers by comparing groups of objects. Learners to subtract up to 2-digit numbers without regrouping in horizontal and vertical forms. Learners to discuss the relationship between addition and subtraction using number families. Learners to work out missing numbers in subtraction of up to 2-digit numbers. Learners to play digital games involving subtraction. Learners to work out missing numbers in patterns involving subtraction.,1.5 Subtraction Quest,"Explore 1.5 subtraction through interactive activities, hands-on practice, and real-life application.",What did you learn about subtracting single digit numbers today? How can you use this in your daily life?,10,1,30,Developing,How do you work out missing numbers in patterns involving subtraction?,Learners in pairs/groups to subtract single digit numbers by comparing groups of objects. Learners to subtract up to 2-digit numbers without regrouping in horizontal and vertical forms. Learners to discuss the relationship between addition and subtraction using number families. Learners to work out missing numbers in subtraction of up to 2-digit numbers. Learners to play digital games involving subtraction. Learners to work out missing numbers in patterns involving subtraction.,"Oral questions, written exercise, observation","Respect, Unity, Responsibility","Communication and Collaboration, Critical Thinking and Problem Solving, Self-efficacy, Imagination and Creativity, Digital Literacy","Life skills: interpersonal relationship, effective communication, friendship formation; Citizenship: social cohesion",KICD Lower Primary Curriculum Designs Vol.2 (Aug 2017),Page 35-36,HIGH — official KICD curriculum document,DRAFT,NEW,LOW — sourced from official KICD document,"Source: KICD Lower Primary Curriculum Designs Vol.2, page 35-36. 20 lessons allocated for this sub-strand."
2,Mathematical Activities,Numbers,1.5 Subtraction,"By the end of the lesson, the learner should be able to: use the relationship between addition and subtraction in working out problems",Subtracting Using the Number Line,Term 1,Week 12,Activity: Subtracting Using the Number Line,Learners in pairs/groups to subtract single digit numbers by comparing groups of objects. Learners to subtract up to 2-digit numbers without regrouping in horizontal and vertical forms. Learners to discuss the relationship between addition and subtraction using number families. Learners to work out missing numbers in subtraction of up to 2-digit numbers. Learners to play digital games involving subtraction. Learners to work out missing numbers in patterns involving subtraction.,1.5 Subtraction Quest,"Explore 1.5 subtraction through interactive activities, hands-on practice, and real-life application.",What did you learn about subtracting using the number line today? How can you use this in your daily life?,10,1,30,Developing,How do you work out missing numbers in patterns involving subtraction?,Learners in pairs/groups to subtract single digit numbers by comparing groups of objects. Learners to subtract up to 2-digit numbers without regrouping in horizontal and vertical forms. Learners to discuss the relationship between addition and subtraction using number families. Learners to work out missing numbers in subtraction of up to 2-digit numbers. Learners to play digital games involving subtraction. Learners to work out missing numbers in patterns involving subtraction.,"Oral questions, written exercise, observation","Respect, Unity, Responsibility","Communication and Collaboration, Critical Thinking and Problem Solving, Self-efficacy, Imagination and Creativity, Digital Literacy","Life skills: interpersonal relationship, effective communication, friendship formation; Citizenship: social cohesion",KICD Lower Primary Curriculum Designs Vol.2 (Aug 2017),Page 35-36,HIGH — official KICD curriculum document,DRAFT,NEW,LOW — sourced from official KICD document,"Source: KICD Lower Primary Curriculum Designs Vol.2, page 35-36. 20 lessons allocated for this sub-strand."
2,Mathematical Activities,Numbers,1.5 Subtraction,"By the end of the lesson, the learner should be able to: work out missing numbers in subtraction of up to 2-digit numbers",Subtracting 2-Digit Numbers Without Regrouping (Horizontal),Term 1,Week 12,Activity: Subtracting 2-Digit Numbers Without Regrouping (Horizontal),Learners in pairs/groups to subtract single digit numbers by comparing groups of objects. Learners to subtract up to 2-digit numbers without regrouping in horizontal and vertical forms. Learners to discuss the relationship between addition and subtraction using number families. Learners to work out missing numbers in subtraction of up to 2-digit numbers. Learners to play digital games involving subtraction. Learners to work out missing numbers in patterns involving subtraction.,1.5 Subtraction Quest,"Explore 1.5 subtraction through interactive activities, hands-on practice, and real-life application.",What did you learn about subtracting 2-digit numbers without regrouping (horizontal) today? How can you use this in your daily life?,10,1,30,Developing,How do you work out missing numbers in patterns involving subtraction?,Learners in pairs/groups to subtract single digit numbers by comparing groups of objects. Learners to subtract up to 2-digit numbers without regrouping in horizontal and vertical forms. Learners to discuss the relationship between addition and subtraction using number families. Learners to work out missing numbers in subtraction of up to 2-digit numbers. Learners to play digital games involving subtraction. Learners to work out missing numbers in patterns involving subtraction.,"Oral questions, written exercise, observation","Respect, Unity, Responsibility","Communication and Collaboration, Critical Thinking and Problem Solving, Self-efficacy, Imagination and Creativity, Digital Literacy","Life skills: interpersonal relationship, effective communication, friendship formation; Citizenship: social cohesion",KICD Lower Primary Curriculum Designs Vol.2 (Aug 2017),Page 35-36,HIGH — official KICD curriculum document,DRAFT,NEW,LOW — sourced from official KICD document,"Source: KICD Lower Primary Curriculum Designs Vol.2, page 35-36. 20 lessons allocated for this sub-strand."
2,Mathematical Activities,Numbers,1.5 Subtraction,"By the end of the lesson, the learner should be able to: work out missing numbers in patterns involving subtraction up to 100",Subtracting 2-Digit Numbers Without Regrouping (Vertical),Term 1,Week 12,Activity: Subtracting 2-Digit Numbers Without Regrouping (Vertical),Learners in pairs/groups to subtract single digit numbers by comparing groups of objects. Learners to subtract up to 2-digit numbers without regrouping in horizontal and vertical forms. Learners to discuss the relationship between addition and subtraction using number families. Learners to work out missing numbers in subtraction of up to 2-digit numbers. Learners to play digital games involving subtraction. Learners to work out missing numbers in patterns involving subtraction.,1.5 Subtraction Quest,"Explore 1.5 subtraction through interactive activities, hands-on practice, and real-life application.",What did you learn about subtracting 2-digit numbers without regrouping (vertical) today? How can you use this in your daily life?,10,1,30,Developing,How do you work out missing numbers in patterns involving subtraction?,Learners in pairs/groups to subtract single digit numbers by comparing groups of objects. Learners to subtract up to 2-digit numbers without regrouping in horizontal and vertical forms. Learners to discuss the relationship between addition and subtraction using number families. Learners to work out missing numbers in subtraction of up to 2-digit numbers. Learners to play digital games involving subtraction. Learners to work out missing numbers in patterns involving subtraction.,"Oral questions, written exercise, observation","Respect, Unity, Responsibility","Communication and Collaboration, Critical Thinking and Problem Solving, Self-efficacy, Imagination and Creativity, Digital Literacy","Life skills: interpersonal relationship, effective communication, friendship formation; Citizenship: social cohesion",KICD Lower Primary Curriculum Designs Vol.2 (Aug 2017),Page 35-36,HIGH — official KICD curriculum document,DRAFT,NEW,LOW — sourced from official KICD document,"Source: KICD Lower Primary Curriculum Designs Vol.2, page 35-36. 20 lessons allocated for this sub-strand."
2,Mathematical Activities,Numbers,1.5 Subtraction,"By the end of the lesson, the learner should be able to: work out missing numbers in patterns involving subtraction up to 100",Relationship Between Addition and Subtraction,Term 1,Week 12,Activity: Relationship Between Addition and Subtraction,Learners in pairs/groups to subtract single digit numbers by comparing groups of objects. Learners to subtract up to 2-digit numbers without regrouping in horizontal and vertical forms. Learners to discuss the relationship between addition and subtraction using number families. Learners to work out missing numbers in subtraction of up to 2-digit numbers. Learners to play digital games involving subtraction. Learners to work out missing numbers in patterns involving subtraction.,1.5 Subtraction Quest,"Explore 1.5 subtraction through interactive activities, hands-on practice, and real-life application.",What did you learn about relationship between addition and subtraction today? How can you use this in your daily life?,10,1,30,Developing,How do you work out missing numbers in patterns involving subtraction?,Learners in pairs/groups to subtract single digit numbers by comparing groups of objects. Learners to subtract up to 2-digit numbers without regrouping in horizontal and vertical forms. Learners to discuss the relationship between addition and subtraction using number families. Learners to work out missing numbers in subtraction of up to 2-digit numbers. Learners to play digital games involving subtraction. Learners to work out missing numbers in patterns involving subtraction.,"Oral questions, written exercise, observation","Respect, Unity, Responsibility","Communication and Collaboration, Critical Thinking and Problem Solving, Self-efficacy, Imagination and Creativity, Digital Literacy","Life skills: interpersonal relationship, effective communication, friendship formation; Citizenship: social cohesion",KICD Lower Primary Curriculum Designs Vol.2 (Aug 2017),Page 35-36,HIGH — official KICD curriculum document,DRAFT,NEW,LOW — sourced from official KICD document,"Source: KICD Lower Primary Curriculum Designs Vol.2, page 35-36. 20 lessons allocated for this sub-strand."
2,Mathematical Activities,Numbers,1.5 Subtraction,"By the end of the lesson, the learner should be able to: work out missing numbers in patterns involving subtraction up to 100",Using Number Families for Subtraction,Term 1,Week 12,Activity: Using Number Families for Subtraction,Learners in pairs/groups to subtract single digit numbers by comparing groups of objects. Learners to subtract up to 2-digit numbers without regrouping in horizontal and vertical forms. Learners to discuss the relationship between addition and subtraction using number families. Learners to work out missing numbers in subtraction of up to 2-digit numbers. Learners to play digital games involving subtraction. Learners to work out missing numbers in patterns involving subtraction.,1.5 Subtraction Quest,"Explore 1.5 subtraction through interactive activities, hands-on practice, and real-life application.",What did you learn about using number families for subtraction today? How can you use this in your daily life?,10,1,30,Developing,How do you work out missing numbers in patterns involving subtraction?,Learners in pairs/groups to subtract single digit numbers by comparing groups of objects. Learners to subtract up to 2-digit numbers without regrouping in horizontal and vertical forms. Learners to discuss the relationship between addition and subtraction using number families. Learners to work out missing numbers in subtraction of up to 2-digit numbers. Learners to play digital games involving subtraction. Learners to work out missing numbers in patterns involving subtraction.,"Oral questions, written exercise, observation","Respect, Unity, Responsibility","Communication and Collaboration, Critical Thinking and Problem Solving, Self-efficacy, Imagination and Creativity, Digital Literacy","Life skills: interpersonal relationship, effective communication, friendship formation; Citizenship: social cohesion",KICD Lower Primary Curriculum Designs Vol.2 (Aug 2017),Page 35-36,HIGH — official KICD curriculum document,DRAFT,NEW,LOW — sourced from official KICD document,"Source: KICD Lower Primary Curriculum Designs Vol.2, page 35-36. 20 lessons allocated for this sub-strand."
2,Mathematical Activities,Numbers,1.5 Subtraction,"By the end of the lesson, the learner should be able to: work out missing numbers in patterns involving subtraction up to 100",Missing Numbers in Subtraction,Term 1,Week 12,Activity: Missing Numbers in Subtraction,Learners in pairs/groups to subtract single digit numbers by comparing groups of objects. Learners to subtract up to 2-digit numbers without regrouping in horizontal and vertical forms. Learners to discuss the relationship between addition and subtraction using number families. Learners to work out missing numbers in subtraction of up to 2-digit numbers. Learners to play digital games involving subtraction. Learners to work out missing numbers in patterns involving subtraction.,1.5 Subtraction Quest,"Explore 1.5 subtraction through interactive activities, hands-on practice, and real-life application.",What did you learn about missing numbers in subtraction today? How can you use this in your daily life?,10,1,30,Developing,How do you work out missing numbers in patterns involving subtraction?,Learners in pairs/groups to subtract single digit numbers by comparing groups of objects. Learners to subtract up to 2-digit numbers without regrouping in horizontal and vertical forms. Learners to discuss the relationship between addition and subtraction using number families. Learners to work out missing numbers in subtraction of up to 2-digit numbers. Learners to play digital games involving subtraction. Learners to work out missing numbers in patterns involving subtraction.,"Oral questions, written exercise, observation","Respect, Unity, Responsibility","Communication and Collaboration, Critical Thinking and Problem Solving, Self-efficacy, Imagination and Creativity, Digital Literacy","Life skills: interpersonal relationship, effective communication, friendship formation; Citizenship: social cohesion",KICD Lower Primary Curriculum Designs Vol.2 (Aug 2017),Page 35-36,HIGH — official KICD curriculum document,DRAFT,NEW,LOW — sourced from official KICD document,"Source: KICD Lower Primary Curriculum Designs Vol.2, page 35-36. 20 lessons allocated for this sub-strand."
2,Mathematical Activities,Numbers,1.5 Subtraction,"By the end of the lesson, the learner should be able to: work out missing numbers in patterns involving subtraction up to 100",Word Problems: Subtraction Within 100,Term 1,Week 12,Activity: Word Problems: Subtraction Within 100,Learners in pairs/groups to subtract single digit numbers by comparing groups of objects. Learners to subtract up to 2-digit numbers without regrouping in horizontal and vertical forms. Learners to discuss the relationship between addition and subtraction using number families. Learners to work out missing numbers in subtraction of up to 2-digit numbers. Learners to play digital games involving subtraction. Learners to work out missing numbers in patterns involving subtraction.,1.5 Subtraction Quest,"Explore 1.5 subtraction through interactive activities, hands-on practice, and real-life application.",What did you learn about word problems: subtraction within 100 today? How can you use this in your daily life?,10,1,30,Developing,How do you work out missing numbers in patterns involving subtraction?,Learners in pairs/groups to subtract single digit numbers by comparing groups of objects. Learners to subtract up to 2-digit numbers without regrouping in horizontal and vertical forms. Learners to discuss the relationship between addition and subtraction using number families. Learners to work out missing numbers in subtraction of up to 2-digit numbers. Learners to play digital games involving subtraction. Learners to work out missing numbers in patterns involving subtraction.,"Oral questions, written exercise, observation","Respect, Unity, Responsibility","Communication and Collaboration, Critical Thinking and Problem Solving, Self-efficacy, Imagination and Creativity, Digital Literacy","Life skills: interpersonal relationship, effective communication, friendship formation; Citizenship: social cohesion",KICD Lower Primary Curriculum Designs Vol.2 (Aug 2017),Page 35-36,HIGH — official KICD curriculum document,DRAFT,NEW,LOW — sourced from official KICD document,"Source: KICD Lower Primary Curriculum Designs Vol.2, page 35-36. 20 lessons allocated for this sub-strand."
2,Mathematical Activities,Numbers,1.5 Subtraction,"By the end of the lesson, the learner should be able to: work out missing numbers in patterns involving subtraction up to 100",Subtraction Patterns up to 100,Term 1,Week 12,Activity: Subtraction Patterns up to 100,Learners in pairs/groups to subtract single digit numbers by comparing groups of objects. Learners to subtract up to 2-digit numbers without regrouping in horizontal and vertical forms. Learners to discuss the relationship between addition and subtraction using number families. Learners to work out missing numbers in subtraction of up to 2-digit numbers. Learners to play digital games involving subtraction. Learners to work out missing numbers in patterns involving subtraction.,1.5 Subtraction Quest,"Explore 1.5 subtraction through interactive activities, hands-on practice, and real-life application.",What did you learn about subtraction patterns up to 100 today? How can you use this in your daily life?,10,1,30,Developing,How do you work out missing numbers in patterns involving subtraction?,Learners in pairs/groups to subtract single digit numbers by comparing groups of objects. Learners to subtract up to 2-digit numbers without regrouping in horizontal and vertical forms. Learners to discuss the relationship between addition and subtraction using number families. Learners to work out missing numbers in subtraction of up to 2-digit numbers. Learners to play digital games involving subtraction. Learners to work out missing numbers in patterns involving subtraction.,"Oral questions, written exercise, observation","Respect, Unity, Responsibility","Communication and Collaboration, Critical Thinking and Problem Solving, Self-efficacy, Imagination and Creativity, Digital Literacy","Life skills: interpersonal relationship, effective communication, friendship formation; Citizenship: social cohesion",KICD Lower Primary Curriculum Designs Vol.2 (Aug 2017),Page 35-36,HIGH — official KICD curriculum document,DRAFT,NEW,LOW — sourced from official KICD document,"Source: KICD Lower Primary Curriculum Designs Vol.2, page 35-36. 20 lessons allocated for this sub-strand."
2,Mathematical Activities,Numbers,1.5 Subtraction,"By the end of the lesson, the learner should be able to: work out missing numbers in patterns involving subtraction up to 100",Subtraction: Practice and Application,Term 1,Week 12,Activity: Subtraction: Practice and Application,Learners in pairs/groups to subtract single digit numbers by comparing groups of objects. Learners to subtract up to 2-digit numbers without regrouping in horizontal and vertical forms. Learners to discuss the relationship between addition and subtraction using number families. Learners to work out missing numbers in subtraction of up to 2-digit numbers. Learners to play digital games involving subtraction. Learners to work out missing numbers in patterns involving subtraction.,1.5 Subtraction Quest,"Explore 1.5 subtraction through interactive activities, hands-on practice, and real-life application.",What did you learn about subtraction: practice and application today? How can you use this in your daily life?,10,1,30,Developing,How do you work out missing numbers in patterns involving subtraction?,Learners in pairs/groups to subtract single digit numbers by comparing groups of objects. Learners to subtract up to 2-digit numbers without regrouping in horizontal and vertical forms. Learners to discuss the relationship between addition and subtraction using number families. Learners to work out missing numbers in subtraction of up to 2-digit numbers. Learners to play digital games involving subtraction. Learners to work out missing numbers in patterns involving subtraction.,"Oral questions, written exercise, observation","Respect, Unity, Responsibility","Communication and Collaboration, Critical Thinking and Problem Solving, Self-efficacy, Imagination and Creativity, Digital Literacy","Life skills: interpersonal relationship, effective communication, friendship formation; Citizenship: social cohesion",KICD Lower Primary Curriculum Designs Vol.2 (Aug 2017),Page 35-36,HIGH — official KICD curriculum document,DRAFT,NEW,LOW — sourced from official KICD document,"Source: KICD Lower Primary Curriculum Designs Vol.2, page 35-36. 20 lessons allocated for this sub-strand."
2,Mathematical Activities,Numbers,1.5 Subtraction,"By the end of the lesson, the learner should be able to: work out missing numbers in patterns involving subtraction up to 100",Subtraction: Digital Games,Term 1,Week 12,Activity: Subtraction: Digital Games,Learners in pairs/groups to subtract single digit numbers by comparing groups of objects. Learners to subtract up to 2-digit numbers without regrouping in horizontal and vertical forms. Learners to discuss the relationship between addition and subtraction using number families. Learners to work out missing numbers in subtraction of up to 2-digit numbers. Learners to play digital games involving subtraction. Learners to work out missing numbers in patterns involving subtraction.,1.5 Subtraction Quest,"Explore 1.5 subtraction through interactive activities, hands-on practice, and real-life application.",What did you learn about subtraction: digital games today? How can you use this in your daily life?,10,1,30,Developing,How do you work out missing numbers in patterns involving subtraction?,Learners in pairs/groups to subtract single digit numbers by comparing groups of objects. Learners to subtract up to 2-digit numbers without regrouping in horizontal and vertical forms. Learners to discuss the relationship between addition and subtraction using number families. Learners to work out missing numbers in subtraction of up to 2-digit numbers. Learners to play digital games involving subtraction. Learners to work out missing numbers in patterns involving subtraction.,"Oral questions, written exercise, observation","Respect, Unity, Responsibility","Communication and Collaboration, Critical Thinking and Problem Solving, Self-efficacy, Imagination and Creativity, Digital Literacy","Life skills: interpersonal relationship, effective communication, friendship formation; Citizenship: social cohesion",KICD Lower Primary Curriculum Designs Vol.2 (Aug 2017),Page 35-36,HIGH — official KICD curriculum document,DRAFT,NEW,LOW — sourced from official KICD document,"Source: KICD Lower Primary Curriculum Designs Vol.2, page 35-36. 20 lessons allocated for this sub-strand."
2,Mathematical Activities,Numbers,1.5 Subtraction,"By the end of the lesson, the learner should be able to: work out missing numbers in patterns involving subtraction up to 100",Subtraction: Word Problems,Term 1,Week 12,Activity: Subtraction: Word Problems,Learners in pairs/groups to subtract single digit numbers by comparing groups of objects. Learners to subtract up to 2-digit numbers without regrouping in horizontal and vertical forms. Learners to discuss the relationship between addition and subtraction using number families. Learners to work out missing numbers in subtraction of up to 2-digit numbers. Learners to play digital games involving subtraction. Learners to work out missing numbers in patterns involving subtraction.,1.5 Subtraction Quest,"Explore 1.5 subtraction through interactive activities, hands-on practice, and real-life application.",What did you learn about subtraction: word problems today? How can you use this in your daily life?,10,1,30,Developing,How do you work out missing numbers in patterns involving subtraction?,Learners in pairs/groups to subtract single digit numbers by comparing groups of objects. Learners to subtract up to 2-digit numbers without regrouping in horizontal and vertical forms. Learners to discuss the relationship between addition and subtraction using number families. Learners to work out missing numbers in subtraction of up to 2-digit numbers. Learners to play digital games involving subtraction. Learners to work out missing numbers in patterns involving subtraction.,"Oral questions, written exercise, observation","Respect, Unity, Responsibility","Communication and Collaboration, Critical Thinking and Problem Solving, Self-efficacy, Imagination and Creativity, Digital Literacy","Life skills: interpersonal relationship, effective communication, friendship formation; Citizenship: social cohesion",KICD Lower Primary Curriculum Designs Vol.2 (Aug 2017),Page 35-36,HIGH — official KICD curriculum document,DRAFT,NEW,LOW — sourced from official KICD document,"Source: KICD Lower Primary Curriculum Designs Vol.2, page 35-36. 20 lessons allocated for this sub-strand."
2,Mathematical Activities,Numbers,1.5 Subtraction,"By the end of the lesson, the learner should be able to: work out missing numbers in patterns involving subtraction up to 100",Subtraction: Assessment and Review,Term 1,Week 12,Activity: Subtraction: Assessment and Review,Learners in pairs/groups to subtract single digit numbers by comparing groups of objects. Learners to subtract up to 2-digit numbers without regrouping in horizontal and vertical forms. Learners to discuss the relationship between addition and subtraction using number families. Learners to work out missing numbers in subtraction of up to 2-digit numbers. Learners to play digital games involving subtraction. Learners to work out missing numbers in patterns involving subtraction.,1.5 Subtraction Quest,"Explore 1.5 subtraction through interactive activities, hands-on practice, and real-life application.",What did you learn about subtraction: assessment and review today? How can you use this in your daily life?,10,1,30,Developing,How do you work out missing numbers in patterns involving subtraction?,Learners in pairs/groups to subtract single digit numbers by comparing groups of objects. Learners to subtract up to 2-digit numbers without regrouping in horizontal and vertical forms. Learners to discuss the relationship between addition and subtraction using number families. Learners to work out missing numbers in subtraction of up to 2-digit numbers. Learners to play digital games involving subtraction. Learners to work out missing numbers in patterns involving subtraction.,"Oral questions, written exercise, observation","Respect, Unity, Responsibility","Communication and Collaboration, Critical Thinking and Problem Solving, Self-efficacy, Imagination and Creativity, Digital Literacy","Life skills: interpersonal relationship, effective communication, friendship formation; Citizenship: social cohesion",KICD Lower Primary Curriculum Designs Vol.2 (Aug 2017),Page 35-36,HIGH — official KICD curriculum document,DRAFT,NEW,LOW — sourced from official KICD document,"Source: KICD Lower Primary Curriculum Designs Vol.2, page 35-36. 20 lessons allocated for this sub-strand."
2,Mathematical Activities,Numbers,1.5 Subtraction,"By the end of the lesson, the learner should be able to: work out missing numbers in patterns involving subtraction up to 100",Subtraction: Missing Numbers in Patterns,Term 1,Week 12,Activity: Subtraction: Missing Numbers in Patterns,Learners in pairs/groups to subtract single digit numbers by comparing groups of objects. Learners to subtract up to 2-digit numbers without regrouping in horizontal and vertical forms. Learners to discuss the relationship between addition and subtraction using number families. Learners to work out missing numbers in subtraction of up to 2-digit numbers. Learners to play digital games involving subtraction. Learners to work out missing numbers in patterns involving subtraction.,1.5 Subtraction Quest,"Explore 1.5 subtraction through interactive activities, hands-on practice, and real-life application.",What did you learn about subtraction: missing numbers in patterns today? How can you use this in your daily life?,10,1,30,Developing,How do you work out missing numbers in patterns involving subtraction?,Learners in pairs/groups to subtract single digit numbers by comparing groups of objects. Learners to subtract up to 2-digit numbers without regrouping in horizontal and vertical forms. Learners to discuss the relationship between addition and subtraction using number families. Learners to work out missing numbers in subtraction of up to 2-digit numbers. Learners to play digital games involving subtraction. Learners to work out missing numbers in patterns involving subtraction.,"Oral questions, written exercise, observation","Respect, Unity, Responsibility","Communication and Collaboration, Critical Thinking and Problem Solving, Self-efficacy, Imagination and Creativity, Digital Literacy","Life skills: interpersonal relationship, effective communication, friendship formation; Citizenship: social cohesion",KICD Lower Primary Curriculum Designs Vol.2 (Aug 2017),Page 35-36,HIGH — official KICD curriculum document,DRAFT,NEW,LOW — sourced from official KICD document,"Source: KICD Lower Primary Curriculum Designs Vol.2, page 35-36. 20 lessons allocated for this sub-strand."
2,Mathematical Activities,Numbers,1.5 Subtraction,"By the end of the lesson, the learner should be able to: work out missing numbers in patterns involving subtraction up to 100",Subtraction: Creating Patterns,Term 1,Week 12,Activity: Subtraction: Creating Patterns,Learners in pairs/groups to subtract single digit numbers by comparing groups of objects. Learners to subtract up to 2-digit numbers without regrouping in horizontal and vertical forms. Learners to discuss the relationship between addition and subtraction using number families. Learners to work out missing numbers in subtraction of up to 2-digit numbers. Learners to play digital games involving subtraction. Learners to work out missing numbers in patterns involving subtraction.,1.5 Subtraction Quest,"Explore 1.5 subtraction through interactive activities, hands-on practice, and real-life application.",What did you learn about subtraction: creating patterns today? How can you use this in your daily life?,10,1,30,Developing,How do you work out missing numbers in patterns involving subtraction?,Learners in pairs/groups to subtract single digit numbers by comparing groups of objects. Learners to subtract up to 2-digit numbers without regrouping in horizontal and vertical forms. Learners to discuss the relationship between addition and subtraction using number families. Learners to work out missing numbers in subtraction of up to 2-digit numbers. Learners to play digital games involving subtraction. Learners to work out missing numbers in patterns involving subtraction.,"Oral questions, written exercise, observation","Respect, Unity, Responsibility","Communication and Collaboration, Critical Thinking and Problem Solving, Self-efficacy, Imagination and Creativity, Digital Literacy","Life skills: interpersonal relationship, effective communication, friendship formation; Citizenship: social cohesion",KICD Lower Primary Curriculum Designs Vol.2 (Aug 2017),Page 35-36,HIGH — official KICD curriculum document,DRAFT,NEW,LOW — sourced from official KICD document,"Source: KICD Lower Primary Curriculum Designs Vol.2, page 35-36. 20 lessons allocated for this sub-strand."
2,Mathematical Activities,Numbers,1.5 Subtraction,"By the end of the lesson, the learner should be able to: work out missing numbers in patterns involving subtraction up to 100",Subtraction: Comparing Groups,Term 1,Week 12,Activity: Subtraction: Comparing Groups,Learners in pairs/groups to subtract single digit numbers by comparing groups of objects. Learners to subtract up to 2-digit numbers without regrouping in horizontal and vertical forms. Learners to discuss the relationship between addition and subtraction using number families. Learners to work out missing numbers in subtraction of up to 2-digit numbers. Learners to play digital games involving subtraction. Learners to work out missing numbers in patterns involving subtraction.,1.5 Subtraction Quest,"Explore 1.5 subtraction through interactive activities, hands-on practice, and real-life application.",What did you learn about subtraction: comparing groups today? How can you use this in your daily life?,10,1,30,Developing,How do you work out missing numbers in patterns involving subtraction?,Learners in pairs/groups to subtract single digit numbers by comparing groups of objects. Learners to subtract up to 2-digit numbers without regrouping in horizontal and vertical forms. Learners to discuss the relationship between addition and subtraction using number families. Learners to work out missing numbers in subtraction of up to 2-digit numbers. Learners to play digital games involving subtraction. Learners to work out missing numbers in patterns involving subtraction.,"Oral questions, written exercise, observation","Respect, Unity, Responsibility","Communication and Collaboration, Critical Thinking and Problem Solving, Self-efficacy, Imagination and Creativity, Digital Literacy","Life skills: interpersonal relationship, effective communication, friendship formation; Citizenship: social cohesion",KICD Lower Primary Curriculum Designs Vol.2 (Aug 2017),Page 35-36,HIGH — official KICD curriculum document,DRAFT,NEW,LOW — sourced from official KICD document,"Source: KICD Lower Primary Curriculum Designs Vol.2, page 35-36. 20 lessons allocated for this sub-strand."
2,Mathematical Activities,Numbers,1.5 Subtraction,"By the end of the lesson, the learner should be able to: work out missing numbers in patterns involving subtraction up to 100",Subtraction: Real-Life Applications,Term 1,Week 12,Activity: Subtraction: Real-Life Applications,Learners in pairs/groups to subtract single digit numbers by comparing groups of objects. Learners to subtract up to 2-digit numbers without regrouping in horizontal and vertical forms. Learners to discuss the relationship between addition and subtraction using number families. Learners to work out missing numbers in subtraction of up to 2-digit numbers. Learners to play digital games involving subtraction. Learners to work out missing numbers in patterns involving subtraction.,1.5 Subtraction Quest,"Explore 1.5 subtraction through interactive activities, hands-on practice, and real-life application.",What did you learn about subtraction: real-life applications today? How can you use this in your daily life?,10,1,30,Developing,How do you work out missing numbers in patterns involving subtraction?,Learners in pairs/groups to subtract single digit numbers by comparing groups of objects. Learners to subtract up to 2-digit numbers without regrouping in horizontal and vertical forms. Learners to discuss the relationship between addition and subtraction using number families. Learners to work out missing numbers in subtraction of up to 2-digit numbers. Learners to play digital games involving subtraction. Learners to work out missing numbers in patterns involving subtraction.,"Oral questions, written exercise, observation","Respect, Unity, Responsibility","Communication and Collaboration, Critical Thinking and Problem Solving, Self-efficacy, Imagination and Creativity, Digital Literacy","Life skills: interpersonal relationship, effective communication, friendship formation; Citizenship: social cohesion",KICD Lower Primary Curriculum Designs Vol.2 (Aug 2017),Page 35-36,HIGH — official KICD curriculum document,DRAFT,NEW,LOW — sourced from official KICD document,"Source: KICD Lower Primary Curriculum Designs Vol.2, page 35-36. 20 lessons allocated for this sub-strand."
2,Mathematical Activities,Numbers,1.5 Subtraction,"By the end of the lesson, the learner should be able to: work out missing numbers in patterns involving subtraction up to 100",Subtraction: Community Service,Term 1,Week 12,Activity: Subtraction: Community Service,Learners in pairs/groups to subtract single digit numbers by comparing groups of objects. Learners to subtract up to 2-digit numbers without regrouping in horizontal and vertical forms. Learners to discuss the relationship between addition and subtraction using number families. Learners to work out missing numbers in subtraction of up to 2-digit numbers. Learners to play digital games involving subtraction. Learners to work out missing numbers in patterns involving subtraction.,1.5 Subtraction Quest,"Explore 1.5 subtraction through interactive activities, hands-on practice, and real-life application.",What did you learn about subtraction: community service today? How can you use this in your daily life?,10,1,30,Developing,How do you work out missing numbers in patterns involving subtraction?,Learners in pairs/groups to subtract single digit numbers by comparing groups of objects. Learners to subtract up to 2-digit numbers without regrouping in horizontal and vertical forms. Learners to discuss the relationship between addition and subtraction using number families. Learners to work out missing numbers in subtraction of up to 2-digit numbers. Learners to play digital games involving subtraction. Learners to work out missing numbers in patterns involving subtraction.,"Oral questions, written exercise, observation","Respect, Unity, Responsibility","Communication and Collaboration, Critical Thinking and Problem Solving, Self-efficacy, Imagination and Creativity, Digital Literacy","Life skills: interpersonal relationship, effective communication, friendship formation; Citizenship: social cohesion",KICD Lower Primary Curriculum Designs Vol.2 (Aug 2017),Page 35-36,HIGH — official KICD curriculum document,DRAFT,NEW,LOW — sourced from official KICD document,"Source: KICD Lower Primary Curriculum Designs Vol.2, page 35-36. 20 lessons allocated for this sub-strand."
2,Mathematical Activities,Numbers,1.5 Subtraction,"By the end of the lesson, the learner should be able to: work out missing numbers in patterns involving subtraction up to 100",Subtraction: Review and Reflection,Term 1,Week 12,Activity: Subtraction: Review and Reflection,Learners in pairs/groups to subtract single digit numbers by comparing groups of objects. Learners to subtract up to 2-digit numbers without regrouping in horizontal and vertical forms. Learners to discuss the relationship between addition and subtraction using number families. Learners to work out missing numbers in subtraction of up to 2-digit numbers. Learners to play digital games involving subtraction. Learners to work out missing numbers in patterns involving subtraction.,1.5 Subtraction Quest,"Explore 1.5 subtraction through interactive activities, hands-on practice, and real-life application.",What did you learn about subtraction: review and reflection today? How can you use this in your daily life?,10,1,30,Developing,How do you work out missing numbers in patterns involving subtraction?,Learners in pairs/groups to subtract single digit numbers by comparing groups of objects. Learners to subtract up to 2-digit numbers without regrouping in horizontal and vertical forms. Learners to discuss the relationship between addition and subtraction using number families. Learners to work out missing numbers in subtraction of up to 2-digit numbers. Learners to play digital games involving subtraction. Learners to work out missing numbers in patterns involving subtraction.,"Oral questions, written exercise, observation","Respect, Unity, Responsibility","Communication and Collaboration, Critical Thinking and Problem Solving, Self-efficacy, Imagination and Creativity, Digital Literacy","Life skills: interpersonal relationship, effective communication, friendship formation; Citizenship: social cohesion",KICD Lower Primary Curriculum Designs Vol.2 (Aug 2017),Page 35-36,HIGH — official KICD curriculum document,DRAFT,NEW,LOW — sourced from official KICD document,"Source: KICD Lower Primary Curriculum Designs Vol.2, page 35-36. 20 lessons allocated for this sub-strand."
2,Mathematical Activities,Numbers,1.5 Subtraction,"By the end of the lesson, the learner should be able to: work out missing numbers in patterns involving subtraction up to 100",Subtraction: Final Assessment,Term 1,Week 12,Activity: Subtraction: Final Assessment,Learners in pairs/groups to subtract single digit numbers by comparing groups of objects. Learners to subtract up to 2-digit numbers without regrouping in horizontal and vertical forms. Learners to discuss the relationship between addition and subtraction using number families. Learners to work out missing numbers in subtraction of up to 2-digit numbers. Learners to play digital games involving subtraction. Learners to work out missing numbers in patterns involving subtraction.,1.5 Subtraction Quest,"Explore 1.5 subtraction through interactive activities, hands-on practice, and real-life application.",What did you learn about subtraction: final assessment today? How can you use this in your daily life?,10,1,30,Developing,How do you work out missing numbers in patterns involving subtraction?,Learners in pairs/groups to subtract single digit numbers by comparing groups of objects. Learners to subtract up to 2-digit numbers without regrouping in horizontal and vertical forms. Learners to discuss the relationship between addition and subtraction using number families. Learners to work out missing numbers in subtraction of up to 2-digit numbers. Learners to play digital games involving subtraction. Learners to work out missing numbers in patterns involving subtraction.,"Oral questions, written exercise, observation","Respect, Unity, Responsibility","Communication and Collaboration, Critical Thinking and Problem Solving, Self-efficacy, Imagination and Creativity, Digital Literacy","Life skills: interpersonal relationship, effective communication, friendship formation; Citizenship: social cohesion",KICD Lower Primary Curriculum Designs Vol.2 (Aug 2017),Page 35-36,HIGH — official KICD curriculum document,DRAFT,NEW,LOW — sourced from official KICD document,"Source: KICD Lower Primary Curriculum Designs Vol.2, page 35-36. 20 lessons allocated for this sub-strand."
2,Mathematical Activities,Numbers,1.6 Multiplication,"By the end of the lesson, the learner should be able to: represent multiplication as repeated addition using numbers 1, 2, 3, 4 and 5 up to five times",Introduction to Multiplication as Repeated Addition,Term 1,Week 12,Activity: Introduction to Multiplication as Repeated Addition,"Learners in pairs/groups to use counters to represent multiplication as repeated addition. Learners in pairs/groups to use number lines to represent multiplication as repeated addition. Learners to use '×' sign in writing repeated addition sentences as multiplication. Learners to multiply single digit numbers by 1, 2, 3, 4, 5 and 10. Learners to play digital games involving multiplication. Learners could visit the local market to see how fruits are arranged in groups.",1.6 Multiplication Quest,"Explore 1.6 multiplication through interactive activities, hands-on practice, and real-life application.",What did you learn about introduction to multiplication as repeated addition today? How can you use this in your daily life?,10,1,30,Developing,How do you represent multiplication as repeated addition?,"Learners in pairs/groups to use counters to represent multiplication as repeated addition. Learners in pairs/groups to use number lines to represent multiplication as repeated addition. Learners to use '×' sign in writing repeated addition sentences as multiplication. Learners to multiply single digit numbers by 1, 2, 3, 4, 5 and 10. Learners to play digital games involving multiplication. Learners could visit the local market to see how fruits are arranged in groups.","Oral questions, written exercises, observation","Respect, Unity, Responsibility","Communication and Collaboration, Critical Thinking and Problem Solving, Digital Literacy",Life skills: self-awareness - when learners use their fingers; ESD: DRR; environmental awareness - re-use of materials collected,KICD Lower Primary Curriculum Designs Vol.2 (Aug 2017),Page 37,HIGH — official KICD curriculum document,DRAFT,NEW,LOW — sourced from official KICD document,"Source: KICD Lower Primary Curriculum Designs Vol.2, page 37. 12 lessons allocated for this sub-strand."
2,Mathematical Activities,Numbers,1.6 Multiplication,"By the end of the lesson, the learner should be able to: write repeated addition sentences as multiplication, using '×' sign",Multiplication as Repeated Addition Using Counters,Term 1,Week 12,Activity: Multiplication as Repeated Addition Using Counters,"Learners in pairs/groups to use counters to represent multiplication as repeated addition. Learners in pairs/groups to use number lines to represent multiplication as repeated addition. Learners to use '×' sign in writing repeated addition sentences as multiplication. Learners to multiply single digit numbers by 1, 2, 3, 4, 5 and 10. Learners to play digital games involving multiplication. Learners could visit the local market to see how fruits are arranged in groups.",1.6 Multiplication Quest,"Explore 1.6 multiplication through interactive activities, hands-on practice, and real-life application.",What did you learn about multiplication as repeated addition using counters today? How can you use this in your daily life?,10,1,30,Developing,How do you represent multiplication as repeated addition?,"Learners in pairs/groups to use counters to represent multiplication as repeated addition. Learners in pairs/groups to use number lines to represent multiplication as repeated addition. Learners to use '×' sign in writing repeated addition sentences as multiplication. Learners to multiply single digit numbers by 1, 2, 3, 4, 5 and 10. Learners to play digital games involving multiplication. Learners could visit the local market to see how fruits are arranged in groups.","Oral questions, written exercises, observation","Respect, Unity, Responsibility","Communication and Collaboration, Critical Thinking and Problem Solving, Digital Literacy",Life skills: self-awareness - when learners use their fingers; ESD: DRR; environmental awareness - re-use of materials collected,KICD Lower Primary Curriculum Designs Vol.2 (Aug 2017),Page 37,HIGH — official KICD curriculum document,DRAFT,NEW,LOW — sourced from official KICD document,"Source: KICD Lower Primary Curriculum Designs Vol.2, page 37. 12 lessons allocated for this sub-strand."
2,Mathematical Activities,Numbers,1.6 Multiplication,"By the end of the lesson, the learner should be able to: multiply single digit numbers by 1, 2, 3, 4, 5 and 10",Multiplication as Repeated Addition Using Number Lines,Term 1,Week 12,Activity: Multiplication as Repeated Addition Using Number Lines,"Learners in pairs/groups to use counters to represent multiplication as repeated addition. Learners in pairs/groups to use number lines to represent multiplication as repeated addition. Learners to use '×' sign in writing repeated addition sentences as multiplication. Learners to multiply single digit numbers by 1, 2, 3, 4, 5 and 10. Learners to play digital games involving multiplication. Learners could visit the local market to see how fruits are arranged in groups.",1.6 Multiplication Quest,"Explore 1.6 multiplication through interactive activities, hands-on practice, and real-life application.",What did you learn about multiplication as repeated addition using number lines today? How can you use this in your daily life?,10,1,30,Developing,How do you represent multiplication as repeated addition?,"Learners in pairs/groups to use counters to represent multiplication as repeated addition. Learners in pairs/groups to use number lines to represent multiplication as repeated addition. Learners to use '×' sign in writing repeated addition sentences as multiplication. Learners to multiply single digit numbers by 1, 2, 3, 4, 5 and 10. Learners to play digital games involving multiplication. Learners could visit the local market to see how fruits are arranged in groups.","Oral questions, written exercises, observation","Respect, Unity, Responsibility","Communication and Collaboration, Critical Thinking and Problem Solving, Digital Literacy",Life skills: self-awareness - when learners use their fingers; ESD: DRR; environmental awareness - re-use of materials collected,KICD Lower Primary Curriculum Designs Vol.2 (Aug 2017),Page 37,HIGH — official KICD curriculum document,DRAFT,NEW,LOW — sourced from official KICD document,"Source: KICD Lower Primary Curriculum Designs Vol.2, page 37. 12 lessons allocated for this sub-strand."
2,Mathematical Activities,Numbers,1.6 Multiplication,"By the end of the lesson, the learner should be able to: multiply single digit numbers by 1, 2, 3, 4, 5 and 10",Writing Multiplication Sentences Using the × Sign,Term 1,Week 12,Activity: Writing Multiplication Sentences Using the × Sign,"Learners in pairs/groups to use counters to represent multiplication as repeated addition. Learners in pairs/groups to use number lines to represent multiplication as repeated addition. Learners to use '×' sign in writing repeated addition sentences as multiplication. Learners to multiply single digit numbers by 1, 2, 3, 4, 5 and 10. Learners to play digital games involving multiplication. Learners could visit the local market to see how fruits are arranged in groups.",1.6 Multiplication Quest,"Explore 1.6 multiplication through interactive activities, hands-on practice, and real-life application.",What did you learn about writing multiplication sentences using the × sign today? How can you use this in your daily life?,10,1,30,Developing,How do you represent multiplication as repeated addition?,"Learners in pairs/groups to use counters to represent multiplication as repeated addition. Learners in pairs/groups to use number lines to represent multiplication as repeated addition. Learners to use '×' sign in writing repeated addition sentences as multiplication. Learners to multiply single digit numbers by 1, 2, 3, 4, 5 and 10. Learners to play digital games involving multiplication. Learners could visit the local market to see how fruits are arranged in groups.","Oral questions, written exercises, observation","Respect, Unity, Responsibility","Communication and Collaboration, Critical Thinking and Problem Solving, Digital Literacy",Life skills: self-awareness - when learners use their fingers; ESD: DRR; environmental awareness - re-use of materials collected,KICD Lower Primary Curriculum Designs Vol.2 (Aug 2017),Page 37,HIGH — official KICD curriculum document,DRAFT,NEW,LOW — sourced from official KICD document,"Source: KICD Lower Primary Curriculum Designs Vol.2, page 37. 12 lessons allocated for this sub-strand."
2,Mathematical Activities,Numbers,1.6 Multiplication,"By the end of the lesson, the learner should be able to: multiply single digit numbers by 1, 2, 3, 4, 5 and 10",Multiplying by 1 and 2,Term 1,Week 12,Activity: Multiplying by 1 and 2,"Learners in pairs/groups to use counters to represent multiplication as repeated addition. Learners in pairs/groups to use number lines to represent multiplication as repeated addition. Learners to use '×' sign in writing repeated addition sentences as multiplication. Learners to multiply single digit numbers by 1, 2, 3, 4, 5 and 10. Learners to play digital games involving multiplication. Learners could visit the local market to see how fruits are arranged in groups.",1.6 Multiplication Quest,"Explore 1.6 multiplication through interactive activities, hands-on practice, and real-life application.",What did you learn about multiplying by 1 and 2 today? How can you use this in your daily life?,10,1,30,Developing,How do you represent multiplication as repeated addition?,"Learners in pairs/groups to use counters to represent multiplication as repeated addition. Learners in pairs/groups to use number lines to represent multiplication as repeated addition. Learners to use '×' sign in writing repeated addition sentences as multiplication. Learners to multiply single digit numbers by 1, 2, 3, 4, 5 and 10. Learners to play digital games involving multiplication. Learners could visit the local market to see how fruits are arranged in groups.","Oral questions, written exercises, observation","Respect, Unity, Responsibility","Communication and Collaboration, Critical Thinking and Problem Solving, Digital Literacy",Life skills: self-awareness - when learners use their fingers; ESD: DRR; environmental awareness - re-use of materials collected,KICD Lower Primary Curriculum Designs Vol.2 (Aug 2017),Page 37,HIGH — official KICD curriculum document,DRAFT,NEW,LOW — sourced from official KICD document,"Source: KICD Lower Primary Curriculum Designs Vol.2, page 37. 12 lessons allocated for this sub-strand."
2,Mathematical Activities,Numbers,1.6 Multiplication,"By the end of the lesson, the learner should be able to: multiply single digit numbers by 1, 2, 3, 4, 5 and 10",Multiplying by 3 and 4,Term 1,Week 12,Activity: Multiplying by 3 and 4,"Learners in pairs/groups to use counters to represent multiplication as repeated addition. Learners in pairs/groups to use number lines to represent multiplication as repeated addition. Learners to use '×' sign in writing repeated addition sentences as multiplication. Learners to multiply single digit numbers by 1, 2, 3, 4, 5 and 10. Learners to play digital games involving multiplication. Learners could visit the local market to see how fruits are arranged in groups.",1.6 Multiplication Quest,"Explore 1.6 multiplication through interactive activities, hands-on practice, and real-life application.",What did you learn about multiplying by 3 and 4 today? How can you use this in your daily life?,10,1,30,Developing,How do you represent multiplication as repeated addition?,"Learners in pairs/groups to use counters to represent multiplication as repeated addition. Learners in pairs/groups to use number lines to represent multiplication as repeated addition. Learners to use '×' sign in writing repeated addition sentences as multiplication. Learners to multiply single digit numbers by 1, 2, 3, 4, 5 and 10. Learners to play digital games involving multiplication. Learners could visit the local market to see how fruits are arranged in groups.","Oral questions, written exercises, observation","Respect, Unity, Responsibility","Communication and Collaboration, Critical Thinking and Problem Solving, Digital Literacy",Life skills: self-awareness - when learners use their fingers; ESD: DRR; environmental awareness - re-use of materials collected,KICD Lower Primary Curriculum Designs Vol.2 (Aug 2017),Page 37,HIGH — official KICD curriculum document,DRAFT,NEW,LOW — sourced from official KICD document,"Source: KICD Lower Primary Curriculum Designs Vol.2, page 37. 12 lessons allocated for this sub-strand."
2,Mathematical Activities,Numbers,1.6 Multiplication,"By the end of the lesson, the learner should be able to: multiply single digit numbers by 1, 2, 3, 4, 5 and 10",Multiplying by 5 and 10,Term 1,Week 12,Activity: Multiplying by 5 and 10,"Learners in pairs/groups to use counters to represent multiplication as repeated addition. Learners in pairs/groups to use number lines to represent multiplication as repeated addition. Learners to use '×' sign in writing repeated addition sentences as multiplication. Learners to multiply single digit numbers by 1, 2, 3, 4, 5 and 10. Learners to play digital games involving multiplication. Learners could visit the local market to see how fruits are arranged in groups.",1.6 Multiplication Quest,"Explore 1.6 multiplication through interactive activities, hands-on practice, and real-life application.",What did you learn about multiplying by 5 and 10 today? How can you use this in your daily life?,10,1,30,Developing,How do you represent multiplication as repeated addition?,"Learners in pairs/groups to use counters to represent multiplication as repeated addition. Learners in pairs/groups to use number lines to represent multiplication as repeated addition. Learners to use '×' sign in writing repeated addition sentences as multiplication. Learners to multiply single digit numbers by 1, 2, 3, 4, 5 and 10. Learners to play digital games involving multiplication. Learners could visit the local market to see how fruits are arranged in groups.","Oral questions, written exercises, observation","Respect, Unity, Responsibility","Communication and Collaboration, Critical Thinking and Problem Solving, Digital Literacy",Life skills: self-awareness - when learners use their fingers; ESD: DRR; environmental awareness - re-use of materials collected,KICD Lower Primary Curriculum Designs Vol.2 (Aug 2017),Page 37,HIGH — official KICD curriculum document,DRAFT,NEW,LOW — sourced from official KICD document,"Source: KICD Lower Primary Curriculum Designs Vol.2, page 37. 12 lessons allocated for this sub-strand."
2,Mathematical Activities,Numbers,1.6 Multiplication,"By the end of the lesson, the learner should be able to: multiply single digit numbers by 1, 2, 3, 4, 5 and 10",Multiplication: Practice and Application,Term 1,Week 12,Activity: Multiplication: Practice and Application,"Learners in pairs/groups to use counters to represent multiplication as repeated addition. Learners in pairs/groups to use number lines to represent multiplication as repeated addition. Learners to use '×' sign in writing repeated addition sentences as multiplication. Learners to multiply single digit numbers by 1, 2, 3, 4, 5 and 10. Learners to play digital games involving multiplication. Learners could visit the local market to see how fruits are arranged in groups.",1.6 Multiplication Quest,"Explore 1.6 multiplication through interactive activities, hands-on practice, and real-life application.",What did you learn about multiplication: practice and application today? How can you use this in your daily life?,10,1,30,Developing,How do you represent multiplication as repeated addition?,"Learners in pairs/groups to use counters to represent multiplication as repeated addition. Learners in pairs/groups to use number lines to represent multiplication as repeated addition. Learners to use '×' sign in writing repeated addition sentences as multiplication. Learners to multiply single digit numbers by 1, 2, 3, 4, 5 and 10. Learners to play digital games involving multiplication. Learners could visit the local market to see how fruits are arranged in groups.","Oral questions, written exercises, observation","Respect, Unity, Responsibility","Communication and Collaboration, Critical Thinking and Problem Solving, Digital Literacy",Life skills: self-awareness - when learners use their fingers; ESD: DRR; environmental awareness - re-use of materials collected,KICD Lower Primary Curriculum Designs Vol.2 (Aug 2017),Page 37,HIGH — official KICD curriculum document,DRAFT,NEW,LOW — sourced from official KICD document,"Source: KICD Lower Primary Curriculum Designs Vol.2, page 37. 12 lessons allocated for this sub-strand."
2,Mathematical Activities,Numbers,1.6 Multiplication,"By the end of the lesson, the learner should be able to: multiply single digit numbers by 1, 2, 3, 4, 5 and 10",Multiplication: Word Problems,Term 1,Week 12,Activity: Multiplication: Word Problems,"Learners in pairs/groups to use counters to represent multiplication as repeated addition. Learners in pairs/groups to use number lines to represent multiplication as repeated addition. Learners to use '×' sign in writing repeated addition sentences as multiplication. Learners to multiply single digit numbers by 1, 2, 3, 4, 5 and 10. Learners to play digital games involving multiplication. Learners could visit the local market to see how fruits are arranged in groups.",1.6 Multiplication Quest,"Explore 1.6 multiplication through interactive activities, hands-on practice, and real-life application.",What did you learn about multiplication: word problems today? How can you use this in your daily life?,10,1,30,Developing,How do you represent multiplication as repeated addition?,"Learners in pairs/groups to use counters to represent multiplication as repeated addition. Learners in pairs/groups to use number lines to represent multiplication as repeated addition. Learners to use '×' sign in writing repeated addition sentences as multiplication. Learners to multiply single digit numbers by 1, 2, 3, 4, 5 and 10. Learners to play digital games involving multiplication. Learners could visit the local market to see how fruits are arranged in groups.","Oral questions, written exercises, observation","Respect, Unity, Responsibility","Communication and Collaboration, Critical Thinking and Problem Solving, Digital Literacy",Life skills: self-awareness - when learners use their fingers; ESD: DRR; environmental awareness - re-use of materials collected,KICD Lower Primary Curriculum Designs Vol.2 (Aug 2017),Page 37,HIGH — official KICD curriculum document,DRAFT,NEW,LOW — sourced from official KICD document,"Source: KICD Lower Primary Curriculum Designs Vol.2, page 37. 12 lessons allocated for this sub-strand."
2,Mathematical Activities,Numbers,1.6 Multiplication,"By the end of the lesson, the learner should be able to: multiply single digit numbers by 1, 2, 3, 4, 5 and 10",Multiplication: Digital Games,Term 1,Week 12,Activity: Multiplication: Digital Games,"Learners in pairs/groups to use counters to represent multiplication as repeated addition. Learners in pairs/groups to use number lines to represent multiplication as repeated addition. Learners to use '×' sign in writing repeated addition sentences as multiplication. Learners to multiply single digit numbers by 1, 2, 3, 4, 5 and 10. Learners to play digital games involving multiplication. Learners could visit the local market to see how fruits are arranged in groups.",1.6 Multiplication Quest,"Explore 1.6 multiplication through interactive activities, hands-on practice, and real-life application.",What did you learn about multiplication: digital games today? How can you use this in your daily life?,10,1,30,Developing,How do you represent multiplication as repeated addition?,"Learners in pairs/groups to use counters to represent multiplication as repeated addition. Learners in pairs/groups to use number lines to represent multiplication as repeated addition. Learners to use '×' sign in writing repeated addition sentences as multiplication. Learners to multiply single digit numbers by 1, 2, 3, 4, 5 and 10. Learners to play digital games involving multiplication. Learners could visit the local market to see how fruits are arranged in groups.","Oral questions, written exercises, observation","Respect, Unity, Responsibility","Communication and Collaboration, Critical Thinking and Problem Solving, Digital Literacy",Life skills: self-awareness - when learners use their fingers; ESD: DRR; environmental awareness - re-use of materials collected,KICD Lower Primary Curriculum Designs Vol.2 (Aug 2017),Page 37,HIGH — official KICD curriculum document,DRAFT,NEW,LOW — sourced from official KICD document,"Source: KICD Lower Primary Curriculum Designs Vol.2, page 37. 12 lessons allocated for this sub-strand."
2,Mathematical Activities,Numbers,1.6 Multiplication,"By the end of the lesson, the learner should be able to: multiply single digit numbers by 1, 2, 3, 4, 5 and 10",Multiplication: Patterns and Arrays,Term 1,Week 12,Activity: Multiplication: Patterns and Arrays,"Learners in pairs/groups to use counters to represent multiplication as repeated addition. Learners in pairs/groups to use number lines to represent multiplication as repeated addition. Learners to use '×' sign in writing repeated addition sentences as multiplication. Learners to multiply single digit numbers by 1, 2, 3, 4, 5 and 10. Learners to play digital games involving multiplication. Learners could visit the local market to see how fruits are arranged in groups.",1.6 Multiplication Quest,"Explore 1.6 multiplication through interactive activities, hands-on practice, and real-life application.",What did you learn about multiplication: patterns and arrays today? How can you use this in your daily life?,10,1,30,Developing,How do you represent multiplication as repeated addition?,"Learners in pairs/groups to use counters to represent multiplication as repeated addition. Learners in pairs/groups to use number lines to represent multiplication as repeated addition. Learners to use '×' sign in writing repeated addition sentences as multiplication. Learners to multiply single digit numbers by 1, 2, 3, 4, 5 and 10. Learners to play digital games involving multiplication. Learners could visit the local market to see how fruits are arranged in groups.","Oral questions, written exercises, observation","Respect, Unity, Responsibility","Communication and Collaboration, Critical Thinking and Problem Solving, Digital Literacy",Life skills: self-awareness - when learners use their fingers; ESD: DRR; environmental awareness - re-use of materials collected,KICD Lower Primary Curriculum Designs Vol.2 (Aug 2017),Page 37,HIGH — official KICD curriculum document,DRAFT,NEW,LOW — sourced from official KICD document,"Source: KICD Lower Primary Curriculum Designs Vol.2, page 37. 12 lessons allocated for this sub-strand."
2,Mathematical Activities,Numbers,1.6 Multiplication,"By the end of the lesson, the learner should be able to: multiply single digit numbers by 1, 2, 3, 4, 5 and 10",Multiplication: Assessment and Review,Term 1,Week 12,Activity: Multiplication: Assessment and Review,"Learners in pairs/groups to use counters to represent multiplication as repeated addition. Learners in pairs/groups to use number lines to represent multiplication as repeated addition. Learners to use '×' sign in writing repeated addition sentences as multiplication. Learners to multiply single digit numbers by 1, 2, 3, 4, 5 and 10. Learners to play digital games involving multiplication. Learners could visit the local market to see how fruits are arranged in groups.",1.6 Multiplication Quest,"Explore 1.6 multiplication through interactive activities, hands-on practice, and real-life application.",What did you learn about multiplication: assessment and review today? How can you use this in your daily life?,10,1,30,Developing,How do you represent multiplication as repeated addition?,"Learners in pairs/groups to use counters to represent multiplication as repeated addition. Learners in pairs/groups to use number lines to represent multiplication as repeated addition. Learners to use '×' sign in writing repeated addition sentences as multiplication. Learners to multiply single digit numbers by 1, 2, 3, 4, 5 and 10. Learners to play digital games involving multiplication. Learners could visit the local market to see how fruits are arranged in groups.","Oral questions, written exercises, observation","Respect, Unity, Responsibility","Communication and Collaboration, Critical Thinking and Problem Solving, Digital Literacy",Life skills: self-awareness - when learners use their fingers; ESD: DRR; environmental awareness - re-use of materials collected,KICD Lower Primary Curriculum Designs Vol.2 (Aug 2017),Page 37,HIGH — official KICD curriculum document,DRAFT,NEW,LOW — sourced from official KICD document,"Source: KICD Lower Primary Curriculum Designs Vol.2, page 37. 12 lessons allocated for this sub-strand."
2,Mathematical Activities,Numbers,1.7 Division,"By the end of the lesson, the learner should be able to: represent division as equal sharing",Introduction to Division as Equal Sharing,Term 1,Week 12,Activity: Introduction to Division as Equal Sharing,"Learners in pairs/groups to share a given number of objects equally by each picking one object at a time until all are finished. Learners in pairs/groups to pick an equal number of objects at a time from the main group and count the number of small equal groups formed. Learners to use '÷' sign in writing division sentences. Learners to play digital games involving division. Learners to divide numbers up to 25 by 2, 3, 4 and 5 without a remainder.",1.7 Division Quest,"Explore 1.7 division through interactive activities, hands-on practice, and real-life application.",What did you learn about introduction to division as equal sharing today? How can you use this in your daily life?,10,1,30,Developing,How can you share a given number of objects equally?,"Learners in pairs/groups to share a given number of objects equally by each picking one object at a time until all are finished. Learners in pairs/groups to pick an equal number of objects at a time from the main group and count the number of small equal groups formed. Learners to use '÷' sign in writing division sentences. Learners to play digital games involving division. Learners to divide numbers up to 25 by 2, 3, 4 and 5 without a remainder.","Oral questions, written exercises, observation","Respect, Responsibility, Love, Integrity, Social Justice","Communication and Collaboration, Critical Thinking and Problem Solving, Digital Literacy",Citizenship: social cohesion - as learners work in groups; ESD: DRR; safety - of materials that learners use,KICD Lower Primary Curriculum Designs Vol.2 (Aug 2017),Page 38-39,HIGH — official KICD curriculum document,DRAFT,NEW,LOW — sourced from official KICD document,"Source: KICD Lower Primary Curriculum Designs Vol.2, page 38-39. 8 lessons allocated for this sub-strand."
2,Mathematical Activities,Numbers,1.7 Division,"By the end of the lesson, the learner should be able to: represent division as equal grouping",Division as Equal Grouping,Term 1,Week 12,Activity: Division as Equal Grouping,"Learners in pairs/groups to share a given number of objects equally by each picking one object at a time until all are finished. Learners in pairs/groups to pick an equal number of objects at a time from the main group and count the number of small equal groups formed. Learners to use '÷' sign in writing division sentences. Learners to play digital games involving division. Learners to divide numbers up to 25 by 2, 3, 4 and 5 without a remainder.",1.7 Division Quest,"Explore 1.7 division through interactive activities, hands-on practice, and real-life application.",What did you learn about division as equal grouping today? How can you use this in your daily life?,10,1,30,Developing,How can you share a given number of objects equally?,"Learners in pairs/groups to share a given number of objects equally by each picking one object at a time until all are finished. Learners in pairs/groups to pick an equal number of objects at a time from the main group and count the number of small equal groups formed. Learners to use '÷' sign in writing division sentences. Learners to play digital games involving division. Learners to divide numbers up to 25 by 2, 3, 4 and 5 without a remainder.","Oral questions, written exercises, observation","Respect, Responsibility, Love, Integrity, Social Justice","Communication and Collaboration, Critical Thinking and Problem Solving, Digital Literacy",Citizenship: social cohesion - as learners work in groups; ESD: DRR; safety - of materials that learners use,KICD Lower Primary Curriculum Designs Vol.2 (Aug 2017),Page 38-39,HIGH — official KICD curriculum document,DRAFT,NEW,LOW — sourced from official KICD document,"Source: KICD Lower Primary Curriculum Designs Vol.2, page 38-39. 8 lessons allocated for this sub-strand."
2,Mathematical Activities,Numbers,1.7 Division,"By the end of the lesson, the learner should be able to: use '÷' sign in writing division sentences",Writing Division Sentences Using the ÷ Sign,Term 1,Week 12,Activity: Writing Division Sentences Using the ÷ Sign,"Learners in pairs/groups to share a given number of objects equally by each picking one object at a time until all are finished. Learners in pairs/groups to pick an equal number of objects at a time from the main group and count the number of small equal groups formed. Learners to use '÷' sign in writing division sentences. Learners to play digital games involving division. Learners to divide numbers up to 25 by 2, 3, 4 and 5 without a remainder.",1.7 Division Quest,"Explore 1.7 division through interactive activities, hands-on practice, and real-life application.",What did you learn about writing division sentences using the ÷ sign today? How can you use this in your daily life?,10,1,30,Developing,How can you share a given number of objects equally?,"Learners in pairs/groups to share a given number of objects equally by each picking one object at a time until all are finished. Learners in pairs/groups to pick an equal number of objects at a time from the main group and count the number of small equal groups formed. Learners to use '÷' sign in writing division sentences. Learners to play digital games involving division. Learners to divide numbers up to 25 by 2, 3, 4 and 5 without a remainder.","Oral questions, written exercises, observation","Respect, Responsibility, Love, Integrity, Social Justice","Communication and Collaboration, Critical Thinking and Problem Solving, Digital Literacy",Citizenship: social cohesion - as learners work in groups; ESD: DRR; safety - of materials that learners use,KICD Lower Primary Curriculum Designs Vol.2 (Aug 2017),Page 38-39,HIGH — official KICD curriculum document,DRAFT,NEW,LOW — sourced from official KICD document,"Source: KICD Lower Primary Curriculum Designs Vol.2, page 38-39. 8 lessons allocated for this sub-strand."
2,Mathematical Activities,Numbers,1.7 Division,"By the end of the lesson, the learner should be able to: divide numbers up to 25 by 2, 3, 4 and 5 without a remainder in real life situations",Dividing Numbers up to 25 by 2 and 3,Term 1,Week 12,Activity: Dividing Numbers up to 25 by 2 and 3,"Learners in pairs/groups to share a given number of objects equally by each picking one object at a time until all are finished. Learners in pairs/groups to pick an equal number of objects at a time from the main group and count the number of small equal groups formed. Learners to use '÷' sign in writing division sentences. Learners to play digital games involving division. Learners to divide numbers up to 25 by 2, 3, 4 and 5 without a remainder.",1.7 Division Quest,"Explore 1.7 division through interactive activities, hands-on practice, and real-life application.",What did you learn about dividing numbers up to 25 by 2 and 3 today? How can you use this in your daily life?,10,1,30,Developing,How can you share a given number of objects equally?,"Learners in pairs/groups to share a given number of objects equally by each picking one object at a time until all are finished. Learners in pairs/groups to pick an equal number of objects at a time from the main group and count the number of small equal groups formed. Learners to use '÷' sign in writing division sentences. Learners to play digital games involving division. Learners to divide numbers up to 25 by 2, 3, 4 and 5 without a remainder.","Oral questions, written exercises, observation","Respect, Responsibility, Love, Integrity, Social Justice","Communication and Collaboration, Critical Thinking and Problem Solving, Digital Literacy",Citizenship: social cohesion - as learners work in groups; ESD: DRR; safety - of materials that learners use,KICD Lower Primary Curriculum Designs Vol.2 (Aug 2017),Page 38-39,HIGH — official KICD curriculum document,DRAFT,NEW,LOW — sourced from official KICD document,"Source: KICD Lower Primary Curriculum Designs Vol.2, page 38-39. 8 lessons allocated for this sub-strand."
2,Mathematical Activities,Numbers,1.7 Division,"By the end of the lesson, the learner should be able to: divide numbers up to 25 by 2, 3, 4 and 5 without a remainder in real life situations",Dividing Numbers up to 25 by 4 and 5,Term 1,Week 12,Activity: Dividing Numbers up to 25 by 4 and 5,"Learners in pairs/groups to share a given number of objects equally by each picking one object at a time until all are finished. Learners in pairs/groups to pick an equal number of objects at a time from the main group and count the number of small equal groups formed. Learners to use '÷' sign in writing division sentences. Learners to play digital games involving division. Learners to divide numbers up to 25 by 2, 3, 4 and 5 without a remainder.",1.7 Division Quest,"Explore 1.7 division through interactive activities, hands-on practice, and real-life application.",What did you learn about dividing numbers up to 25 by 4 and 5 today? How can you use this in your daily life?,10,1,30,Developing,How can you share a given number of objects equally?,"Learners in pairs/groups to share a given number of objects equally by each picking one object at a time until all are finished. Learners in pairs/groups to pick an equal number of objects at a time from the main group and count the number of small equal groups formed. Learners to use '÷' sign in writing division sentences. Learners to play digital games involving division. Learners to divide numbers up to 25 by 2, 3, 4 and 5 without a remainder.","Oral questions, written exercises, observation","Respect, Responsibility, Love, Integrity, Social Justice","Communication and Collaboration, Critical Thinking and Problem Solving, Digital Literacy",Citizenship: social cohesion - as learners work in groups; ESD: DRR; safety - of materials that learners use,KICD Lower Primary Curriculum Designs Vol.2 (Aug 2017),Page 38-39,HIGH — official KICD curriculum document,DRAFT,NEW,LOW — sourced from official KICD document,"Source: KICD Lower Primary Curriculum Designs Vol.2, page 38-39. 8 lessons allocated for this sub-strand."
2,Mathematical Activities,Numbers,1.7 Division,"By the end of the lesson, the learner should be able to: divide numbers up to 25 by 2, 3, 4 and 5 without a remainder in real life situations",Division: Word Problems,Term 1,Week 12,Activity: Division: Word Problems,"Learners in pairs/groups to share a given number of objects equally by each picking one object at a time until all are finished. Learners in pairs/groups to pick an equal number of objects at a time from the main group and count the number of small equal groups formed. Learners to use '÷' sign in writing division sentences. Learners to play digital games involving division. Learners to divide numbers up to 25 by 2, 3, 4 and 5 without a remainder.",1.7 Division Quest,"Explore 1.7 division through interactive activities, hands-on practice, and real-life application.",What did you learn about division: word problems today? How can you use this in your daily life?,10,1,30,Developing,How can you share a given number of objects equally?,"Learners in pairs/groups to share a given number of objects equally by each picking one object at a time until all are finished. Learners in pairs/groups to pick an equal number of objects at a time from the main group and count the number of small equal groups formed. Learners to use '÷' sign in writing division sentences. Learners to play digital games involving division. Learners to divide numbers up to 25 by 2, 3, 4 and 5 without a remainder.","Oral questions, written exercises, observation","Respect, Responsibility, Love, Integrity, Social Justice","Communication and Collaboration, Critical Thinking and Problem Solving, Digital Literacy",Citizenship: social cohesion - as learners work in groups; ESD: DRR; safety - of materials that learners use,KICD Lower Primary Curriculum Designs Vol.2 (Aug 2017),Page 38-39,HIGH — official KICD curriculum document,DRAFT,NEW,LOW — sourced from official KICD document,"Source: KICD Lower Primary Curriculum Designs Vol.2, page 38-39. 8 lessons allocated for this sub-strand."
2,Mathematical Activities,Numbers,1.7 Division,"By the end of the lesson, the learner should be able to: divide numbers up to 25 by 2, 3, 4 and 5 without a remainder in real life situations",Division: Digital Games,Term 1,Week 12,Activity: Division: Digital Games,"Learners in pairs/groups to share a given number of objects equally by each picking one object at a time until all are finished. Learners in pairs/groups to pick an equal number of objects at a time from the main group and count the number of small equal groups formed. Learners to use '÷' sign in writing division sentences. Learners to play digital games involving division. Learners to divide numbers up to 25 by 2, 3, 4 and 5 without a remainder.",1.7 Division Quest,"Explore 1.7 division through interactive activities, hands-on practice, and real-life application.",What did you learn about division: digital games today? How can you use this in your daily life?,10,1,30,Developing,How can you share a given number of objects equally?,"Learners in pairs/groups to share a given number of objects equally by each picking one object at a time until all are finished. Learners in pairs/groups to pick an equal number of objects at a time from the main group and count the number of small equal groups formed. Learners to use '÷' sign in writing division sentences. Learners to play digital games involving division. Learners to divide numbers up to 25 by 2, 3, 4 and 5 without a remainder.","Oral questions, written exercises, observation","Respect, Responsibility, Love, Integrity, Social Justice","Communication and Collaboration, Critical Thinking and Problem Solving, Digital Literacy",Citizenship: social cohesion - as learners work in groups; ESD: DRR; safety - of materials that learners use,KICD Lower Primary Curriculum Designs Vol.2 (Aug 2017),Page 38-39,HIGH — official KICD curriculum document,DRAFT,NEW,LOW — sourced from official KICD document,"Source: KICD Lower Primary Curriculum Designs Vol.2, page 38-39. 8 lessons allocated for this sub-strand."
2,Mathematical Activities,Numbers,1.7 Division,"By the end of the lesson, the learner should be able to: divide numbers up to 25 by 2, 3, 4 and 5 without a remainder in real life situations",Division: Practice and Assessment,Term 1,Week 12,Activity: Division: Practice and Assessment,"Learners in pairs/groups to share a given number of objects equally by each picking one object at a time until all are finished. Learners in pairs/groups to pick an equal number of objects at a time from the main group and count the number of small equal groups formed. Learners to use '÷' sign in writing division sentences. Learners to play digital games involving division. Learners to divide numbers up to 25 by 2, 3, 4 and 5 without a remainder.",1.7 Division Quest,"Explore 1.7 division through interactive activities, hands-on practice, and real-life application.",What did you learn about division: practice and assessment today? How can you use this in your daily life?,10,1,30,Developing,How can you share a given number of objects equally?,"Learners in pairs/groups to share a given number of objects equally by each picking one object at a time until all are finished. Learners in pairs/groups to pick an equal number of objects at a time from the main group and count the number of small equal groups formed. Learners to use '÷' sign in writing division sentences. Learners to play digital games involving division. Learners to divide numbers up to 25 by 2, 3, 4 and 5 without a remainder.","Oral questions, written exercises, observation","Respect, Responsibility, Love, Integrity, Social Justice","Communication and Collaboration, Critical Thinking and Problem Solving, Digital Literacy",Citizenship: social cohesion - as learners work in groups; ESD: DRR; safety - of materials that learners use,KICD Lower Primary Curriculum Designs Vol.2 (Aug 2017),Page 38-39,HIGH — official KICD curriculum document,DRAFT,NEW,LOW — sourced from official KICD document,"Source: KICD Lower Primary Curriculum Designs Vol.2, page 38-39. 8 lessons allocated for this sub-strand."
2,Mathematical Activities,Measurement,2.1 Length,"By the end of the lesson, the learner should be able to: measure length using fixed units",Measuring Length Using Fixed Units,Term 1,Week 12,Activity: Measuring Length Using Fixed Units,"Learners in pairs/groups to use sticks of equal length to measure different lengths, record and discuss. Learners in pairs/groups to measure length using sticks of different lengths, including 1-metre sticks. Learners to make 1-metre sticks and use them in measuring various lengths. Learners to play digital games involving length in metres.",2.1 Length Quest,"Explore 2.1 length through interactive activities, hands-on practice, and real-life application.",What did you learn about measuring length using fixed units today? How can you use this in your daily life?,10,1,30,Developing,What can you use to measure different lengths?,"Learners in pairs/groups to use sticks of equal length to measure different lengths, record and discuss. Learners in pairs/groups to measure length using sticks of different lengths, including 1-metre sticks. Learners to make 1-metre sticks and use them in measuring various lengths. Learners to play digital games involving length in metres.","Written exercises, observation, oral questions","Responsibility, Integrity, Unity","Communication and Collaboration, Critical Thinking and Problem Solving, Imagination and Creativity, Digital Literacy",ESD: DRR; safety - as learners handle objects,KICD Lower Primary Curriculum Designs Vol.2 (Aug 2017),Page 39,HIGH — official KICD curriculum document,DRAFT,NEW,LOW — sourced from official KICD document,"Source: KICD Lower Primary Curriculum Designs Vol.2, page 39. 6 lessons allocated for this sub-strand."
2,Mathematical Activities,Measurement,2.1 Length,"By the end of the lesson, the learner should be able to: identify the metre as a unit of measuring length",Comparing Measurements Using Different Units,Term 1,Week 12,Activity: Comparing Measurements Using Different Units,"Learners in pairs/groups to use sticks of equal length to measure different lengths, record and discuss. Learners in pairs/groups to measure length using sticks of different lengths, including 1-metre sticks. Learners to make 1-metre sticks and use them in measuring various lengths. Learners to play digital games involving length in metres.",2.1 Length Quest,"Explore 2.1 length through interactive activities, hands-on practice, and real-life application.",What did you learn about comparing measurements using different units today? How can you use this in your daily life?,10,1,30,Developing,What can you use to measure different lengths?,"Learners in pairs/groups to use sticks of equal length to measure different lengths, record and discuss. Learners in pairs/groups to measure length using sticks of different lengths, including 1-metre sticks. Learners to make 1-metre sticks and use them in measuring various lengths. Learners to play digital games involving length in metres.","Written exercises, observation, oral questions","Responsibility, Integrity, Unity","Communication and Collaboration, Critical Thinking and Problem Solving, Imagination and Creativity, Digital Literacy",ESD: DRR; safety - as learners handle objects,KICD Lower Primary Curriculum Designs Vol.2 (Aug 2017),Page 39,HIGH — official KICD curriculum document,DRAFT,NEW,LOW — sourced from official KICD document,"Source: KICD Lower Primary Curriculum Designs Vol.2, page 39. 6 lessons allocated for this sub-strand."
2,Mathematical Activities,Measurement,2.1 Length,"By the end of the lesson, the learner should be able to: measure length in metres",Introducing the Metre as a Standard Unit,Term 1,Week 12,Activity: Introducing the Metre as a Standard Unit,"Learners in pairs/groups to use sticks of equal length to measure different lengths, record and discuss. Learners in pairs/groups to measure length using sticks of different lengths, including 1-metre sticks. Learners to make 1-metre sticks and use them in measuring various lengths. Learners to play digital games involving length in metres.",2.1 Length Quest,"Explore 2.1 length through interactive activities, hands-on practice, and real-life application.",What did you learn about introducing the metre as a standard unit today? How can you use this in your daily life?,10,1,30,Developing,What can you use to measure different lengths?,"Learners in pairs/groups to use sticks of equal length to measure different lengths, record and discuss. Learners in pairs/groups to measure length using sticks of different lengths, including 1-metre sticks. Learners to make 1-metre sticks and use them in measuring various lengths. Learners to play digital games involving length in metres.","Written exercises, observation, oral questions","Responsibility, Integrity, Unity","Communication and Collaboration, Critical Thinking and Problem Solving, Imagination and Creativity, Digital Literacy",ESD: DRR; safety - as learners handle objects,KICD Lower Primary Curriculum Designs Vol.2 (Aug 2017),Page 39,HIGH — official KICD curriculum document,DRAFT,NEW,LOW — sourced from official KICD document,"Source: KICD Lower Primary Curriculum Designs Vol.2, page 39. 6 lessons allocated for this sub-strand."
2,Mathematical Activities,Measurement,2.1 Length,"By the end of the lesson, the learner should be able to: measure length in metres",Making and Using 1-Metre Sticks,Term 1,Week 12,Activity: Making and Using 1-Metre Sticks,"Learners in pairs/groups to use sticks of equal length to measure different lengths, record and discuss. Learners in pairs/groups to measure length using sticks of different lengths, including 1-metre sticks. Learners to make 1-metre sticks and use them in measuring various lengths. Learners to play digital games involving length in metres.",2.1 Length Quest,"Explore 2.1 length through interactive activities, hands-on practice, and real-life application.",What did you learn about making and using 1-metre sticks today? How can you use this in your daily life?,10,1,30,Developing,What can you use to measure different lengths?,"Learners in pairs/groups to use sticks of equal length to measure different lengths, record and discuss. Learners in pairs/groups to measure length using sticks of different lengths, including 1-metre sticks. Learners to make 1-metre sticks and use them in measuring various lengths. Learners to play digital games involving length in metres.","Written exercises, observation, oral questions","Responsibility, Integrity, Unity","Communication and Collaboration, Critical Thinking and Problem Solving, Imagination and Creativity, Digital Literacy",ESD: DRR; safety - as learners handle objects,KICD Lower Primary Curriculum Designs Vol.2 (Aug 2017),Page 39,HIGH — official KICD curriculum document,DRAFT,NEW,LOW — sourced from official KICD document,"Source: KICD Lower Primary Curriculum Designs Vol.2, page 39. 6 lessons allocated for this sub-strand."
2,Mathematical Activities,Measurement,2.1 Length,"By the end of the lesson, the learner should be able to: measure length in metres",Measuring Length in Metres,Term 1,Week 12,Activity: Measuring Length in Metres,"Learners in pairs/groups to use sticks of equal length to measure different lengths, record and discuss. Learners in pairs/groups to measure length using sticks of different lengths, including 1-metre sticks. Learners to make 1-metre sticks and use them in measuring various lengths. Learners to play digital games involving length in metres.",2.1 Length Quest,"Explore 2.1 length through interactive activities, hands-on practice, and real-life application.",What did you learn about measuring length in metres today? How can you use this in your daily life?,10,1,30,Developing,What can you use to measure different lengths?,"Learners in pairs/groups to use sticks of equal length to measure different lengths, record and discuss. Learners in pairs/groups to measure length using sticks of different lengths, including 1-metre sticks. Learners to make 1-metre sticks and use them in measuring various lengths. Learners to play digital games involving length in metres.","Written exercises, observation, oral questions","Responsibility, Integrity, Unity","Communication and Collaboration, Critical Thinking and Problem Solving, Imagination and Creativity, Digital Literacy",ESD: DRR; safety - as learners handle objects,KICD Lower Primary Curriculum Designs Vol.2 (Aug 2017),Page 39,HIGH — official KICD curriculum document,DRAFT,NEW,LOW — sourced from official KICD document,"Source: KICD Lower Primary Curriculum Designs Vol.2, page 39. 6 lessons allocated for this sub-strand."
2,Mathematical Activities,Measurement,2.1 Length,"By the end of the lesson, the learner should be able to: measure length in metres",Length: Practice and Application,Term 1,Week 12,Activity: Length: Practice and Application,"Learners in pairs/groups to use sticks of equal length to measure different lengths, record and discuss. Learners in pairs/groups to measure length using sticks of different lengths, including 1-metre sticks. Learners to make 1-metre sticks and use them in measuring various lengths. Learners to play digital games involving length in metres.",2.1 Length Quest,"Explore 2.1 length through interactive activities, hands-on practice, and real-life application.",What did you learn about length: practice and application today? How can you use this in your daily life?,10,1,30,Developing,What can you use to measure different lengths?,"Learners in pairs/groups to use sticks of equal length to measure different lengths, record and discuss. Learners in pairs/groups to measure length using sticks of different lengths, including 1-metre sticks. Learners to make 1-metre sticks and use them in measuring various lengths. Learners to play digital games involving length in metres.","Written exercises, observation, oral questions","Responsibility, Integrity, Unity","Communication and Collaboration, Critical Thinking and Problem Solving, Imagination and Creativity, Digital Literacy",ESD: DRR; safety - as learners handle objects,KICD Lower Primary Curriculum Designs Vol.2 (Aug 2017),Page 39,HIGH — official KICD curriculum document,DRAFT,NEW,LOW — sourced from official KICD document,"Source: KICD Lower Primary Curriculum Designs Vol.2, page 39. 6 lessons allocated for this sub-strand."
2,Mathematical Activities,Measurement,2.2 Mass,"By the end of the lesson, the learner should be able to: compare mass of objects directly",Comparing Mass Directly: Heavier and Lighter,Term 1,Week 12,Activity: Comparing Mass Directly: Heavier and Lighter,"Learners in pairs/groups use safe objects to identify those heavier than, lighter than or same. Learners to use two objects of equal mass and a beam balance to demonstrate that change of shape does not change mass. Learners in pairs/groups to use an identified mass to compare the mass of other objects.",2.2 Mass Quest,"Explore 2.2 mass through interactive activities, hands-on practice, and real-life application.",What did you learn about comparing mass directly: heavier and lighter today? How can you use this in your daily life?,10,1,30,Developing,How can you compare the mass of two or more objects? What would you do to show that shape does not change mass?,"Learners in pairs/groups use safe objects to identify those heavier than, lighter than or same. Learners to use two objects of equal mass and a beam balance to demonstrate that change of shape does not change mass. Learners in pairs/groups to use an identified mass to compare the mass of other objects.","Written exercises, oral questions, observation","Responsibility, Integrity, Unity, Respect","Communication and Collaboration, Critical Thinking and Problem Solving, Self-efficacy",ESD: DRR; safety - in handling materials; Health education: personal hygiene; Citizenship: honesty,KICD Lower Primary Curriculum Designs Vol.2 (Aug 2017),Page 21-22,HIGH — official KICD curriculum document,DRAFT,NEW,LOW — sourced from official KICD document,"Source: KICD Lower Primary Curriculum Designs Vol.2, page 21-22. 10 lessons allocated for this sub-strand."
2,Mathematical Activities,Measurement,2.2 Mass,"By the end of the lesson, the learner should be able to: conserve mass through manipulation",Comparing Mass: Same As,Term 1,Week 12,Activity: Comparing Mass: Same As,"Learners in pairs/groups use safe objects to identify those heavier than, lighter than or same. Learners to use two objects of equal mass and a beam balance to demonstrate that change of shape does not change mass. Learners in pairs/groups to use an identified mass to compare the mass of other objects.",2.2 Mass Quest,"Explore 2.2 mass through interactive activities, hands-on practice, and real-life application.",What did you learn about comparing mass: same as today? How can you use this in your daily life?,10,1,30,Developing,How can you compare the mass of two or more objects? What would you do to show that shape does not change mass?,"Learners in pairs/groups use safe objects to identify those heavier than, lighter than or same. Learners to use two objects of equal mass and a beam balance to demonstrate that change of shape does not change mass. Learners in pairs/groups to use an identified mass to compare the mass of other objects.","Written exercises, oral questions, observation","Responsibility, Integrity, Unity, Respect","Communication and Collaboration, Critical Thinking and Problem Solving, Self-efficacy",ESD: DRR; safety - in handling materials; Health education: personal hygiene; Citizenship: honesty,KICD Lower Primary Curriculum Designs Vol.2 (Aug 2017),Page 21-22,HIGH — official KICD curriculum document,DRAFT,NEW,LOW — sourced from official KICD document,"Source: KICD Lower Primary Curriculum Designs Vol.2, page 21-22. 10 lessons allocated for this sub-strand."
2,Mathematical Activities,Measurement,2.2 Mass,"By the end of the lesson, the learner should be able to: measure mass using arbitrary units",Conserving Mass Through Manipulation,Term 1,Week 12,Activity: Conserving Mass Through Manipulation,"Learners in pairs/groups use safe objects to identify those heavier than, lighter than or same. Learners to use two objects of equal mass and a beam balance to demonstrate that change of shape does not change mass. Learners in pairs/groups to use an identified mass to compare the mass of other objects.",2.2 Mass Quest,"Explore 2.2 mass through interactive activities, hands-on practice, and real-life application.",What did you learn about conserving mass through manipulation today? How can you use this in your daily life?,10,1,30,Developing,How can you compare the mass of two or more objects? What would you do to show that shape does not change mass?,"Learners in pairs/groups use safe objects to identify those heavier than, lighter than or same. Learners to use two objects of equal mass and a beam balance to demonstrate that change of shape does not change mass. Learners in pairs/groups to use an identified mass to compare the mass of other objects.","Written exercises, oral questions, observation","Responsibility, Integrity, Unity, Respect","Communication and Collaboration, Critical Thinking and Problem Solving, Self-efficacy",ESD: DRR; safety - in handling materials; Health education: personal hygiene; Citizenship: honesty,KICD Lower Primary Curriculum Designs Vol.2 (Aug 2017),Page 21-22,HIGH — official KICD curriculum document,DRAFT,NEW,LOW — sourced from official KICD document,"Source: KICD Lower Primary Curriculum Designs Vol.2, page 21-22. 10 lessons allocated for this sub-strand."
2,Mathematical Activities,Measurement,2.2 Mass,"By the end of the lesson, the learner should be able to: measure mass using arbitrary units",Measuring Mass Using Arbitrary Units,Term 1,Week 12,Activity: Measuring Mass Using Arbitrary Units,"Learners in pairs/groups use safe objects to identify those heavier than, lighter than or same. Learners to use two objects of equal mass and a beam balance to demonstrate that change of shape does not change mass. Learners in pairs/groups to use an identified mass to compare the mass of other objects.",2.2 Mass Quest,"Explore 2.2 mass through interactive activities, hands-on practice, and real-life application.",What did you learn about measuring mass using arbitrary units today? How can you use this in your daily life?,10,1,30,Developing,How can you compare the mass of two or more objects? What would you do to show that shape does not change mass?,"Learners in pairs/groups use safe objects to identify those heavier than, lighter than or same. Learners to use two objects of equal mass and a beam balance to demonstrate that change of shape does not change mass. Learners in pairs/groups to use an identified mass to compare the mass of other objects.","Written exercises, oral questions, observation","Responsibility, Integrity, Unity, Respect","Communication and Collaboration, Critical Thinking and Problem Solving, Self-efficacy",ESD: DRR; safety - in handling materials; Health education: personal hygiene; Citizenship: honesty,KICD Lower Primary Curriculum Designs Vol.2 (Aug 2017),Page 21-22,HIGH — official KICD curriculum document,DRAFT,NEW,LOW — sourced from official KICD document,"Source: KICD Lower Primary Curriculum Designs Vol.2, page 21-22. 10 lessons allocated for this sub-strand."
2,Mathematical Activities,Measurement,2.2 Mass,"By the end of the lesson, the learner should be able to: measure mass using arbitrary units",Comparing Mass of Different Objects,Term 1,Week 12,Activity: Comparing Mass of Different Objects,"Learners in pairs/groups use safe objects to identify those heavier than, lighter than or same. Learners to use two objects of equal mass and a beam balance to demonstrate that change of shape does not change mass. Learners in pairs/groups to use an identified mass to compare the mass of other objects.",2.2 Mass Quest,"Explore 2.2 mass through interactive activities, hands-on practice, and real-life application.",What did you learn about comparing mass of different objects today? How can you use this in your daily life?,10,1,30,Developing,How can you compare the mass of two or more objects? What would you do to show that shape does not change mass?,"Learners in pairs/groups use safe objects to identify those heavier than, lighter than or same. Learners to use two objects of equal mass and a beam balance to demonstrate that change of shape does not change mass. Learners in pairs/groups to use an identified mass to compare the mass of other objects.","Written exercises, oral questions, observation","Responsibility, Integrity, Unity, Respect","Communication and Collaboration, Critical Thinking and Problem Solving, Self-efficacy",ESD: DRR; safety - in handling materials; Health education: personal hygiene; Citizenship: honesty,KICD Lower Primary Curriculum Designs Vol.2 (Aug 2017),Page 21-22,HIGH — official KICD curriculum document,DRAFT,NEW,LOW — sourced from official KICD document,"Source: KICD Lower Primary Curriculum Designs Vol.2, page 21-22. 10 lessons allocated for this sub-strand."
2,Mathematical Activities,Measurement,2.2 Mass,"By the end of the lesson, the learner should be able to: measure mass using arbitrary units",Mass: Practice and Application,Term 1,Week 12,Activity: Mass: Practice and Application,"Learners in pairs/groups use safe objects to identify those heavier than, lighter than or same. Learners to use two objects of equal mass and a beam balance to demonstrate that change of shape does not change mass. Learners in pairs/groups to use an identified mass to compare the mass of other objects.",2.2 Mass Quest,"Explore 2.2 mass through interactive activities, hands-on practice, and real-life application.",What did you learn about mass: practice and application today? How can you use this in your daily life?,10,1,30,Developing,How can you compare the mass of two or more objects? What would you do to show that shape does not change mass?,"Learners in pairs/groups use safe objects to identify those heavier than, lighter than or same. Learners to use two objects of equal mass and a beam balance to demonstrate that change of shape does not change mass. Learners in pairs/groups to use an identified mass to compare the mass of other objects.","Written exercises, oral questions, observation","Responsibility, Integrity, Unity, Respect","Communication and Collaboration, Critical Thinking and Problem Solving, Self-efficacy",ESD: DRR; safety - in handling materials; Health education: personal hygiene; Citizenship: honesty,KICD Lower Primary Curriculum Designs Vol.2 (Aug 2017),Page 21-22,HIGH — official KICD curriculum document,DRAFT,NEW,LOW — sourced from official KICD document,"Source: KICD Lower Primary Curriculum Designs Vol.2, page 21-22. 10 lessons allocated for this sub-strand."
2,Mathematical Activities,Measurement,2.2 Mass,"By the end of the lesson, the learner should be able to: measure mass using arbitrary units",Mass: Word Problems,Term 1,Week 12,Activity: Mass: Word Problems,"Learners in pairs/groups use safe objects to identify those heavier than, lighter than or same. Learners to use two objects of equal mass and a beam balance to demonstrate that change of shape does not change mass. Learners in pairs/groups to use an identified mass to compare the mass of other objects.",2.2 Mass Quest,"Explore 2.2 mass through interactive activities, hands-on practice, and real-life application.",What did you learn about mass: word problems today? How can you use this in your daily life?,10,1,30,Developing,How can you compare the mass of two or more objects? What would you do to show that shape does not change mass?,"Learners in pairs/groups use safe objects to identify those heavier than, lighter than or same. Learners to use two objects of equal mass and a beam balance to demonstrate that change of shape does not change mass. Learners in pairs/groups to use an identified mass to compare the mass of other objects.","Written exercises, oral questions, observation","Responsibility, Integrity, Unity, Respect","Communication and Collaboration, Critical Thinking and Problem Solving, Self-efficacy",ESD: DRR; safety - in handling materials; Health education: personal hygiene; Citizenship: honesty,KICD Lower Primary Curriculum Designs Vol.2 (Aug 2017),Page 21-22,HIGH — official KICD curriculum document,DRAFT,NEW,LOW — sourced from official KICD document,"Source: KICD Lower Primary Curriculum Designs Vol.2, page 21-22. 10 lessons allocated for this sub-strand."
2,Mathematical Activities,Measurement,2.2 Mass,"By the end of the lesson, the learner should be able to: measure mass using arbitrary units",Mass: Digital Games,Term 1,Week 12,Activity: Mass: Digital Games,"Learners in pairs/groups use safe objects to identify those heavier than, lighter than or same. Learners to use two objects of equal mass and a beam balance to demonstrate that change of shape does not change mass. Learners in pairs/groups to use an identified mass to compare the mass of other objects.",2.2 Mass Quest,"Explore 2.2 mass through interactive activities, hands-on practice, and real-life application.",What did you learn about mass: digital games today? How can you use this in your daily life?,10,1,30,Developing,How can you compare the mass of two or more objects? What would you do to show that shape does not change mass?,"Learners in pairs/groups use safe objects to identify those heavier than, lighter than or same. Learners to use two objects of equal mass and a beam balance to demonstrate that change of shape does not change mass. Learners in pairs/groups to use an identified mass to compare the mass of other objects.","Written exercises, oral questions, observation","Responsibility, Integrity, Unity, Respect","Communication and Collaboration, Critical Thinking and Problem Solving, Self-efficacy",ESD: DRR; safety - in handling materials; Health education: personal hygiene; Citizenship: honesty,KICD Lower Primary Curriculum Designs Vol.2 (Aug 2017),Page 21-22,HIGH — official KICD curriculum document,DRAFT,NEW,LOW — sourced from official KICD document,"Source: KICD Lower Primary Curriculum Designs Vol.2, page 21-22. 10 lessons allocated for this sub-strand."
2,Mathematical Activities,Measurement,2.2 Mass,"By the end of the lesson, the learner should be able to: measure mass using arbitrary units",Mass: Assessment and Review,Term 1,Week 12,Activity: Mass: Assessment and Review,"Learners in pairs/groups use safe objects to identify those heavier than, lighter than or same. Learners to use two objects of equal mass and a beam balance to demonstrate that change of shape does not change mass. Learners in pairs/groups to use an identified mass to compare the mass of other objects.",2.2 Mass Quest,"Explore 2.2 mass through interactive activities, hands-on practice, and real-life application.",What did you learn about mass: assessment and review today? How can you use this in your daily life?,10,1,30,Developing,How can you compare the mass of two or more objects? What would you do to show that shape does not change mass?,"Learners in pairs/groups use safe objects to identify those heavier than, lighter than or same. Learners to use two objects of equal mass and a beam balance to demonstrate that change of shape does not change mass. Learners in pairs/groups to use an identified mass to compare the mass of other objects.","Written exercises, oral questions, observation","Responsibility, Integrity, Unity, Respect","Communication and Collaboration, Critical Thinking and Problem Solving, Self-efficacy",ESD: DRR; safety - in handling materials; Health education: personal hygiene; Citizenship: honesty,KICD Lower Primary Curriculum Designs Vol.2 (Aug 2017),Page 21-22,HIGH — official KICD curriculum document,DRAFT,NEW,LOW — sourced from official KICD document,"Source: KICD Lower Primary Curriculum Designs Vol.2, page 21-22. 10 lessons allocated for this sub-strand."
2,Mathematical Activities,Measurement,2.2 Mass,"By the end of the lesson, the learner should be able to: measure mass using arbitrary units",Mass: Community Application,Term 1,Week 12,Activity: Mass: Community Application,"Learners in pairs/groups use safe objects to identify those heavier than, lighter than or same. Learners to use two objects of equal mass and a beam balance to demonstrate that change of shape does not change mass. Learners in pairs/groups to use an identified mass to compare the mass of other objects.",2.2 Mass Quest,"Explore 2.2 mass through interactive activities, hands-on practice, and real-life application.",What did you learn about mass: community application today? How can you use this in your daily life?,10,1,30,Developing,How can you compare the mass of two or more objects? What would you do to show that shape does not change mass?,"Learners in pairs/groups use safe objects to identify those heavier than, lighter than or same. Learners to use two objects of equal mass and a beam balance to demonstrate that change of shape does not change mass. Learners in pairs/groups to use an identified mass to compare the mass of other objects.","Written exercises, oral questions, observation","Responsibility, Integrity, Unity, Respect","Communication and Collaboration, Critical Thinking and Problem Solving, Self-efficacy",ESD: DRR; safety - in handling materials; Health education: personal hygiene; Citizenship: honesty,KICD Lower Primary Curriculum Designs Vol.2 (Aug 2017),Page 21-22,HIGH — official KICD curriculum document,DRAFT,NEW,LOW — sourced from official KICD document,"Source: KICD Lower Primary Curriculum Designs Vol.2, page 21-22. 10 lessons allocated for this sub-strand."
2,Mathematical Activities,Measurement,2.3 Capacity,"By the end of the lesson, the learner should be able to: compare capacity of containers directly","Comparing Capacity Directly: Holds More, Less, Same",Term 1,Week 12,"Activity: Comparing Capacity Directly: Holds More, Less, Same","Learners to empty and fill water in different containers to establish which holds more, less or same. Learners to identify and compare containers which holds more, less or same as. Learners to fill containers of different shapes and sizes with water then empty into others. Learners to be given water, same size basins and different small containers to count how many small containers fill the basin.",2.3 Capacity Quest,"Explore 2.3 capacity through interactive activities, hands-on practice, and real-life application.","What did you learn about comparing capacity directly: holds more, less, same today? How can you use this in your daily life?",10,1,30,Developing,"How can we find out which of two containers hold more, less or same as?","Learners to empty and fill water in different containers to establish which holds more, less or same. Learners to identify and compare containers which holds more, less or same as. Learners to fill containers of different shapes and sizes with water then empty into others. Learners to be given water, same size basins and different small containers to count how many small containers fill the basin.","Written exercises, observation, oral questions","Responsibility, Integrity, Unity, Respect","Critical Thinking and Problem Solving, Communication and Collaboration, Imagination and Creativity, Citizenship, Self-efficacy",ESD: DRR; safety; Health education; Environmental conservation; Animal welfare,KICD Lower Primary Curriculum Designs Vol.2 (Aug 2017),Page 22-23,HIGH — official KICD curriculum document,DRAFT,NEW,LOW — sourced from official KICD document,"Source: KICD Lower Primary Curriculum Designs Vol.2, page 22-23. 12 lessons allocated for this sub-strand."
2,Mathematical Activities,Measurement,2.3 Capacity,"By the end of the lesson, the learner should be able to: conserve capacity through manipulation",Comparing Capacity of Different Containers,Term 1,Week 12,Activity: Comparing Capacity of Different Containers,"Learners to empty and fill water in different containers to establish which holds more, less or same. Learners to identify and compare containers which holds more, less or same as. Learners to fill containers of different shapes and sizes with water then empty into others. Learners to be given water, same size basins and different small containers to count how many small containers fill the basin.",2.3 Capacity Quest,"Explore 2.3 capacity through interactive activities, hands-on practice, and real-life application.",What did you learn about comparing capacity of different containers today? How can you use this in your daily life?,10,1,30,Developing,"How can we find out which of two containers hold more, less or same as?","Learners to empty and fill water in different containers to establish which holds more, less or same. Learners to identify and compare containers which holds more, less or same as. Learners to fill containers of different shapes and sizes with water then empty into others. Learners to be given water, same size basins and different small containers to count how many small containers fill the basin.","Written exercises, observation, oral questions","Responsibility, Integrity, Unity, Respect","Critical Thinking and Problem Solving, Communication and Collaboration, Imagination and Creativity, Citizenship, Self-efficacy",ESD: DRR; safety; Health education; Environmental conservation; Animal welfare,KICD Lower Primary Curriculum Designs Vol.2 (Aug 2017),Page 22-23,HIGH — official KICD curriculum document,DRAFT,NEW,LOW — sourced from official KICD document,"Source: KICD Lower Primary Curriculum Designs Vol.2, page 22-23. 12 lessons allocated for this sub-strand."
2,Mathematical Activities,Measurement,2.3 Capacity,"By the end of the lesson, the learner should be able to: measure capacity using arbitrary units",Conserving Capacity Through Manipulation,Term 1,Week 12,Activity: Conserving Capacity Through Manipulation,"Learners to empty and fill water in different containers to establish which holds more, less or same. Learners to identify and compare containers which holds more, less or same as. Learners to fill containers of different shapes and sizes with water then empty into others. Learners to be given water, same size basins and different small containers to count how many small containers fill the basin.",2.3 Capacity Quest,"Explore 2.3 capacity through interactive activities, hands-on practice, and real-life application.",What did you learn about conserving capacity through manipulation today? How can you use this in your daily life?,10,1,30,Developing,"How can we find out which of two containers hold more, less or same as?","Learners to empty and fill water in different containers to establish which holds more, less or same. Learners to identify and compare containers which holds more, less or same as. Learners to fill containers of different shapes and sizes with water then empty into others. Learners to be given water, same size basins and different small containers to count how many small containers fill the basin.","Written exercises, observation, oral questions","Responsibility, Integrity, Unity, Respect","Critical Thinking and Problem Solving, Communication and Collaboration, Imagination and Creativity, Citizenship, Self-efficacy",ESD: DRR; safety; Health education; Environmental conservation; Animal welfare,KICD Lower Primary Curriculum Designs Vol.2 (Aug 2017),Page 22-23,HIGH — official KICD curriculum document,DRAFT,NEW,LOW — sourced from official KICD document,"Source: KICD Lower Primary Curriculum Designs Vol.2, page 22-23. 12 lessons allocated for this sub-strand."
2,Mathematical Activities,Measurement,2.3 Capacity,"By the end of the lesson, the learner should be able to: measure capacity using arbitrary units",Measuring Capacity Using Arbitrary Units,Term 1,Week 12,Activity: Measuring Capacity Using Arbitrary Units,"Learners to empty and fill water in different containers to establish which holds more, less or same. Learners to identify and compare containers which holds more, less or same as. Learners to fill containers of different shapes and sizes with water then empty into others. Learners to be given water, same size basins and different small containers to count how many small containers fill the basin.",2.3 Capacity Quest,"Explore 2.3 capacity through interactive activities, hands-on practice, and real-life application.",What did you learn about measuring capacity using arbitrary units today? How can you use this in your daily life?,10,1,30,Developing,"How can we find out which of two containers hold more, less or same as?","Learners to empty and fill water in different containers to establish which holds more, less or same. Learners to identify and compare containers which holds more, less or same as. Learners to fill containers of different shapes and sizes with water then empty into others. Learners to be given water, same size basins and different small containers to count how many small containers fill the basin.","Written exercises, observation, oral questions","Responsibility, Integrity, Unity, Respect","Critical Thinking and Problem Solving, Communication and Collaboration, Imagination and Creativity, Citizenship, Self-efficacy",ESD: DRR; safety; Health education; Environmental conservation; Animal welfare,KICD Lower Primary Curriculum Designs Vol.2 (Aug 2017),Page 22-23,HIGH — official KICD curriculum document,DRAFT,NEW,LOW — sourced from official KICD document,"Source: KICD Lower Primary Curriculum Designs Vol.2, page 22-23. 12 lessons allocated for this sub-strand."
2,Mathematical Activities,Measurement,2.3 Capacity,"By the end of the lesson, the learner should be able to: measure capacity using arbitrary units",How Many Small Containers Fill the Basin?,Term 1,Week 12,Activity: How Many Small Containers Fill the Basin?,"Learners to empty and fill water in different containers to establish which holds more, less or same. Learners to identify and compare containers which holds more, less or same as. Learners to fill containers of different shapes and sizes with water then empty into others. Learners to be given water, same size basins and different small containers to count how many small containers fill the basin.",2.3 Capacity Quest,"Explore 2.3 capacity through interactive activities, hands-on practice, and real-life application.",What did you learn about how many small containers fill the basin? today? How can you use this in your daily life?,10,1,30,Developing,"How can we find out which of two containers hold more, less or same as?","Learners to empty and fill water in different containers to establish which holds more, less or same. Learners to identify and compare containers which holds more, less or same as. Learners to fill containers of different shapes and sizes with water then empty into others. Learners to be given water, same size basins and different small containers to count how many small containers fill the basin.","Written exercises, observation, oral questions","Responsibility, Integrity, Unity, Respect","Critical Thinking and Problem Solving, Communication and Collaboration, Imagination and Creativity, Citizenship, Self-efficacy",ESD: DRR; safety; Health education; Environmental conservation; Animal welfare,KICD Lower Primary Curriculum Designs Vol.2 (Aug 2017),Page 22-23,HIGH — official KICD curriculum document,DRAFT,NEW,LOW — sourced from official KICD document,"Source: KICD Lower Primary Curriculum Designs Vol.2, page 22-23. 12 lessons allocated for this sub-strand."
2,Mathematical Activities,Measurement,2.3 Capacity,"By the end of the lesson, the learner should be able to: measure capacity using arbitrary units",Capacity: Practice and Application,Term 1,Week 12,Activity: Capacity: Practice and Application,"Learners to empty and fill water in different containers to establish which holds more, less or same. Learners to identify and compare containers which holds more, less or same as. Learners to fill containers of different shapes and sizes with water then empty into others. Learners to be given water, same size basins and different small containers to count how many small containers fill the basin.",2.3 Capacity Quest,"Explore 2.3 capacity through interactive activities, hands-on practice, and real-life application.",What did you learn about capacity: practice and application today? How can you use this in your daily life?,10,1,30,Developing,"How can we find out which of two containers hold more, less or same as?","Learners to empty and fill water in different containers to establish which holds more, less or same. Learners to identify and compare containers which holds more, less or same as. Learners to fill containers of different shapes and sizes with water then empty into others. Learners to be given water, same size basins and different small containers to count how many small containers fill the basin.","Written exercises, observation, oral questions","Responsibility, Integrity, Unity, Respect","Critical Thinking and Problem Solving, Communication and Collaboration, Imagination and Creativity, Citizenship, Self-efficacy",ESD: DRR; safety; Health education; Environmental conservation; Animal welfare,KICD Lower Primary Curriculum Designs Vol.2 (Aug 2017),Page 22-23,HIGH — official KICD curriculum document,DRAFT,NEW,LOW — sourced from official KICD document,"Source: KICD Lower Primary Curriculum Designs Vol.2, page 22-23. 12 lessons allocated for this sub-strand."
2,Mathematical Activities,Measurement,2.3 Capacity,"By the end of the lesson, the learner should be able to: measure capacity using arbitrary units",Capacity: Word Problems,Term 1,Week 12,Activity: Capacity: Word Problems,"Learners to empty and fill water in different containers to establish which holds more, less or same. Learners to identify and compare containers which holds more, less or same as. Learners to fill containers of different shapes and sizes with water then empty into others. Learners to be given water, same size basins and different small containers to count how many small containers fill the basin.",2.3 Capacity Quest,"Explore 2.3 capacity through interactive activities, hands-on practice, and real-life application.",What did you learn about capacity: word problems today? How can you use this in your daily life?,10,1,30,Developing,"How can we find out which of two containers hold more, less or same as?","Learners to empty and fill water in different containers to establish which holds more, less or same. Learners to identify and compare containers which holds more, less or same as. Learners to fill containers of different shapes and sizes with water then empty into others. Learners to be given water, same size basins and different small containers to count how many small containers fill the basin.","Written exercises, observation, oral questions","Responsibility, Integrity, Unity, Respect","Critical Thinking and Problem Solving, Communication and Collaboration, Imagination and Creativity, Citizenship, Self-efficacy",ESD: DRR; safety; Health education; Environmental conservation; Animal welfare,KICD Lower Primary Curriculum Designs Vol.2 (Aug 2017),Page 22-23,HIGH — official KICD curriculum document,DRAFT,NEW,LOW — sourced from official KICD document,"Source: KICD Lower Primary Curriculum Designs Vol.2, page 22-23. 12 lessons allocated for this sub-strand."
2,Mathematical Activities,Measurement,2.3 Capacity,"By the end of the lesson, the learner should be able to: measure capacity using arbitrary units",Capacity: Digital Games,Term 1,Week 12,Activity: Capacity: Digital Games,"Learners to empty and fill water in different containers to establish which holds more, less or same. Learners to identify and compare containers which holds more, less or same as. Learners to fill containers of different shapes and sizes with water then empty into others. Learners to be given water, same size basins and different small containers to count how many small containers fill the basin.",2.3 Capacity Quest,"Explore 2.3 capacity through interactive activities, hands-on practice, and real-life application.",What did you learn about capacity: digital games today? How can you use this in your daily life?,10,1,30,Developing,"How can we find out which of two containers hold more, less or same as?","Learners to empty and fill water in different containers to establish which holds more, less or same. Learners to identify and compare containers which holds more, less or same as. Learners to fill containers of different shapes and sizes with water then empty into others. Learners to be given water, same size basins and different small containers to count how many small containers fill the basin.","Written exercises, observation, oral questions","Responsibility, Integrity, Unity, Respect","Critical Thinking and Problem Solving, Communication and Collaboration, Imagination and Creativity, Citizenship, Self-efficacy",ESD: DRR; safety; Health education; Environmental conservation; Animal welfare,KICD Lower Primary Curriculum Designs Vol.2 (Aug 2017),Page 22-23,HIGH — official KICD curriculum document,DRAFT,NEW,LOW — sourced from official KICD document,"Source: KICD Lower Primary Curriculum Designs Vol.2, page 22-23. 12 lessons allocated for this sub-strand."
2,Mathematical Activities,Measurement,2.3 Capacity,"By the end of the lesson, the learner should be able to: measure capacity using arbitrary units",Capacity: Assessment and Review,Term 1,Week 12,Activity: Capacity: Assessment and Review,"Learners to empty and fill water in different containers to establish which holds more, less or same. Learners to identify and compare containers which holds more, less or same as. Learners to fill containers of different shapes and sizes with water then empty into others. Learners to be given water, same size basins and different small containers to count how many small containers fill the basin.",2.3 Capacity Quest,"Explore 2.3 capacity through interactive activities, hands-on practice, and real-life application.",What did you learn about capacity: assessment and review today? How can you use this in your daily life?,10,1,30,Developing,"How can we find out which of two containers hold more, less or same as?","Learners to empty and fill water in different containers to establish which holds more, less or same. Learners to identify and compare containers which holds more, less or same as. Learners to fill containers of different shapes and sizes with water then empty into others. Learners to be given water, same size basins and different small containers to count how many small containers fill the basin.","Written exercises, observation, oral questions","Responsibility, Integrity, Unity, Respect","Critical Thinking and Problem Solving, Communication and Collaboration, Imagination and Creativity, Citizenship, Self-efficacy",ESD: DRR; safety; Health education; Environmental conservation; Animal welfare,KICD Lower Primary Curriculum Designs Vol.2 (Aug 2017),Page 22-23,HIGH — official KICD curriculum document,DRAFT,NEW,LOW — sourced from official KICD document,"Source: KICD Lower Primary Curriculum Designs Vol.2, page 22-23. 12 lessons allocated for this sub-strand."
2,Mathematical Activities,Measurement,2.3 Capacity,"By the end of the lesson, the learner should be able to: measure capacity using arbitrary units",Capacity: Real-Life Applications,Term 1,Week 12,Activity: Capacity: Real-Life Applications,"Learners to empty and fill water in different containers to establish which holds more, less or same. Learners to identify and compare containers which holds more, less or same as. Learners to fill containers of different shapes and sizes with water then empty into others. Learners to be given water, same size basins and different small containers to count how many small containers fill the basin.",2.3 Capacity Quest,"Explore 2.3 capacity through interactive activities, hands-on practice, and real-life application.",What did you learn about capacity: real-life applications today? How can you use this in your daily life?,10,1,30,Developing,"How can we find out which of two containers hold more, less or same as?","Learners to empty and fill water in different containers to establish which holds more, less or same. Learners to identify and compare containers which holds more, less or same as. Learners to fill containers of different shapes and sizes with water then empty into others. Learners to be given water, same size basins and different small containers to count how many small containers fill the basin.","Written exercises, observation, oral questions","Responsibility, Integrity, Unity, Respect","Critical Thinking and Problem Solving, Communication and Collaboration, Imagination and Creativity, Citizenship, Self-efficacy",ESD: DRR; safety; Health education; Environmental conservation; Animal welfare,KICD Lower Primary Curriculum Designs Vol.2 (Aug 2017),Page 22-23,HIGH — official KICD curriculum document,DRAFT,NEW,LOW — sourced from official KICD document,"Source: KICD Lower Primary Curriculum Designs Vol.2, page 22-23. 12 lessons allocated for this sub-strand."
2,Mathematical Activities,Measurement,2.3 Capacity,"By the end of the lesson, the learner should be able to: measure capacity using arbitrary units",Capacity: Community Service,Term 1,Week 12,Activity: Capacity: Community Service,"Learners to empty and fill water in different containers to establish which holds more, less or same. Learners to identify and compare containers which holds more, less or same as. Learners to fill containers of different shapes and sizes with water then empty into others. Learners to be given water, same size basins and different small containers to count how many small containers fill the basin.",2.3 Capacity Quest,"Explore 2.3 capacity through interactive activities, hands-on practice, and real-life application.",What did you learn about capacity: community service today? How can you use this in your daily life?,10,1,30,Developing,"How can we find out which of two containers hold more, less or same as?","Learners to empty and fill water in different containers to establish which holds more, less or same. Learners to identify and compare containers which holds more, less or same as. Learners to fill containers of different shapes and sizes with water then empty into others. Learners to be given water, same size basins and different small containers to count how many small containers fill the basin.","Written exercises, observation, oral questions","Responsibility, Integrity, Unity, Respect","Critical Thinking and Problem Solving, Communication and Collaboration, Imagination and Creativity, Citizenship, Self-efficacy",ESD: DRR; safety; Health education; Environmental conservation; Animal welfare,KICD Lower Primary Curriculum Designs Vol.2 (Aug 2017),Page 22-23,HIGH — official KICD curriculum document,DRAFT,NEW,LOW — sourced from official KICD document,"Source: KICD Lower Primary Curriculum Designs Vol.2, page 22-23. 12 lessons allocated for this sub-strand."
2,Mathematical Activities,Measurement,2.3 Capacity,"By the end of the lesson, the learner should be able to: measure capacity using arbitrary units",Capacity: Final Assessment,Term 1,Week 12,Activity: Capacity: Final Assessment,"Learners to empty and fill water in different containers to establish which holds more, less or same. Learners to identify and compare containers which holds more, less or same as. Learners to fill containers of different shapes and sizes with water then empty into others. Learners to be given water, same size basins and different small containers to count how many small containers fill the basin.",2.3 Capacity Quest,"Explore 2.3 capacity through interactive activities, hands-on practice, and real-life application.",What did you learn about capacity: final assessment today? How can you use this in your daily life?,10,1,30,Developing,"How can we find out which of two containers hold more, less or same as?","Learners to empty and fill water in different containers to establish which holds more, less or same. Learners to identify and compare containers which holds more, less or same as. Learners to fill containers of different shapes and sizes with water then empty into others. Learners to be given water, same size basins and different small containers to count how many small containers fill the basin.","Written exercises, observation, oral questions","Responsibility, Integrity, Unity, Respect","Critical Thinking and Problem Solving, Communication and Collaboration, Imagination and Creativity, Citizenship, Self-efficacy",ESD: DRR; safety; Health education; Environmental conservation; Animal welfare,KICD Lower Primary Curriculum Designs Vol.2 (Aug 2017),Page 22-23,HIGH — official KICD curriculum document,DRAFT,NEW,LOW — sourced from official KICD document,"Source: KICD Lower Primary Curriculum Designs Vol.2, page 22-23. 12 lessons allocated for this sub-strand."
2,Mathematical Activities,Measurement,2.4 Time,"By the end of the lesson, the learner should be able to: relate daily activities to time","Daily Activities: Morning, Afternoon, Evening",Term 1,Week 12,"Activity: Daily Activities: Morning, Afternoon, Evening","Learners in pairs/groups to identify activities they do in the morning, afternoon and evening. Learners to sing songs/rhymes related to days of the week. Learners in pairs/groups to identify activities that take place during the days of the week.",2.4 Time Quest,"Explore 2.4 time through interactive activities, hands-on practice, and real-life application.","What did you learn about daily activities: morning, afternoon, evening today? How can you use this in your daily life?",10,1,30,Developing,Which day of the week do you raise the school flag? Which day of the week do you worship?,"Learners in pairs/groups to identify activities they do in the morning, afternoon and evening. Learners to sing songs/rhymes related to days of the week. Learners in pairs/groups to identify activities that take place during the days of the week.","Oral questions, written exercises, observation","Respect, Responsibility, Patriotism","Communication and Collaboration, Self-efficacy, Citizenship","Citizenship: patriotism - the Kenyan flag; Health Education: time to brush teeth, wash face, sleep, take meals",KICD Lower Primary Curriculum Designs Vol.2 (Aug 2017),Page 24,HIGH — official KICD curriculum document,DRAFT,NEW,LOW — sourced from official KICD document,"Source: KICD Lower Primary Curriculum Designs Vol.2, page 24. 8 lessons allocated for this sub-strand."
2,Mathematical Activities,Measurement,2.4 Time,"By the end of the lesson, the learner should be able to: relate days of the week with various activities",Days of the Week: Sunday to Wednesday,Term 1,Week 12,Activity: Days of the Week: Sunday to Wednesday,"Learners in pairs/groups to identify activities they do in the morning, afternoon and evening. Learners to sing songs/rhymes related to days of the week. Learners in pairs/groups to identify activities that take place during the days of the week.",2.4 Time Quest,"Explore 2.4 time through interactive activities, hands-on practice, and real-life application.",What did you learn about days of the week: sunday to wednesday today? How can you use this in your daily life?,10,1,30,Developing,Which day of the week do you raise the school flag? Which day of the week do you worship?,"Learners in pairs/groups to identify activities they do in the morning, afternoon and evening. Learners to sing songs/rhymes related to days of the week. Learners in pairs/groups to identify activities that take place during the days of the week.","Oral questions, written exercises, observation","Respect, Responsibility, Patriotism","Communication and Collaboration, Self-efficacy, Citizenship","Citizenship: patriotism - the Kenyan flag; Health Education: time to brush teeth, wash face, sleep, take meals",KICD Lower Primary Curriculum Designs Vol.2 (Aug 2017),Page 24,HIGH — official KICD curriculum document,DRAFT,NEW,LOW — sourced from official KICD document,"Source: KICD Lower Primary Curriculum Designs Vol.2, page 24. 8 lessons allocated for this sub-strand."
2,Mathematical Activities,Measurement,2.4 Time,"By the end of the lesson, the learner should be able to: relate days of the week with various activities",Days of the Week: Thursday to Saturday,Term 1,Week 12,Activity: Days of the Week: Thursday to Saturday,"Learners in pairs/groups to identify activities they do in the morning, afternoon and evening. Learners to sing songs/rhymes related to days of the week. Learners in pairs/groups to identify activities that take place during the days of the week.",2.4 Time Quest,"Explore 2.4 time through interactive activities, hands-on practice, and real-life application.",What did you learn about days of the week: thursday to saturday today? How can you use this in your daily life?,10,1,30,Developing,Which day of the week do you raise the school flag? Which day of the week do you worship?,"Learners in pairs/groups to identify activities they do in the morning, afternoon and evening. Learners to sing songs/rhymes related to days of the week. Learners in pairs/groups to identify activities that take place during the days of the week.","Oral questions, written exercises, observation","Respect, Responsibility, Patriotism","Communication and Collaboration, Self-efficacy, Citizenship","Citizenship: patriotism - the Kenyan flag; Health Education: time to brush teeth, wash face, sleep, take meals",KICD Lower Primary Curriculum Designs Vol.2 (Aug 2017),Page 24,HIGH — official KICD curriculum document,DRAFT,NEW,LOW — sourced from official KICD document,"Source: KICD Lower Primary Curriculum Designs Vol.2, page 24. 8 lessons allocated for this sub-strand."
2,Mathematical Activities,Measurement,2.4 Time,"By the end of the lesson, the learner should be able to: relate days of the week with various activities",Activities on Different Days of the Week,Term 1,Week 12,Activity: Activities on Different Days of the Week,"Learners in pairs/groups to identify activities they do in the morning, afternoon and evening. Learners to sing songs/rhymes related to days of the week. Learners in pairs/groups to identify activities that take place during the days of the week.",2.4 Time Quest,"Explore 2.4 time through interactive activities, hands-on practice, and real-life application.",What did you learn about activities on different days of the week today? How can you use this in your daily life?,10,1,30,Developing,Which day of the week do you raise the school flag? Which day of the week do you worship?,"Learners in pairs/groups to identify activities they do in the morning, afternoon and evening. Learners to sing songs/rhymes related to days of the week. Learners in pairs/groups to identify activities that take place during the days of the week.","Oral questions, written exercises, observation","Respect, Responsibility, Patriotism","Communication and Collaboration, Self-efficacy, Citizenship","Citizenship: patriotism - the Kenyan flag; Health Education: time to brush teeth, wash face, sleep, take meals",KICD Lower Primary Curriculum Designs Vol.2 (Aug 2017),Page 24,HIGH — official KICD curriculum document,DRAFT,NEW,LOW — sourced from official KICD document,"Source: KICD Lower Primary Curriculum Designs Vol.2, page 24. 8 lessons allocated for this sub-strand."
2,Mathematical Activities,Measurement,2.4 Time,"By the end of the lesson, the learner should be able to: relate days of the week with various activities",Time: Practice and Application,Term 1,Week 12,Activity: Time: Practice and Application,"Learners in pairs/groups to identify activities they do in the morning, afternoon and evening. Learners to sing songs/rhymes related to days of the week. Learners in pairs/groups to identify activities that take place during the days of the week.",2.4 Time Quest,"Explore 2.4 time through interactive activities, hands-on practice, and real-life application.",What did you learn about time: practice and application today? How can you use this in your daily life?,10,1,30,Developing,Which day of the week do you raise the school flag? Which day of the week do you worship?,"Learners in pairs/groups to identify activities they do in the morning, afternoon and evening. Learners to sing songs/rhymes related to days of the week. Learners in pairs/groups to identify activities that take place during the days of the week.","Oral questions, written exercises, observation","Respect, Responsibility, Patriotism","Communication and Collaboration, Self-efficacy, Citizenship","Citizenship: patriotism - the Kenyan flag; Health Education: time to brush teeth, wash face, sleep, take meals",KICD Lower Primary Curriculum Designs Vol.2 (Aug 2017),Page 24,HIGH — official KICD curriculum document,DRAFT,NEW,LOW — sourced from official KICD document,"Source: KICD Lower Primary Curriculum Designs Vol.2, page 24. 8 lessons allocated for this sub-strand."
2,Mathematical Activities,Measurement,2.4 Time,"By the end of the lesson, the learner should be able to: relate days of the week with various activities",Time: Digital Games,Term 1,Week 12,Activity: Time: Digital Games,"Learners in pairs/groups to identify activities they do in the morning, afternoon and evening. Learners to sing songs/rhymes related to days of the week. Learners in pairs/groups to identify activities that take place during the days of the week.",2.4 Time Quest,"Explore 2.4 time through interactive activities, hands-on practice, and real-life application.",What did you learn about time: digital games today? How can you use this in your daily life?,10,1,30,Developing,Which day of the week do you raise the school flag? Which day of the week do you worship?,"Learners in pairs/groups to identify activities they do in the morning, afternoon and evening. Learners to sing songs/rhymes related to days of the week. Learners in pairs/groups to identify activities that take place during the days of the week.","Oral questions, written exercises, observation","Respect, Responsibility, Patriotism","Communication and Collaboration, Self-efficacy, Citizenship","Citizenship: patriotism - the Kenyan flag; Health Education: time to brush teeth, wash face, sleep, take meals",KICD Lower Primary Curriculum Designs Vol.2 (Aug 2017),Page 24,HIGH — official KICD curriculum document,DRAFT,NEW,LOW — sourced from official KICD document,"Source: KICD Lower Primary Curriculum Designs Vol.2, page 24. 8 lessons allocated for this sub-strand."
2,Mathematical Activities,Measurement,2.4 Time,"By the end of the lesson, the learner should be able to: relate days of the week with various activities",Time: Assessment and Review,Term 1,Week 12,Activity: Time: Assessment and Review,"Learners in pairs/groups to identify activities they do in the morning, afternoon and evening. Learners to sing songs/rhymes related to days of the week. Learners in pairs/groups to identify activities that take place during the days of the week.",2.4 Time Quest,"Explore 2.4 time through interactive activities, hands-on practice, and real-life application.",What did you learn about time: assessment and review today? How can you use this in your daily life?,10,1,30,Developing,Which day of the week do you raise the school flag? Which day of the week do you worship?,"Learners in pairs/groups to identify activities they do in the morning, afternoon and evening. Learners to sing songs/rhymes related to days of the week. Learners in pairs/groups to identify activities that take place during the days of the week.","Oral questions, written exercises, observation","Respect, Responsibility, Patriotism","Communication and Collaboration, Self-efficacy, Citizenship","Citizenship: patriotism - the Kenyan flag; Health Education: time to brush teeth, wash face, sleep, take meals",KICD Lower Primary Curriculum Designs Vol.2 (Aug 2017),Page 24,HIGH — official KICD curriculum document,DRAFT,NEW,LOW — sourced from official KICD document,"Source: KICD Lower Primary Curriculum Designs Vol.2, page 24. 8 lessons allocated for this sub-strand."
2,Mathematical Activities,Measurement,2.4 Time,"By the end of the lesson, the learner should be able to: relate days of the week with various activities",Time: Community and Religious Activities,Term 1,Week 12,Activity: Time: Community and Religious Activities,"Learners in pairs/groups to identify activities they do in the morning, afternoon and evening. Learners to sing songs/rhymes related to days of the week. Learners in pairs/groups to identify activities that take place during the days of the week.",2.4 Time Quest,"Explore 2.4 time through interactive activities, hands-on practice, and real-life application.",What did you learn about time: community and religious activities today? How can you use this in your daily life?,10,1,30,Developing,Which day of the week do you raise the school flag? Which day of the week do you worship?,"Learners in pairs/groups to identify activities they do in the morning, afternoon and evening. Learners to sing songs/rhymes related to days of the week. Learners in pairs/groups to identify activities that take place during the days of the week.","Oral questions, written exercises, observation","Respect, Responsibility, Patriotism","Communication and Collaboration, Self-efficacy, Citizenship","Citizenship: patriotism - the Kenyan flag; Health Education: time to brush teeth, wash face, sleep, take meals",KICD Lower Primary Curriculum Designs Vol.2 (Aug 2017),Page 24,HIGH — official KICD curriculum document,DRAFT,NEW,LOW — sourced from official KICD document,"Source: KICD Lower Primary Curriculum Designs Vol.2, page 24. 8 lessons allocated for this sub-strand."
2,Mathematical Activities,Measurement,2.5 Money,"By the end of the lesson, the learner should be able to: identify Kenyan currency coins and notes up to sh.100",Identifying Kenyan Coins up to Sh.40,Term 1,Week 12,Activity: Identifying Kenyan Coins up to Sh.40,Learners in pairs/groups to sort out different Kenyan currency coins and notes up to sh.100. Learners to put together coins and notes up to sh.100 according to their value and features. Learners in pairs/groups to give their own experiences in relation to shopping activities. Learners to discuss the value of items in the classroom shop up to sh.100. Learners in pairs/groups to discuss items they cannot do without and those that are necessary but they can do without. Learners to play digital game,2.5 Money Quest,"Explore 2.5 money through interactive activities, hands-on practice, and real-life application.",What did you learn about identifying kenyan coins up to sh.40 today? How can you use this in your daily life?,10,1,30,Developing,How can you identify Kenyan currency coins and notes?,Learners in pairs/groups to sort out different Kenyan currency coins and notes up to sh.100. Learners to put together coins and notes up to sh.100 according to their value and features. Learners in pairs/groups to give their own experiences in relation to shopping activities. Learners to discuss the value of items in the classroom shop up to sh.100. Learners in pairs/groups to discuss items they cannot do without and those that are necessary but they can do without. Learners to play digital games involving needs and wants. Learners to give their own experiences on saving and spending. Learners to role play buying and selling from the classroom shop.,"Written exercises, oral questions, observation","Integrity, Responsibility, Honesty","Communication and Collaboration, Self-efficacy, Citizenship, Digital Literacy",ESD: DRR; safety - as learners handle money; Citizenship: patriotism - features on Kenya currency,KICD Lower Primary Curriculum Designs Vol.2 (Aug 2017),Page 25,HIGH — official KICD curriculum document,DRAFT,NEW,LOW — sourced from official KICD document,"Source: KICD Lower Primary Curriculum Designs Vol.2, page 25. 8 lessons allocated for this sub-strand."
2,Mathematical Activities,Measurement,2.5 Money,"By the end of the lesson, the learner should be able to: relate money to goods and services up to sh.100 in shopping activities",Identifying Kenyan Coins and Notes up to Sh.100,Term 1,Week 12,Activity: Identifying Kenyan Coins and Notes up to Sh.100,Learners in pairs/groups to sort out different Kenyan currency coins and notes up to sh.100. Learners to put together coins and notes up to sh.100 according to their value and features. Learners in pairs/groups to give their own experiences in relation to shopping activities. Learners to discuss the value of items in the classroom shop up to sh.100. Learners in pairs/groups to discuss items they cannot do without and those that are necessary but they can do without. Learners to play digital game,2.5 Money Quest,"Explore 2.5 money through interactive activities, hands-on practice, and real-life application.",What did you learn about identifying kenyan coins and notes up to sh.100 today? How can you use this in your daily life?,10,1,30,Developing,How can you identify Kenyan currency coins and notes?,Learners in pairs/groups to sort out different Kenyan currency coins and notes up to sh.100. Learners to put together coins and notes up to sh.100 according to their value and features. Learners in pairs/groups to give their own experiences in relation to shopping activities. Learners to discuss the value of items in the classroom shop up to sh.100. Learners in pairs/groups to discuss items they cannot do without and those that are necessary but they can do without. Learners to play digital games involving needs and wants. Learners to give their own experiences on saving and spending. Learners to role play buying and selling from the classroom shop.,"Written exercises, oral questions, observation","Integrity, Responsibility, Honesty","Communication and Collaboration, Self-efficacy, Citizenship, Digital Literacy",ESD: DRR; safety - as learners handle money; Citizenship: patriotism - features on Kenya currency,KICD Lower Primary Curriculum Designs Vol.2 (Aug 2017),Page 25,HIGH — official KICD curriculum document,DRAFT,NEW,LOW — sourced from official KICD document,"Source: KICD Lower Primary Curriculum Designs Vol.2, page 25. 8 lessons allocated for this sub-strand."
2,Mathematical Activities,Measurement,2.5 Money,"By the end of the lesson, the learner should be able to: differentiate between needs and wants in real life context",Sorting Money by Value and Features,Term 1,Week 12,Activity: Sorting Money by Value and Features,Learners in pairs/groups to sort out different Kenyan currency coins and notes up to sh.100. Learners to put together coins and notes up to sh.100 according to their value and features. Learners in pairs/groups to give their own experiences in relation to shopping activities. Learners to discuss the value of items in the classroom shop up to sh.100. Learners in pairs/groups to discuss items they cannot do without and those that are necessary but they can do without. Learners to play digital game,2.5 Money Quest,"Explore 2.5 money through interactive activities, hands-on practice, and real-life application.",What did you learn about sorting money by value and features today? How can you use this in your daily life?,10,1,30,Developing,How can you identify Kenyan currency coins and notes?,Learners in pairs/groups to sort out different Kenyan currency coins and notes up to sh.100. Learners to put together coins and notes up to sh.100 according to their value and features. Learners in pairs/groups to give their own experiences in relation to shopping activities. Learners to discuss the value of items in the classroom shop up to sh.100. Learners in pairs/groups to discuss items they cannot do without and those that are necessary but they can do without. Learners to play digital games involving needs and wants. Learners to give their own experiences on saving and spending. Learners to role play buying and selling from the classroom shop.,"Written exercises, oral questions, observation","Integrity, Responsibility, Honesty","Communication and Collaboration, Self-efficacy, Citizenship, Digital Literacy",ESD: DRR; safety - as learners handle money; Citizenship: patriotism - features on Kenya currency,KICD Lower Primary Curriculum Designs Vol.2 (Aug 2017),Page 25,HIGH — official KICD curriculum document,DRAFT,NEW,LOW — sourced from official KICD document,"Source: KICD Lower Primary Curriculum Designs Vol.2, page 25. 8 lessons allocated for this sub-strand."
2,Mathematical Activities,Measurement,2.5 Money,"By the end of the lesson, the learner should be able to: appreciate spending and saving in real life situations",Shopping Activities: Buying and Selling,Term 1,Week 12,Activity: Shopping Activities: Buying and Selling,Learners in pairs/groups to sort out different Kenyan currency coins and notes up to sh.100. Learners to put together coins and notes up to sh.100 according to their value and features. Learners in pairs/groups to give their own experiences in relation to shopping activities. Learners to discuss the value of items in the classroom shop up to sh.100. Learners in pairs/groups to discuss items they cannot do without and those that are necessary but they can do without. Learners to play digital game,2.5 Money Quest,"Explore 2.5 money through interactive activities, hands-on practice, and real-life application.",What did you learn about shopping activities: buying and selling today? How can you use this in your daily life?,10,1,30,Developing,How can you identify Kenyan currency coins and notes?,Learners in pairs/groups to sort out different Kenyan currency coins and notes up to sh.100. Learners to put together coins and notes up to sh.100 according to their value and features. Learners in pairs/groups to give their own experiences in relation to shopping activities. Learners to discuss the value of items in the classroom shop up to sh.100. Learners in pairs/groups to discuss items they cannot do without and those that are necessary but they can do without. Learners to play digital games involving needs and wants. Learners to give their own experiences on saving and spending. Learners to role play buying and selling from the classroom shop.,"Written exercises, oral questions, observation","Integrity, Responsibility, Honesty","Communication and Collaboration, Self-efficacy, Citizenship, Digital Literacy",ESD: DRR; safety - as learners handle money; Citizenship: patriotism - features on Kenya currency,KICD Lower Primary Curriculum Designs Vol.2 (Aug 2017),Page 25,HIGH — official KICD curriculum document,DRAFT,NEW,LOW — sourced from official KICD document,"Source: KICD Lower Primary Curriculum Designs Vol.2, page 25. 8 lessons allocated for this sub-strand."
2,Mathematical Activities,Measurement,2.5 Money,"By the end of the lesson, the learner should be able to: appreciate spending and saving in real life situations",Differentiating Needs and Wants,Term 1,Week 12,Activity: Differentiating Needs and Wants,Learners in pairs/groups to sort out different Kenyan currency coins and notes up to sh.100. Learners to put together coins and notes up to sh.100 according to their value and features. Learners in pairs/groups to give their own experiences in relation to shopping activities. Learners to discuss the value of items in the classroom shop up to sh.100. Learners in pairs/groups to discuss items they cannot do without and those that are necessary but they can do without. Learners to play digital game,2.5 Money Quest,"Explore 2.5 money through interactive activities, hands-on practice, and real-life application.",What did you learn about differentiating needs and wants today? How can you use this in your daily life?,10,1,30,Developing,How can you identify Kenyan currency coins and notes?,Learners in pairs/groups to sort out different Kenyan currency coins and notes up to sh.100. Learners to put together coins and notes up to sh.100 according to their value and features. Learners in pairs/groups to give their own experiences in relation to shopping activities. Learners to discuss the value of items in the classroom shop up to sh.100. Learners in pairs/groups to discuss items they cannot do without and those that are necessary but they can do without. Learners to play digital games involving needs and wants. Learners to give their own experiences on saving and spending. Learners to role play buying and selling from the classroom shop.,"Written exercises, oral questions, observation","Integrity, Responsibility, Honesty","Communication and Collaboration, Self-efficacy, Citizenship, Digital Literacy",ESD: DRR; safety - as learners handle money; Citizenship: patriotism - features on Kenya currency,KICD Lower Primary Curriculum Designs Vol.2 (Aug 2017),Page 25,HIGH — official KICD curriculum document,DRAFT,NEW,LOW — sourced from official KICD document,"Source: KICD Lower Primary Curriculum Designs Vol.2, page 25. 8 lessons allocated for this sub-strand."
2,Mathematical Activities,Measurement,2.5 Money,"By the end of the lesson, the learner should be able to: appreciate spending and saving in real life situations",Saving and Spending Money,Term 1,Week 12,Activity: Saving and Spending Money,Learners in pairs/groups to sort out different Kenyan currency coins and notes up to sh.100. Learners to put together coins and notes up to sh.100 according to their value and features. Learners in pairs/groups to give their own experiences in relation to shopping activities. Learners to discuss the value of items in the classroom shop up to sh.100. Learners in pairs/groups to discuss items they cannot do without and those that are necessary but they can do without. Learners to play digital game,2.5 Money Quest,"Explore 2.5 money through interactive activities, hands-on practice, and real-life application.",What did you learn about saving and spending money today? How can you use this in your daily life?,10,1,30,Developing,How can you identify Kenyan currency coins and notes?,Learners in pairs/groups to sort out different Kenyan currency coins and notes up to sh.100. Learners to put together coins and notes up to sh.100 according to their value and features. Learners in pairs/groups to give their own experiences in relation to shopping activities. Learners to discuss the value of items in the classroom shop up to sh.100. Learners in pairs/groups to discuss items they cannot do without and those that are necessary but they can do without. Learners to play digital games involving needs and wants. Learners to give their own experiences on saving and spending. Learners to role play buying and selling from the classroom shop.,"Written exercises, oral questions, observation","Integrity, Responsibility, Honesty","Communication and Collaboration, Self-efficacy, Citizenship, Digital Literacy",ESD: DRR; safety - as learners handle money; Citizenship: patriotism - features on Kenya currency,KICD Lower Primary Curriculum Designs Vol.2 (Aug 2017),Page 25,HIGH — official KICD curriculum document,DRAFT,NEW,LOW — sourced from official KICD document,"Source: KICD Lower Primary Curriculum Designs Vol.2, page 25. 8 lessons allocated for this sub-strand."
2,Mathematical Activities,Measurement,2.5 Money,"By the end of the lesson, the learner should be able to: appreciate spending and saving in real life situations",Money: Role Play in the Classroom Shop,Term 1,Week 12,Activity: Money: Role Play in the Classroom Shop,Learners in pairs/groups to sort out different Kenyan currency coins and notes up to sh.100. Learners to put together coins and notes up to sh.100 according to their value and features. Learners in pairs/groups to give their own experiences in relation to shopping activities. Learners to discuss the value of items in the classroom shop up to sh.100. Learners in pairs/groups to discuss items they cannot do without and those that are necessary but they can do without. Learners to play digital game,2.5 Money Quest,"Explore 2.5 money through interactive activities, hands-on practice, and real-life application.",What did you learn about money: role play in the classroom shop today? How can you use this in your daily life?,10,1,30,Developing,How can you identify Kenyan currency coins and notes?,Learners in pairs/groups to sort out different Kenyan currency coins and notes up to sh.100. Learners to put together coins and notes up to sh.100 according to their value and features. Learners in pairs/groups to give their own experiences in relation to shopping activities. Learners to discuss the value of items in the classroom shop up to sh.100. Learners in pairs/groups to discuss items they cannot do without and those that are necessary but they can do without. Learners to play digital games involving needs and wants. Learners to give their own experiences on saving and spending. Learners to role play buying and selling from the classroom shop.,"Written exercises, oral questions, observation","Integrity, Responsibility, Honesty","Communication and Collaboration, Self-efficacy, Citizenship, Digital Literacy",ESD: DRR; safety - as learners handle money; Citizenship: patriotism - features on Kenya currency,KICD Lower Primary Curriculum Designs Vol.2 (Aug 2017),Page 25,HIGH — official KICD curriculum document,DRAFT,NEW,LOW — sourced from official KICD document,"Source: KICD Lower Primary Curriculum Designs Vol.2, page 25. 8 lessons allocated for this sub-strand."
2,Mathematical Activities,Measurement,2.5 Money,"By the end of the lesson, the learner should be able to: appreciate spending and saving in real life situations",Money: Practice and Assessment,Term 1,Week 12,Activity: Money: Practice and Assessment,Learners in pairs/groups to sort out different Kenyan currency coins and notes up to sh.100. Learners to put together coins and notes up to sh.100 according to their value and features. Learners in pairs/groups to give their own experiences in relation to shopping activities. Learners to discuss the value of items in the classroom shop up to sh.100. Learners in pairs/groups to discuss items they cannot do without and those that are necessary but they can do without. Learners to play digital game,2.5 Money Quest,"Explore 2.5 money through interactive activities, hands-on practice, and real-life application.",What did you learn about money: practice and assessment today? How can you use this in your daily life?,10,1,30,Developing,How can you identify Kenyan currency coins and notes?,Learners in pairs/groups to sort out different Kenyan currency coins and notes up to sh.100. Learners to put together coins and notes up to sh.100 according to their value and features. Learners in pairs/groups to give their own experiences in relation to shopping activities. Learners to discuss the value of items in the classroom shop up to sh.100. Learners in pairs/groups to discuss items they cannot do without and those that are necessary but they can do without. Learners to play digital games involving needs and wants. Learners to give their own experiences on saving and spending. Learners to role play buying and selling from the classroom shop.,"Written exercises, oral questions, observation","Integrity, Responsibility, Honesty","Communication and Collaboration, Self-efficacy, Citizenship, Digital Literacy",ESD: DRR; safety - as learners handle money; Citizenship: patriotism - features on Kenya currency,KICD Lower Primary Curriculum Designs Vol.2 (Aug 2017),Page 25,HIGH — official KICD curriculum document,DRAFT,NEW,LOW — sourced from official KICD document,"Source: KICD Lower Primary Curriculum Designs Vol.2, page 25. 8 lessons allocated for this sub-strand."
2,Mathematical Activities,Geometry,3.1 Lines,"By the end of the lesson, the learner should be able to: draw straight lines for application in real life",Introduction to Straight Lines,Term 1,Week 12,Activity: Introduction to Straight Lines,Learners to stand behind one another facing the same side and identify what they have formed as a straight line. Learners in pairs/groups to mark two points on the ground and using a stick to draw a line joining the two points. Learners to practice drawing straight lines on the ground and in their books. Learners in groups to form a semi-circle and draw a line around it to identify the semi-circle as a curved line. Learners to practice drawing curved lines.,3.1 Lines Quest,"Explore 3.1 lines through interactive activities, hands-on practice, and real-life application.",What did you learn about introduction to straight lines today? How can you use this in your daily life?,10,1,30,Developing,What types of lines are there?,Learners to stand behind one another facing the same side and identify what they have formed as a straight line. Learners in pairs/groups to mark two points on the ground and using a stick to draw a line joining the two points. Learners to practice drawing straight lines on the ground and in their books. Learners in groups to form a semi-circle and draw a line around it to identify the semi-circle as a curved line. Learners to practice drawing curved lines.,"Written exercises, observation, oral questions","Unity, Responsibility, Love","Communication and Collaboration, Imagination and Creativity, Learning to Learn",ESD: DRR; safety - as learners use sticks to draw; Life Skills: self-awareness - when forming lines using their hands,KICD Lower Primary Curriculum Designs Vol.2 (Aug 2017),Page 26-27,HIGH — official KICD curriculum document,DRAFT,NEW,LOW — sourced from official KICD document,"Source: KICD Lower Primary Curriculum Designs Vol.2, page 26-27. 6 lessons allocated for this sub-strand."
2,Mathematical Activities,Geometry,3.1 Lines,"By the end of the lesson, the learner should be able to: draw curved lines for application in real life situations",Drawing Straight Lines on the Ground and in Books,Term 1,Week 12,Activity: Drawing Straight Lines on the Ground and in Books,Learners to stand behind one another facing the same side and identify what they have formed as a straight line. Learners in pairs/groups to mark two points on the ground and using a stick to draw a line joining the two points. Learners to practice drawing straight lines on the ground and in their books. Learners in groups to form a semi-circle and draw a line around it to identify the semi-circle as a curved line. Learners to practice drawing curved lines.,3.1 Lines Quest,"Explore 3.1 lines through interactive activities, hands-on practice, and real-life application.",What did you learn about drawing straight lines on the ground and in books today? How can you use this in your daily life?,10,1,30,Developing,What types of lines are there?,Learners to stand behind one another facing the same side and identify what they have formed as a straight line. Learners in pairs/groups to mark two points on the ground and using a stick to draw a line joining the two points. Learners to practice drawing straight lines on the ground and in their books. Learners in groups to form a semi-circle and draw a line around it to identify the semi-circle as a curved line. Learners to practice drawing curved lines.,"Written exercises, observation, oral questions","Unity, Responsibility, Love","Communication and Collaboration, Imagination and Creativity, Learning to Learn",ESD: DRR; safety - as learners use sticks to draw; Life Skills: self-awareness - when forming lines using their hands,KICD Lower Primary Curriculum Designs Vol.2 (Aug 2017),Page 26-27,HIGH — official KICD curriculum document,DRAFT,NEW,LOW — sourced from official KICD document,"Source: KICD Lower Primary Curriculum Designs Vol.2, page 26-27. 6 lessons allocated for this sub-strand."
2,Mathematical Activities,Geometry,3.1 Lines,"By the end of the lesson, the learner should be able to: draw curved lines for application in real life situations",Introduction to Curved Lines,Term 1,Week 12,Activity: Introduction to Curved Lines,Learners to stand behind one another facing the same side and identify what they have formed as a straight line. Learners in pairs/groups to mark two points on the ground and using a stick to draw a line joining the two points. Learners to practice drawing straight lines on the ground and in their books. Learners in groups to form a semi-circle and draw a line around it to identify the semi-circle as a curved line. Learners to practice drawing curved lines.,3.1 Lines Quest,"Explore 3.1 lines through interactive activities, hands-on practice, and real-life application.",What did you learn about introduction to curved lines today? How can you use this in your daily life?,10,1,30,Developing,What types of lines are there?,Learners to stand behind one another facing the same side and identify what they have formed as a straight line. Learners in pairs/groups to mark two points on the ground and using a stick to draw a line joining the two points. Learners to practice drawing straight lines on the ground and in their books. Learners in groups to form a semi-circle and draw a line around it to identify the semi-circle as a curved line. Learners to practice drawing curved lines.,"Written exercises, observation, oral questions","Unity, Responsibility, Love","Communication and Collaboration, Imagination and Creativity, Learning to Learn",ESD: DRR; safety - as learners use sticks to draw; Life Skills: self-awareness - when forming lines using their hands,KICD Lower Primary Curriculum Designs Vol.2 (Aug 2017),Page 26-27,HIGH — official KICD curriculum document,DRAFT,NEW,LOW — sourced from official KICD document,"Source: KICD Lower Primary Curriculum Designs Vol.2, page 26-27. 6 lessons allocated for this sub-strand."
2,Mathematical Activities,Geometry,3.1 Lines,"By the end of the lesson, the learner should be able to: draw curved lines for application in real life situations",Drawing Curved Lines on the Ground and in Books,Term 1,Week 12,Activity: Drawing Curved Lines on the Ground and in Books,Learners to stand behind one another facing the same side and identify what they have formed as a straight line. Learners in pairs/groups to mark two points on the ground and using a stick to draw a line joining the two points. Learners to practice drawing straight lines on the ground and in their books. Learners in groups to form a semi-circle and draw a line around it to identify the semi-circle as a curved line. Learners to practice drawing curved lines.,3.1 Lines Quest,"Explore 3.1 lines through interactive activities, hands-on practice, and real-life application.",What did you learn about drawing curved lines on the ground and in books today? How can you use this in your daily life?,10,1,30,Developing,What types of lines are there?,Learners to stand behind one another facing the same side and identify what they have formed as a straight line. Learners in pairs/groups to mark two points on the ground and using a stick to draw a line joining the two points. Learners to practice drawing straight lines on the ground and in their books. Learners in groups to form a semi-circle and draw a line around it to identify the semi-circle as a curved line. Learners to practice drawing curved lines.,"Written exercises, observation, oral questions","Unity, Responsibility, Love","Communication and Collaboration, Imagination and Creativity, Learning to Learn",ESD: DRR; safety - as learners use sticks to draw; Life Skills: self-awareness - when forming lines using their hands,KICD Lower Primary Curriculum Designs Vol.2 (Aug 2017),Page 26-27,HIGH — official KICD curriculum document,DRAFT,NEW,LOW — sourced from official KICD document,"Source: KICD Lower Primary Curriculum Designs Vol.2, page 26-27. 6 lessons allocated for this sub-strand."
2,Mathematical Activities,Geometry,3.1 Lines,"By the end of the lesson, the learner should be able to: draw curved lines for application in real life situations",Lines in the Environment,Term 1,Week 12,Activity: Lines in the Environment,Learners to stand behind one another facing the same side and identify what they have formed as a straight line. Learners in pairs/groups to mark two points on the ground and using a stick to draw a line joining the two points. Learners to practice drawing straight lines on the ground and in their books. Learners in groups to form a semi-circle and draw a line around it to identify the semi-circle as a curved line. Learners to practice drawing curved lines.,3.1 Lines Quest,"Explore 3.1 lines through interactive activities, hands-on practice, and real-life application.",What did you learn about lines in the environment today? How can you use this in your daily life?,10,1,30,Developing,What types of lines are there?,Learners to stand behind one another facing the same side and identify what they have formed as a straight line. Learners in pairs/groups to mark two points on the ground and using a stick to draw a line joining the two points. Learners to practice drawing straight lines on the ground and in their books. Learners in groups to form a semi-circle and draw a line around it to identify the semi-circle as a curved line. Learners to practice drawing curved lines.,"Written exercises, observation, oral questions","Unity, Responsibility, Love","Communication and Collaboration, Imagination and Creativity, Learning to Learn",ESD: DRR; safety - as learners use sticks to draw; Life Skills: self-awareness - when forming lines using their hands,KICD Lower Primary Curriculum Designs Vol.2 (Aug 2017),Page 26-27,HIGH — official KICD curriculum document,DRAFT,NEW,LOW — sourced from official KICD document,"Source: KICD Lower Primary Curriculum Designs Vol.2, page 26-27. 6 lessons allocated for this sub-strand."
2,Mathematical Activities,Geometry,3.1 Lines,"By the end of the lesson, the learner should be able to: draw curved lines for application in real life situations",Lines: Practice and Application,Term 1,Week 12,Activity: Lines: Practice and Application,Learners to stand behind one another facing the same side and identify what they have formed as a straight line. Learners in pairs/groups to mark two points on the ground and using a stick to draw a line joining the two points. Learners to practice drawing straight lines on the ground and in their books. Learners in groups to form a semi-circle and draw a line around it to identify the semi-circle as a curved line. Learners to practice drawing curved lines.,3.1 Lines Quest,"Explore 3.1 lines through interactive activities, hands-on practice, and real-life application.",What did you learn about lines: practice and application today? How can you use this in your daily life?,10,1,30,Developing,What types of lines are there?,Learners to stand behind one another facing the same side and identify what they have formed as a straight line. Learners in pairs/groups to mark two points on the ground and using a stick to draw a line joining the two points. Learners to practice drawing straight lines on the ground and in their books. Learners in groups to form a semi-circle and draw a line around it to identify the semi-circle as a curved line. Learners to practice drawing curved lines.,"Written exercises, observation, oral questions","Unity, Responsibility, Love","Communication and Collaboration, Imagination and Creativity, Learning to Learn",ESD: DRR; safety - as learners use sticks to draw; Life Skills: self-awareness - when forming lines using their hands,KICD Lower Primary Curriculum Designs Vol.2 (Aug 2017),Page 26-27,HIGH — official KICD curriculum document,DRAFT,NEW,LOW — sourced from official KICD document,"Source: KICD Lower Primary Curriculum Designs Vol.2, page 26-27. 6 lessons allocated for this sub-strand."
2,Mathematical Activities,Geometry,3.2 Shapes,"By the end of the lesson, the learner should be able to: identify rectangles, circles and triangles in the environment","Identifying Rectangles, Circles, and Triangles in the Environment",Term 1,Week 12,"Activity: Identifying Rectangles, Circles, and Triangles in the Environment","Learners in pairs/groups to sort and group different shapes using one attribute. Learners in pairs/groups to discuss the types of lines that make rectangles, circles, triangles and name them. Learners working individually to make patterns of their choice using the three shapes. Learners in groups to make patterns, colour them and share with other groups.",3.2 Shapes Quest,"Explore 3.2 shapes through interactive activities, hands-on practice, and real-life application.","What did you learn about identifying rectangles, circles, and triangles in the environment today? How can you use this in your daily life?",10,1,30,Developing,What shapes can you identify in your school?,"Learners in pairs/groups to sort and group different shapes using one attribute. Learners in pairs/groups to discuss the types of lines that make rectangles, circles, triangles and name them. Learners working individually to make patterns of their choice using the three shapes. Learners in groups to make patterns, colour them and share with other groups.","Written exercises, oral questions, observation","Responsibility, Unity","Communication and Collaboration, Imagination and Creativity",ESD: DRR; safety - as learners pick objects to trace and when colouring the patterns,KICD Lower Primary Curriculum Designs Vol.2 (Aug 2017),Page 27-28,HIGH — official KICD curriculum document,DRAFT,NEW,LOW — sourced from official KICD document,"Source: KICD Lower Primary Curriculum Designs Vol.2, page 27-28. 6 lessons allocated for this sub-strand."
2,Mathematical Activities,Geometry,3.2 Shapes,"By the end of the lesson, the learner should be able to: make patterns involving rectangles, circles and triangles",Sorting and Grouping Shapes by Attribute,Term 1,Week 12,Activity: Sorting and Grouping Shapes by Attribute,"Learners in pairs/groups to sort and group different shapes using one attribute. Learners in pairs/groups to discuss the types of lines that make rectangles, circles, triangles and name them. Learners working individually to make patterns of their choice using the three shapes. Learners in groups to make patterns, colour them and share with other groups.",3.2 Shapes Quest,"Explore 3.2 shapes through interactive activities, hands-on practice, and real-life application.",What did you learn about sorting and grouping shapes by attribute today? How can you use this in your daily life?,10,1,30,Developing,What shapes can you identify in your school?,"Learners in pairs/groups to sort and group different shapes using one attribute. Learners in pairs/groups to discuss the types of lines that make rectangles, circles, triangles and name them. Learners working individually to make patterns of their choice using the three shapes. Learners in groups to make patterns, colour them and share with other groups.","Written exercises, oral questions, observation","Responsibility, Unity","Communication and Collaboration, Imagination and Creativity",ESD: DRR; safety - as learners pick objects to trace and when colouring the patterns,KICD Lower Primary Curriculum Designs Vol.2 (Aug 2017),Page 27-28,HIGH — official KICD curriculum document,DRAFT,NEW,LOW — sourced from official KICD document,"Source: KICD Lower Primary Curriculum Designs Vol.2, page 27-28. 6 lessons allocated for this sub-strand."
2,Mathematical Activities,Geometry,3.2 Shapes,"By the end of the lesson, the learner should be able to: appreciate the beauty of patterns in the environment","Making Patterns with Rectangles, Circles, and Triangles",Term 1,Week 12,"Activity: Making Patterns with Rectangles, Circles, and Triangles","Learners in pairs/groups to sort and group different shapes using one attribute. Learners in pairs/groups to discuss the types of lines that make rectangles, circles, triangles and name them. Learners working individually to make patterns of their choice using the three shapes. Learners in groups to make patterns, colour them and share with other groups.",3.2 Shapes Quest,"Explore 3.2 shapes through interactive activities, hands-on practice, and real-life application.","What did you learn about making patterns with rectangles, circles, and triangles today? How can you use this in your daily life?",10,1,30,Developing,What shapes can you identify in your school?,"Learners in pairs/groups to sort and group different shapes using one attribute. Learners in pairs/groups to discuss the types of lines that make rectangles, circles, triangles and name them. Learners working individually to make patterns of their choice using the three shapes. Learners in groups to make patterns, colour them and share with other groups.","Written exercises, oral questions, observation","Responsibility, Unity","Communication and Collaboration, Imagination and Creativity",ESD: DRR; safety - as learners pick objects to trace and when colouring the patterns,KICD Lower Primary Curriculum Designs Vol.2 (Aug 2017),Page 27-28,HIGH — official KICD curriculum document,DRAFT,NEW,LOW — sourced from official KICD document,"Source: KICD Lower Primary Curriculum Designs Vol.2, page 27-28. 6 lessons allocated for this sub-strand."
2,Mathematical Activities,Geometry,3.2 Shapes,"By the end of the lesson, the learner should be able to: appreciate the beauty of patterns in the environment",Colouring and Sharing Shape Patterns,Term 1,Week 12,Activity: Colouring and Sharing Shape Patterns,"Learners in pairs/groups to sort and group different shapes using one attribute. Learners in pairs/groups to discuss the types of lines that make rectangles, circles, triangles and name them. Learners working individually to make patterns of their choice using the three shapes. Learners in groups to make patterns, colour them and share with other groups.",3.2 Shapes Quest,"Explore 3.2 shapes through interactive activities, hands-on practice, and real-life application.",What did you learn about colouring and sharing shape patterns today? How can you use this in your daily life?,10,1,30,Developing,What shapes can you identify in your school?,"Learners in pairs/groups to sort and group different shapes using one attribute. Learners in pairs/groups to discuss the types of lines that make rectangles, circles, triangles and name them. Learners working individually to make patterns of their choice using the three shapes. Learners in groups to make patterns, colour them and share with other groups.","Written exercises, oral questions, observation","Responsibility, Unity","Communication and Collaboration, Imagination and Creativity",ESD: DRR; safety - as learners pick objects to trace and when colouring the patterns,KICD Lower Primary Curriculum Designs Vol.2 (Aug 2017),Page 27-28,HIGH — official KICD curriculum document,DRAFT,NEW,LOW — sourced from official KICD document,"Source: KICD Lower Primary Curriculum Designs Vol.2, page 27-28. 6 lessons allocated for this sub-strand."
2,Mathematical Activities,Geometry,3.2 Shapes,"By the end of the lesson, the learner should be able to: appreciate the beauty of patterns in the environment",Shape Patterns in the Environment,Term 1,Week 12,Activity: Shape Patterns in the Environment,"Learners in pairs/groups to sort and group different shapes using one attribute. Learners in pairs/groups to discuss the types of lines that make rectangles, circles, triangles and name them. Learners working individually to make patterns of their choice using the three shapes. Learners in groups to make patterns, colour them and share with other groups.",3.2 Shapes Quest,"Explore 3.2 shapes through interactive activities, hands-on practice, and real-life application.",What did you learn about shape patterns in the environment today? How can you use this in your daily life?,10,1,30,Developing,What shapes can you identify in your school?,"Learners in pairs/groups to sort and group different shapes using one attribute. Learners in pairs/groups to discuss the types of lines that make rectangles, circles, triangles and name them. Learners working individually to make patterns of their choice using the three shapes. Learners in groups to make patterns, colour them and share with other groups.","Written exercises, oral questions, observation","Responsibility, Unity","Communication and Collaboration, Imagination and Creativity",ESD: DRR; safety - as learners pick objects to trace and when colouring the patterns,KICD Lower Primary Curriculum Designs Vol.2 (Aug 2017),Page 27-28,HIGH — official KICD curriculum document,DRAFT,NEW,LOW — sourced from official KICD document,"Source: KICD Lower Primary Curriculum Designs Vol.2, page 27-28. 6 lessons allocated for this sub-strand."
2,Mathematical Activities,Geometry,3.2 Shapes,"By the end of the lesson, the learner should be able to: appreciate the beauty of patterns in the environment",Shapes: Practice and Assessment,Term 1,Week 12,Activity: Shapes: Practice and Assessment,"Learners in pairs/groups to sort and group different shapes using one attribute. Learners in pairs/groups to discuss the types of lines that make rectangles, circles, triangles and name them. Learners working individually to make patterns of their choice using the three shapes. Learners in groups to make patterns, colour them and share with other groups.",3.2 Shapes Quest,"Explore 3.2 shapes through interactive activities, hands-on practice, and real-life application.",What did you learn about shapes: practice and assessment today? How can you use this in your daily life?,10,1,30,Developing,What shapes can you identify in your school?,"Learners in pairs/groups to sort and group different shapes using one attribute. Learners in pairs/groups to discuss the types of lines that make rectangles, circles, triangles and name them. Learners working individually to make patterns of their choice using the three shapes. Learners in groups to make patterns, colour them and share with other groups.","Written exercises, oral questions, observation","Responsibility, Unity","Communication and Collaboration, Imagination and Creativity",ESD: DRR; safety - as learners pick objects to trace and when colouring the patterns,KICD Lower Primary Curriculum Designs Vol.2 (Aug 2017),Page 27-28,HIGH — official KICD curriculum document,DRAFT,NEW,LOW — sourced from official KICD document,"Source: KICD Lower Primary Curriculum Designs Vol.2, page 27-28. 6 lessons allocated for this sub-strand."
