lesson_id,title,strand,sub_strand,learningOutcome,keyInquiryQuestion,suggestedLearningExperience,activityInstructions,mapped_topic,mapped_subtopic,source_file_reference,child_friendly_goal,vocabulary_needed,representation_needed,example_type,practice_type,quick_check_type,difficulty_limit,video_needed,visual_needed,source_pack_status,human_input_needed,safe_to_generate
"78a3a720-af76-4c2e-8729-c5ef1421eded","Multiplication as Repeated Addition with 2s and 3s","Numbers","Multiplication","By the end of the lesson, the learner should be able to represent multiplication as repeated addition using equal groups of 2 and 3.","","","Give each learner or pair 12 counters. Ask them to arrange the counters into equal groups of 2, then equal groups of 3. For each arrangement, learners say the repeated addition sentence aloud, write i","Addition","Multiplication","mathematics-source-extended.csv","TODO: Victor to provide","TODO: Victor to provide","counters, number line, base-ten blocks","worked example with regrouping/no-regrouping","TODO: Victor to provide","addition-fact-regrouping / addition-fact-no-regrouping","max 3-digit + 3-digit, with/without regrouping","YES - needs human approval","YES - per topic guidance","new-needs-generation","YES","NO - awaiting source pack completion"
"7fe4e4f8-25d2-4aab-b06f-34120a06d946","Word Problems: Single Digit Addition","Numbers","1.4 Addition","By the end of the lesson, the learner should be able to: work out missing numbers in patterns involving addition of whole numbers up to 100","How can we align a 2-digit number and a 1-digit number vertically in order to add? When do we regroup?","Learners in pairs to write addition sentences given in horizontal form vertically according to place value. Learners to add a 2-digit number to a 1-digit number without and with regrouping. Learners t","Learners in pairs to write addition sentences given in horizontal form vertically according to place value. Learners to add a 2-digit number to a 1-digit number without and with regrouping. Learners t","Addition","1.4 Addition","mathematics-source-extended.csv","TODO: Victor to provide","TODO: Victor to provide","counters, number line, base-ten blocks","worked example with regrouping/no-regrouping","TODO: Victor to provide","addition-fact-regrouping / addition-fact-no-regrouping","max 3-digit + 3-digit, with/without regrouping","YES - needs human approval","YES - per topic guidance","new-needs-generation","YES","NO - awaiting source pack completion"
"7993c880-07eb-4b67-b0de-71af2f600fef","Word Problems: 2-Digit and 1-Digit Addition","Numbers","1.4 Addition","By the end of the lesson, the learner should be able to: work out missing numbers in patterns involving addition of whole numbers up to 100","How can we align a 2-digit number and a 1-digit number vertically in order to add? When do we regroup?","Learners in pairs to write addition sentences given in horizontal form vertically according to place value. Learners to add a 2-digit number to a 1-digit number without and with regrouping. Learners t","Learners in pairs to write addition sentences given in horizontal form vertically according to place value. Learners to add a 2-digit number to a 1-digit number without and with regrouping. Learners t","Addition","1.4 Addition","mathematics-source-extended.csv","TODO: Victor to provide","TODO: Victor to provide","counters, number line, base-ten blocks","worked example with regrouping/no-regrouping","TODO: Victor to provide","addition-fact-regrouping / addition-fact-no-regrouping","max 3-digit + 3-digit, with/without regrouping","YES - needs human approval","YES - per topic guidance","new-needs-generation","YES","NO - awaiting source pack completion"
"981b27eb-9d0d-4450-9bed-e76f1ba54c96","Adding Two 2-Digit Numbers Without Regrouping","Numbers","1.4 Addition","By the end of the lesson, the learner should be able to: work out missing numbers in patterns involving addition of whole numbers up to 100","How can we align a 2-digit number and a 1-digit number vertically in order to add? When do we regroup?","Learners in pairs to write addition sentences given in horizontal form vertically according to place value. Learners to add a 2-digit number to a 1-digit number without and with regrouping. Learners t","Learners in pairs to write addition sentences given in horizontal form vertically according to place value. Learners to add a 2-digit number to a 1-digit number without and with regrouping. Learners t","Addition","1.4 Addition","mathematics-source-extended.csv","TODO: Victor to provide","TODO: Victor to provide","counters, number line, base-ten blocks","worked example with regrouping/no-regrouping","TODO: Victor to provide","addition-fact-regrouping / addition-fact-no-regrouping","max 3-digit + 3-digit, with/without regrouping","YES - needs human approval","YES - per topic guidance","new-needs-generation","YES","NO - awaiting source pack completion"
"f9dd1dbb-250d-4591-af46-ad35e335d40c","Comparing Numbers","Numbers","Whole Numbers","Compare numbers","","","Compare two groups of objects","Numbers","Whole Numbers","mathematics-source-extended.csv","TODO: Victor to provide","TODO: Victor to provide","TODO: Victor to specify","TODO: Victor to specify","TODO: Victor to provide","TODO: Victor to specify","TODO: Victor to specify","YES - needs human approval","YES - per topic guidance","old-v2-needs-replacement","YES","NO - awaiting source pack completion"
"ed0039bc-67b7-4c7f-ba0b-76cc80030328","Counting Numbers to 100","Numbers","Whole Numbers","Count numbers up to 100","","","Count objects around the classroom","Number Patterns & Counting","Whole Numbers","mathematics-source-extended.csv","TODO: Victor to provide","TODO: Victor to provide","number line, hundred chart, skip counting","skip counting sequences, pattern completion","TODO: Victor to provide","skip-counting / missing-number","1-100, skip by 2s/5s/10s","YES - needs human approval","YES - per topic guidance","new-needs-generation","YES","NO - awaiting source pack completion"
"5cea9ba8-0047-466b-a4eb-6c1e80b3c92a","Breaking Numbers Apart to Make 10","Numbers","1.4 Addition","By the end of the lesson, the learner should be able to: work out missing numbers in patterns involving addition of whole numbers up to 100","How can we align a 2-digit number and a 1-digit number vertically in order to add? When do we regroup?","Learners in pairs to write addition sentences given in horizontal form vertically according to place value. Learners to add a 2-digit number to a 1-digit number without and with regrouping. Learners t","Learners in pairs to write addition sentences given in horizontal form vertically according to place value. Learners to add a 2-digit number to a 1-digit number without and with regrouping. Learners t","Numbers","1.4 Addition","mathematics-source-extended.csv","TODO: Victor to provide","TODO: Victor to provide","TODO: Victor to specify","TODO: Victor to specify","TODO: Victor to provide","TODO: Victor to specify","TODO: Victor to specify","YES - needs human approval","YES - per topic guidance","new-needs-generation","YES","NO - awaiting source pack completion"
"95b7d152-18ab-4e3e-8114-19742f6839a0","Measuring Length in Metres/m","Measurement","Length","By the end of the lesson, the learner should be able to measure the length of classroom objects using fixed units, identify the metre as a standard unit of measuring length, measure short distances in","","","1. Look at the metre rule or tape measure and identify the metre mark. 2. Choose three classroom objects or spaces to measure. 3. First estimate whether each item is less than, about, or more than 1 m","Measurement","Length","mathematics-source-extended.csv","TODO: Victor to provide","TODO: Victor to provide","classroom objects, ruler, measuring tools","measuring with standard units, comparing","TODO: Victor to provide","compare-units / read-measurement","metres, litres, kilograms; non-standard before standard","YES - needs human approval","YES - per topic guidance","old-v2-needs-replacement","YES","NO - awaiting source pack completion"
"bc4a1378-6dff-4dd3-9fbb-0f5b7e9a631e","Representing Numbers 1 to 50 Using Concrete Objects","Numbers","1.1 Number Concept","By the end of the lesson, the learner should be able to: represent numbers 1-100 using concrete objects in the environment","How can we find the number of objects in a group?","Learners to read number names from 1-100. Learners in groups of five to count their fingers and toes. Learners in pairs/groups to play games of representing numbers 1-100 using safe concrete objects. ","Learners to read number names from 1-100. Learners in groups of five to count their fingers and toes. Learners in pairs/groups to play games of representing numbers 1-100 using safe concrete objects. ","Number Concept","1.1 Number Concept","mathematics-source-extended.csv","TODO: Victor to provide","TODO: Victor to provide","concrete objects, number cards","representing quantities with objects","TODO: Victor to provide","represent-quantity / compare-numbers","1-1000 representation","YES - needs human approval","YES - per topic guidance","new-needs-generation","YES","NO - awaiting source pack completion"
"d7cdedaa-4fc1-42fa-8f28-7aef3761a645","Adding Two 2-Digit Numbers With Regrouping","Numbers","1.4 Addition","By the end of the lesson, the learner should be able to: work out missing numbers in patterns involving addition of whole numbers up to 100","How can we align a 2-digit number and a 1-digit number vertically in order to add? When do we regroup?","Learners in pairs to write addition sentences given in horizontal form vertically according to place value. Learners to add a 2-digit number to a 1-digit number without and with regrouping. Learners t","Learners in pairs to write addition sentences given in horizontal form vertically according to place value. Learners to add a 2-digit number to a 1-digit number without and with regrouping. Learners t","Addition","1.4 Addition","mathematics-source-extended.csv","TODO: Victor to provide","TODO: Victor to provide","counters, number line, base-ten blocks","worked example with regrouping/no-regrouping","TODO: Victor to provide","addition-fact-regrouping / addition-fact-no-regrouping","max 3-digit + 3-digit, with/without regrouping","YES - needs human approval","YES - per topic guidance","new-needs-generation","YES","NO - awaiting source pack completion"
"a97ab36c-9ad2-428d-832f-e688bea73382","Reading Numbers 51 to 100 in Symbols","Numbers","1.1 Number Concept","By the end of the lesson, the learner should be able to: represent numbers 1-100 using concrete objects in the environment","How can we find the number of objects in a group?","Learners to read number names from 1-100. Learners in groups of five to count their fingers and toes. Learners in pairs/groups to play games of representing numbers 1-100 using safe concrete objects. ","Learners to read number names from 1-100. Learners in groups of five to count their fingers and toes. Learners in pairs/groups to play games of representing numbers 1-100 using safe concrete objects. ","Reading & Writing Numbers","1.1 Number Concept","mathematics-source-extended.csv","TODO: Victor to provide","TODO: Victor to provide","number cards, word-symbol matching","number-symbol matching, word writing","TODO: Victor to provide","read-number / write-number","1-100 in symbols and words","YES - needs human approval","YES - per topic guidance","new-needs-generation","YES","NO - awaiting source pack completion"
"04a80f76-bf67-4c8c-b3f0-183a3b205e16","Counting Numbers 1 to 100 Backward","Numbers","1.1 Number Concept","By the end of the lesson, the learner should be able to: represent numbers 1-100 using concrete objects in the environment","How can we find the number of objects in a group?","Learners to read number names from 1-100. Learners in groups of five to count their fingers and toes. Learners in pairs/groups to play games of representing numbers 1-100 using safe concrete objects. ","Learners to read number names from 1-100. Learners in groups of five to count their fingers and toes. Learners in pairs/groups to play games of representing numbers 1-100 using safe concrete objects. ","Number Patterns & Counting","1.1 Number Concept","mathematics-source-extended.csv","TODO: Victor to provide","TODO: Victor to provide","number line, hundred chart, skip counting","skip counting sequences, pattern completion","TODO: Victor to provide","skip-counting / missing-number","1-100, skip by 2s/5s/10s","YES - needs human approval","YES - per topic guidance","new-needs-generation","YES","NO - awaiting source pack completion"
"7e886e8a-9486-430f-b035-12909bd581a6","Filling in Missing Numbers 1 to 50","Numbers","1.1 Number Concept","By the end of the lesson, the learner should be able to: represent numbers 1-100 using concrete objects in the environment","How can we find the number of objects in a group?","Learners to read number names from 1-100. Learners in groups of five to count their fingers and toes. Learners in pairs/groups to play games of representing numbers 1-100 using safe concrete objects. ","Learners to read number names from 1-100. Learners in groups of five to count their fingers and toes. Learners in pairs/groups to play games of representing numbers 1-100 using safe concrete objects. ","Number Patterns & Counting","1.1 Number Concept","mathematics-source-extended.csv","TODO: Victor to provide","TODO: Victor to provide","number line, hundred chart, skip counting","skip counting sequences, pattern completion","TODO: Victor to provide","skip-counting / missing-number","1-100, skip by 2s/5s/10s","YES - needs human approval","YES - per topic guidance","new-needs-generation","YES","NO - awaiting source pack completion"
"239becec-4f84-4e38-8169-a0bc72730d5f","Counting Numbers 1 to 100 Forward","Numbers","1.1 Number Concept","By the end of the lesson, the learner should be able to: represent numbers 1-100 using concrete objects in the environment","How can we find the number of objects in a group?","Learners to read number names from 1-100. Learners in groups of five to count their fingers and toes. Learners in pairs/groups to play games of representing numbers 1-100 using safe concrete objects. ","Learners to read number names from 1-100. Learners in groups of five to count their fingers and toes. Learners in pairs/groups to play games of representing numbers 1-100 using safe concrete objects. ","Number Patterns & Counting","1.1 Number Concept","mathematics-source-extended.csv","TODO: Victor to provide","TODO: Victor to provide","number line, hundred chart, skip counting","skip counting sequences, pattern completion","TODO: Victor to provide","skip-counting / missing-number","1-100, skip by 2s/5s/10s","YES - needs human approval","YES - per topic guidance","new-needs-generation","YES","NO - awaiting source pack completion"
"853782ed-f7d2-4536-9665-cab6f525dbff","Filling in Missing Numbers 51 to 100","Numbers","1.1 Number Concept","By the end of the lesson, the learner should be able to: represent numbers 1-100 using concrete objects in the environment","How can we find the number of objects in a group?","Learners to read number names from 1-100. Learners in groups of five to count their fingers and toes. Learners in pairs/groups to play games of representing numbers 1-100 using safe concrete objects. ","Learners to read number names from 1-100. Learners in groups of five to count their fingers and toes. Learners in pairs/groups to play games of representing numbers 1-100 using safe concrete objects. ","Number Patterns & Counting","1.1 Number Concept","mathematics-source-extended.csv","TODO: Victor to provide","TODO: Victor to provide","number line, hundred chart, skip counting","skip counting sequences, pattern completion","TODO: Victor to provide","skip-counting / missing-number","1-100, skip by 2s/5s/10s","YES - needs human approval","YES - per topic guidance","new-needs-generation","YES","NO - awaiting source pack completion"
"74590ca5-c695-4bf2-a990-6be39c08285b","Counting in 2s Backward up to 100","Numbers","1.2 Whole Numbers","By the end of the lesson, the learner should be able to: identify place value up to hundreds","How do we get the next number in a pattern?","Learners in pairs/groups to count in 2's and 5's forward and backward starting from any point. Learners in pairs/groups to count their fingers and toes in 2's and 10's. Learners in pairs/groups to dis","Learners in pairs/groups to count in 2's and 5's forward and backward starting from any point. Learners in pairs/groups to count their fingers and toes in 2's and 10's. Learners in pairs/groups to dis","Number Patterns & Counting","1.2 Whole Numbers","mathematics-source-extended.csv","TODO: Victor to provide","TODO: Victor to provide","number line, hundred chart, skip counting","skip counting sequences, pattern completion","TODO: Victor to provide","skip-counting / missing-number","1-100, skip by 2s/5s/10s","YES - needs human approval","YES - per topic guidance","new-needs-generation","YES","NO - awaiting source pack completion"
"71850381-f070-437f-8bec-8fec93d6f7cc","Counting in 5s Forward up to 100","Numbers","1.2 Whole Numbers","By the end of the lesson, the learner should be able to: read numbers 1-100 in symbols","How do we get the next number in a pattern?","Learners in pairs/groups to count in 2's and 5's forward and backward starting from any point. Learners in pairs/groups to count their fingers and toes in 2's and 10's. Learners in pairs/groups to dis","Learners in pairs/groups to count in 2's and 5's forward and backward starting from any point. Learners in pairs/groups to count their fingers and toes in 2's and 10's. Learners in pairs/groups to dis","Number Patterns & Counting","1.2 Whole Numbers","mathematics-source-extended.csv","TODO: Victor to provide","TODO: Victor to provide","number line, hundred chart, skip counting","skip counting sequences, pattern completion","TODO: Victor to provide","skip-counting / missing-number","1-100, skip by 2s/5s/10s","YES - needs human approval","YES - per topic guidance","new-needs-generation","YES","NO - awaiting source pack completion"
"a9cb3164-32c1-4b8e-a0bd-a52b03fe4c94","Place Value: Ones and Tens","Numbers","1.2 Whole Numbers","By the end of the lesson, the learner should be able to: appreciate number patterns as they skip on the number line","How do we get the next number in a pattern?","Learners in pairs/groups to count in 2's and 5's forward and backward starting from any point. Learners in pairs/groups to count their fingers and toes in 2's and 10's. Learners in pairs/groups to dis","Learners in pairs/groups to count in 2's and 5's forward and backward starting from any point. Learners in pairs/groups to count their fingers and toes in 2's and 10's. Learners in pairs/groups to dis","Place Value","1.2 Whole Numbers","mathematics-source-extended.csv","TODO: Victor to provide","TODO: Victor to provide","base-ten blocks, place value chart","decomposing numbers into tens and ones","TODO: Victor to provide","digit-value / decompose-number","ones, tens, hundreds","YES - needs human approval","YES - per topic guidance","new-needs-generation","YES","NO - awaiting source pack completion"
"93a6b8a3-a810-4774-b24b-117c9d4ec841","Place Value: Hundreds","Numbers","1.2 Whole Numbers","By the end of the lesson, the learner should be able to: appreciate number patterns as they skip on the number line","How do we get the next number in a pattern?","Learners in pairs/groups to count in 2's and 5's forward and backward starting from any point. Learners in pairs/groups to count their fingers and toes in 2's and 10's. Learners in pairs/groups to dis","Learners in pairs/groups to count in 2's and 5's forward and backward starting from any point. Learners in pairs/groups to count their fingers and toes in 2's and 10's. Learners in pairs/groups to dis","Place Value","1.2 Whole Numbers","mathematics-source-extended.csv","TODO: Victor to provide","TODO: Victor to provide","base-ten blocks, place value chart","decomposing numbers into tens and ones","TODO: Victor to provide","digit-value / decompose-number","ones, tens, hundreds","YES - needs human approval","YES - per topic guidance","new-needs-generation","YES","NO - awaiting source pack completion"
"22d83674-88b9-4431-ac3c-264ba5115764","Counting in 10s Forward up to 100","Numbers","1.2 Whole Numbers","By the end of the lesson, the learner should be able to: work out missing numbers in number patterns up to 100","How do we get the next number in a pattern?","Learners in pairs/groups to count in 2's and 5's forward and backward starting from any point. Learners in pairs/groups to count their fingers and toes in 2's and 10's. Learners in pairs/groups to dis","Learners in pairs/groups to count in 2's and 5's forward and backward starting from any point. Learners in pairs/groups to count their fingers and toes in 2's and 10's. Learners in pairs/groups to dis","Number Patterns & Counting","1.2 Whole Numbers","mathematics-source-extended.csv","TODO: Victor to provide","TODO: Victor to provide","number line, hundred chart, skip counting","skip counting sequences, pattern completion","TODO: Victor to provide","skip-counting / missing-number","1-100, skip by 2s/5s/10s","YES - needs human approval","YES - per topic guidance","new-needs-generation","YES","NO - awaiting source pack completion"
"db4c0d2d-671b-4a12-975c-c76a3da956c9","Number Patterns: Completing Patterns up to 50","Numbers","1.2 Whole Numbers","By the end of the lesson, the learner should be able to: appreciate number patterns as they skip on the number line","How do we get the next number in a pattern?","Learners in pairs/groups to count in 2's and 5's forward and backward starting from any point. Learners in pairs/groups to count their fingers and toes in 2's and 10's. Learners in pairs/groups to dis","Learners in pairs/groups to count in 2's and 5's forward and backward starting from any point. Learners in pairs/groups to count their fingers and toes in 2's and 10's. Learners in pairs/groups to dis","Number Patterns & Counting","1.2 Whole Numbers","mathematics-source-extended.csv","TODO: Victor to provide","TODO: Victor to provide","number line, hundred chart, skip counting","skip counting sequences, pattern completion","TODO: Victor to provide","skip-counting / missing-number","1-100, skip by 2s/5s/10s","YES - needs human approval","YES - per topic guidance","new-needs-generation","YES","NO - awaiting source pack completion"
"8019d7fd-a1a2-417d-9822-d70a676847d0","Counting to 100 *Soh","Number Concept","Counting","Learners should be able to count objects up to 100","","","Provide beads in groups of 10. Learners count aloud.","Number Patterns & Counting","Counting","mathematics-source-extended.csv","TODO: Victor to provide","TODO: Victor to provide","number line, hundred chart, skip counting","skip counting sequences, pattern completion","TODO: Victor to provide","skip-counting / missing-number","1-100, skip by 2s/5s/10s","YES - needs human approval","YES - per topic guidance","new-needs-generation","YES","NO - awaiting source pack completion"
"957cb5fc-4055-47ea-844f-e83d520c34cc","Writing Numbers 1 to 10 in Words","Numbers","1.2 Whole Numbers","By the end of the lesson, the learner should be able to: appreciate number patterns as they skip on the number line","How do we get the next number in a pattern?","Learners in pairs/groups to count in 2's and 5's forward and backward starting from any point. Learners in pairs/groups to count their fingers and toes in 2's and 10's. Learners in pairs/groups to dis","Learners in pairs/groups to count in 2's and 5's forward and backward starting from any point. Learners in pairs/groups to count their fingers and toes in 2's and 10's. Learners in pairs/groups to dis","Numbers","1.2 Whole Numbers","mathematics-source-extended.csv","TODO: Victor to provide","TODO: Victor to provide","TODO: Victor to specify","TODO: Victor to specify","TODO: Victor to provide","TODO: Victor to specify","TODO: Victor to specify","YES - needs human approval","YES - per topic guidance","new-needs-generation","YES","NO - awaiting source pack completion"
"4b04cd35-ffa5-4ec2-8524-97bebd39238e","Writing Numbers 11 to 20 in Words","Numbers","1.2 Whole Numbers","By the end of the lesson, the learner should be able to: appreciate number patterns as they skip on the number line","How do we get the next number in a pattern?","Learners in pairs/groups to count in 2's and 5's forward and backward starting from any point. Learners in pairs/groups to count their fingers and toes in 2's and 10's. Learners in pairs/groups to dis","Learners in pairs/groups to count in 2's and 5's forward and backward starting from any point. Learners in pairs/groups to count their fingers and toes in 2's and 10's. Learners in pairs/groups to dis","Numbers","1.2 Whole Numbers","mathematics-source-extended.csv","TODO: Victor to provide","TODO: Victor to provide","TODO: Victor to specify","TODO: Victor to specify","TODO: Victor to provide","TODO: Victor to specify","TODO: Victor to specify","YES - needs human approval","YES - per topic guidance","new-needs-generation","YES","NO - awaiting source pack completion"
"4cac57af-ad3f-4dc4-b6dc-a9c1bb57d59d","Number Patterns: Skip Counting by 2s","Numbers","1.2 Whole Numbers","By the end of the lesson, the learner should be able to: appreciate number patterns as they skip on the number line","How do we get the next number in a pattern?","Learners in pairs/groups to count in 2's and 5's forward and backward starting from any point. Learners in pairs/groups to count their fingers and toes in 2's and 10's. Learners in pairs/groups to dis","Learners in pairs/groups to count in 2's and 5's forward and backward starting from any point. Learners in pairs/groups to count their fingers and toes in 2's and 10's. Learners in pairs/groups to dis","Number Patterns & Counting","1.2 Whole Numbers","mathematics-source-extended.csv","TODO: Victor to provide","TODO: Victor to provide","number line, hundred chart, skip counting","skip counting sequences, pattern completion","TODO: Victor to provide","skip-counting / missing-number","1-100, skip by 2s/5s/10s","YES - needs human approval","YES - per topic guidance","new-needs-generation","YES","NO - awaiting source pack completion"
"60572597-f1c3-42d8-aede-0f1198f8f484","Number Patterns: Skip Counting by 5s","Numbers","1.2 Whole Numbers","By the end of the lesson, the learner should be able to: appreciate number patterns as they skip on the number line","How do we get the next number in a pattern?","Learners in pairs/groups to count in 2's and 5's forward and backward starting from any point. Learners in pairs/groups to count their fingers and toes in 2's and 10's. Learners in pairs/groups to dis","Learners in pairs/groups to count in 2's and 5's forward and backward starting from any point. Learners in pairs/groups to count their fingers and toes in 2's and 10's. Learners in pairs/groups to dis","Number Patterns & Counting","1.2 Whole Numbers","mathematics-source-extended.csv","TODO: Victor to provide","TODO: Victor to provide","number line, hundred chart, skip counting","skip counting sequences, pattern completion","TODO: Victor to provide","skip-counting / missing-number","1-100, skip by 2s/5s/10s","YES - needs human approval","YES - per topic guidance","new-needs-generation","YES","NO - awaiting source pack completion"
"edefbd62-e357-46fa-8311-cf1a17959cd9","Number Patterns: Skip Counting by 10s","Numbers","1.2 Whole Numbers","By the end of the lesson, the learner should be able to: appreciate number patterns as they skip on the number line","How do we get the next number in a pattern?","Learners in pairs/groups to count in 2's and 5's forward and backward starting from any point. Learners in pairs/groups to count their fingers and toes in 2's and 10's. Learners in pairs/groups to dis","Learners in pairs/groups to count in 2's and 5's forward and backward starting from any point. Learners in pairs/groups to count their fingers and toes in 2's and 10's. Learners in pairs/groups to dis","Number Patterns & Counting","1.2 Whole Numbers","mathematics-source-extended.csv","TODO: Victor to provide","TODO: Victor to provide","number line, hundred chart, skip counting","skip counting sequences, pattern completion","TODO: Victor to provide","skip-counting / missing-number","1-100, skip by 2s/5s/10s","YES - needs human approval","YES - per topic guidance","new-needs-generation","YES","NO - awaiting source pack completion"
"326924a2-ea0e-4f05-833a-6f77a629d954","Number Line: Counting Forward","Numbers","1.2 Whole Numbers","By the end of the lesson, the learner should be able to: appreciate number patterns as they skip on the number line","How do we get the next number in a pattern?","Learners in pairs/groups to count in 2's and 5's forward and backward starting from any point. Learners in pairs/groups to count their fingers and toes in 2's and 10's. Learners in pairs/groups to dis","Learners in pairs/groups to count in 2's and 5's forward and backward starting from any point. Learners in pairs/groups to count their fingers and toes in 2's and 10's. Learners in pairs/groups to dis","Number Patterns & Counting","1.2 Whole Numbers","mathematics-source-extended.csv","TODO: Victor to provide","TODO: Victor to provide","number line, hundred chart, skip counting","skip counting sequences, pattern completion","TODO: Victor to provide","skip-counting / missing-number","1-100, skip by 2s/5s/10s","YES - needs human approval","YES - per topic guidance","new-needs-generation","YES","NO - awaiting source pack completion"
"b607eeb5-45e9-4fda-9c60-1e85435fc1aa","Number Line: Counting Backward","Numbers","1.2 Whole Numbers","By the end of the lesson, the learner should be able to: appreciate number patterns as they skip on the number line","How do we get the next number in a pattern?","Learners in pairs/groups to count in 2's and 5's forward and backward starting from any point. Learners in pairs/groups to count their fingers and toes in 2's and 10's. Learners in pairs/groups to dis","Learners in pairs/groups to count in 2's and 5's forward and backward starting from any point. Learners in pairs/groups to count their fingers and toes in 2's and 10's. Learners in pairs/groups to dis","Number Patterns & Counting","1.2 Whole Numbers","mathematics-source-extended.csv","TODO: Victor to provide","TODO: Victor to provide","number line, hundred chart, skip counting","skip counting sequences, pattern completion","TODO: Victor to provide","skip-counting / missing-number","1-100, skip by 2s/5s/10s","YES - needs human approval","YES - per topic guidance","new-needs-generation","YES","NO - awaiting source pack completion"
"9f5bfa58-7077-453a-afb8-736d7376c8a9","Number Line: Skip Counting","Numbers","1.2 Whole Numbers","By the end of the lesson, the learner should be able to: appreciate number patterns as they skip on the number line","How do we get the next number in a pattern?","Learners in pairs/groups to count in 2's and 5's forward and backward starting from any point. Learners in pairs/groups to count their fingers and toes in 2's and 10's. Learners in pairs/groups to dis","Learners in pairs/groups to count in 2's and 5's forward and backward starting from any point. Learners in pairs/groups to count their fingers and toes in 2's and 10's. Learners in pairs/groups to dis","Number Patterns & Counting","1.2 Whole Numbers","mathematics-source-extended.csv","TODO: Victor to provide","TODO: Victor to provide","number line, hundred chart, skip counting","skip counting sequences, pattern completion","TODO: Victor to provide","skip-counting / missing-number","1-100, skip by 2s/5s/10s","YES - needs human approval","YES - per topic guidance","new-needs-generation","YES","NO - awaiting source pack completion"
"0767b9f0-4a75-4a27-b2a2-fa9833c8dae8","Introduction to Halves Using Rectangular Cut-outs","Numbers","1.3 Fractions","By the end of the lesson, the learner should be able to: identify 1/4 as part of a whole","What fraction do you get when you fold a circular paper cut-out into 4 equal parts?","Learners in pairs to make circular paper cut-outs. Learners in pairs to fold the circular paper cut-outs into two equal parts and identify one of the parts as a half of the whole written as 1/2. Learn","Fractions","Halves","1.3 Fractions","Today you will learn what a half is. A half means one of two equal parts.","whole, half, equal parts, fold, shade","paper folding, rectangular cut-outs, shading","Fold a rectangular paper into 2 equal parts. Each part is one half.","Fold, shade, and identify halves in shapes","identify-halves-shape","Halves only (1/2). NO arithmetic.","NO", shaded fraction","fractions-draft-pending-review","identify-fraction-shaded / identify-fraction-parts","NO", NO arithmetic","YES - needs human approval","YES - per topic guidance","new-needs-generation","YES","NO - awaiting source pack completion"
"fb0c5c4f-519a-47d6-a021-2526d6d5a665","Number Patterns: Extending Patterns","Numbers","1.2 Whole Numbers","By the end of the lesson, the learner should be able to: appreciate number patterns as they skip on the number line","How do we get the next number in a pattern?","Learners in pairs/groups to count in 2's and 5's forward and backward starting from any point. Learners in pairs/groups to count their fingers and toes in 2's and 10's. Learners in pairs/groups to dis","Learners in pairs/groups to count in 2's and 5's forward and backward starting from any point. Learners in pairs/groups to count their fingers and toes in 2's and 10's. Learners in pairs/groups to dis","Number Patterns & Counting","1.2 Whole Numbers","mathematics-source-extended.csv","TODO: Victor to provide","TODO: Victor to provide","number line, hundred chart, skip counting","skip counting sequences, pattern completion","TODO: Victor to provide","skip-counting / missing-number","1-100, skip by 2s/5s/10s","YES - needs human approval","YES - per topic guidance","new-needs-generation","YES","NO - awaiting source pack completion"
"159f92b9-69c7-45ea-8376-2b15af491360","Identifying 1/2 in Everyday Objects","Numbers","1.3 Fractions","By the end of the lesson, the learner should be able to: identify 1/4 as part of a whole","What fraction do you get when you fold a circular paper cut-out into 4 equal parts?","Learners in pairs to make circular paper cut-outs. Learners in pairs to fold the circular paper cut-outs into two equal parts and identify one of the parts as a half of the whole written as 1/2. Learn","Fractions","Halves in Real Life","1.3 Fractions","Today you will find halves in everyday things like food and objects.","half, equal parts, whole, share, fair","real objects (chapati, cake, fruit), shading","A chapati cut into 2 equal pieces. Each piece is one half.","Identify halves in real-life objects","identify-halves-real-object","Halves only (1/2). Real objects.","NO","YES - needs human approval","fractions-draft-pending-review","new-needs-generation","NO","NO - awaiting source pack completion"
"60441bd5-774f-4135-9871-666fc481b13b","Identifying 1/4 in Everyday Objects","Numbers","1.3 Fractions","By the end of the lesson, the learner should be able to: identify 1/4 as part of a whole","What fraction do you get when you fold a circular paper cut-out into 4 equal parts?","Learners in pairs to make circular paper cut-outs. Learners in pairs to fold the circular paper cut-outs into two equal parts and identify one of the parts as a half of the whole written as 1/2. Learn","Fractions","Quarters in Real Life","1.3 Fractions","Today you will find quarters in everyday things like food and objects.","quarter, equal parts, whole, share, fair","real objects (cake, pizza, chocolate), shading","A cake cut into 4 equal slices. Each slice is one quarter.","Identify quarters in real-life objects","identify-quarters-real-object","Quarters only (1/4). Real objects.","NO","YES - needs human approval","fractions-draft-pending-review","new-needs-generation","NO","NO - awaiting source pack completion"
"9b887eb8-0a48-4f37-9689-b53113904728","Introduction to Quarters Using Rectangular Cut-outs","Numbers","1.3 Fractions","By the end of the lesson, the learner should be able to: identify 1/4 as part of a whole","What fraction do you get when you fold a circular paper cut-out into 4 equal parts?","Learners in pairs to make circular paper cut-outs. Learners in pairs to fold the circular paper cut-outs into two equal parts and identify one of the parts as a half of the whole written as 1/2. Learn","Fractions","Quarters","1.3 Fractions","Today you will learn what a quarter is. A quarter means one of four equal parts.","whole, quarter, equal parts, fold, shade","paper folding, rectangular cut-outs, shading","Fold a rectangular paper into 4 equal parts. Each part is one quarter.","Fold, shade, and identify quarters in shapes","identify-quarters-shape","Quarters only (1/4). NO arithmetic.","NO", shaded fraction","fractions-draft-pending-review","identify-fraction-shaded / identify-fraction-parts","NO", NO arithmetic","YES - needs human approval","YES - per topic guidance","new-needs-generation","YES","NO - awaiting source pack completion"
"839653eb-cd5e-405b-a483-b6d307fee352","Comparing Fractions: 1/2 and 1/4","Numbers","1.3 Fractions","By the end of the lesson, the learner should be able to: identify 1/4 as part of a whole","What fraction do you get when you fold a circular paper cut-out into 4 equal parts?","Learners in pairs to make circular paper cut-outs. Learners in pairs to fold the circular paper cut-outs into two equal parts and identify one of the parts as a half of the whole written as 1/2. Learn","Fractions","Comparing Halves and Quarters","1.3 Fractions","Today you will learn to tell the difference between a half and a quarter.","half, quarter, equal parts, whole, compare","side-by-side shapes, shading","Show a shape with 1/2 shaded and a shape with 1/4 shaded. Compare.","Identify which fraction is shown: 1/2 or 1/4","identify-fraction-halves-or-quarters","Halves and quarters only. NO comparing which is bigger.","NO", shaded fraction","fractions-draft-pending-review","identify-fraction-shaded / identify-fraction-parts","NO", NO arithmetic","YES - needs human approval","YES - per topic guidance","new-needs-generation","YES","NO - awaiting source pack completion"
"b163de06-c0e5-4a42-8bce-ba7dcab330a9","Making Patterns with Fractions","Numbers","1.3 Fractions","By the end of the lesson, the learner should be able to: identify 1/4 as part of a whole","What fraction do you get when you fold a circular paper cut-out into 4 equal parts?","Learners in pairs to make circular paper cut-outs. Learners in pairs to fold the circular paper cut-outs into two equal parts and identify one of the parts as a half of the whole written as 1/2. Learn","Fractions","Fraction Patterns","1.3 Fractions","Today you will learn to make patterns using halves and quarters.","half, quarter, pattern, repeat, sequence","shaped patterns, alternating fractions","Create a pattern: 1/2, 1/4, 1/2, 1/4... using shaded shapes.","Continue a fraction pattern and create your own","identify-next-in-fraction-pattern","Patterns using 1/2 and 1/4 only.","NO", shaded fraction","fractions-draft-pending-review","identify-fraction-shaded / identify-fraction-parts","NO", NO arithmetic","YES - needs human approval","YES - per topic guidance","new-needs-generation","YES","NO - awaiting source pack completion"
"dbadac3a-b59b-4f76-bebf-efda6fb3e261","Digital Games with Fractions","Numbers","1.3 Fractions","By the end of the lesson, the learner should be able to: identify 1/4 as part of a whole","What fraction do you get when you fold a circular paper cut-out into 4 equal parts?","Learners in pairs to make circular paper cut-outs. Learners in pairs to fold the circular paper cut-outs into two equal parts and identify one of the parts as a half of the whole written as 1/2. Learn","Fractions","Digital Practice","1.3 Fractions","Today you will practice fractions by playing a fun digital game.","half, quarter, equal parts, game, score","interactive game elements, shapes, shading","Play a game: match the fraction to the shaded shape.","Interactive fraction matching and identification game","identify-fraction-from-shape-game","Halves and quarters identification only.","NO", shaded fraction","fractions-draft-pending-review","identify-fraction-shaded / identify-fraction-parts","NO", NO arithmetic","YES - needs human approval","YES - per topic guidance","new-needs-generation","YES","NO - awaiting source pack completion"
"c71a49c8-e9c6-41e5-b6ef-ad0aa386a59f","Fractions: Practice and Application","Numbers","1.3 Fractions","By the end of the lesson, the learner should be able to: identify 1/4 as part of a whole","What fraction do you get when you fold a circular paper cut-out into 4 equal parts?","Learners in pairs to make circular paper cut-outs. Learners in pairs to fold the circular paper cut-outs into two equal parts and identify one of the parts as a half of the whole written as 1/2. Learn","Fractions","Practice and Application","1.3 Fractions","Today you will practice everything you know about halves and quarters.","half, quarter, equal parts, whole, shade, identify","varied shapes, real objects, shading","Mixed practice: identify, shade, and create fractions.","Mixed tasks: identify fractions, shade fractions, equal vs unequal","mixed-fractions-practice","Halves and quarters. Equal vs unequal parts.","NO", shaded fraction","fractions-draft-pending-review","identify-fraction-shaded / identify-fraction-parts","NO", NO arithmetic","YES - needs human approval","YES - per topic guidance","new-needs-generation","YES","NO - awaiting source pack completion"
"2e1869d6-f5df-46a1-9d02-b4b53a1062fe","Fractions: Assessment and Reflection","Numbers","1.3 Fractions","By the end of the lesson, the learner should be able to: identify 1/4 as part of a whole","What fraction do you get when you fold a circular paper cut-out into 4 equal parts?","Learners in pairs to make circular paper cut-outs. Learners in pairs to fold the circular paper cut-outs into two equal parts and identify one of the parts as a half of the whole written as 1/2. Learn","Fractions","Assessment and Reflection","1.3 Fractions","Today you will show what you know about fractions and think about what you learned.","half, quarter, equal parts, whole, reflect","assessment shapes, reflection prompts","Review: what is a half? what is a quarter? what are equal parts?","Assessment questions + reflection prompt","fractions-assessment-comprehensive","Halves and quarters. Equal vs unequal. Fair sharing.","NO", shaded fraction","fractions-draft-pending-review","identify-fraction-shaded / identify-fraction-parts","NO", NO arithmetic","YES - needs human approval","YES - per topic guidance","new-needs-generation","YES","NO - awaiting source pack completion"
"4fa40ac0-f60d-4f98-9d23-f85566b28af6","Adding Using the Number Line","Numbers","1.4 Addition","By the end of the lesson, the learner should be able to: work out missing numbers in patterns involving addition of whole numbers up to 100","How can we align a 2-digit number and a 1-digit number vertically in order to add? When do we regroup?","Learners in pairs to write addition sentences given in horizontal form vertically according to place value. Learners to add a 2-digit number to a 1-digit number without and with regrouping. Learners t","Learners in pairs to write addition sentences given in horizontal form vertically according to place value. Learners to add a 2-digit number to a 1-digit number without and with regrouping. Learners t","Addition","1.4 Addition","mathematics-source-extended.csv","TODO: Victor to provide","TODO: Victor to provide","counters, number line, base-ten blocks","worked example with regrouping/no-regrouping","TODO: Victor to provide","addition-fact-regrouping / addition-fact-no-regrouping","max 3-digit + 3-digit, with/without regrouping","YES - needs human approval","YES - per topic guidance","new-needs-generation","YES","NO - awaiting source pack completion"
"5f1f7551-1c06-40d2-a10d-14cdece75151","Adding 3 Single Digit Numbers Horizontally","Numbers","1.4 Addition","By the end of the lesson, the learner should be able to: work out missing numbers in patterns involving addition of whole numbers up to 100","How can we align a 2-digit number and a 1-digit number vertically in order to add? When do we regroup?","Learners in pairs to write addition sentences given in horizontal form vertically according to place value. Learners to add a 2-digit number to a 1-digit number without and with regrouping. Learners t","Learners in pairs to write addition sentences given in horizontal form vertically according to place value. Learners to add a 2-digit number to a 1-digit number without and with regrouping. Learners t","Addition","1.4 Addition","mathematics-source-extended.csv","TODO: Victor to provide","TODO: Victor to provide","counters, number line, base-ten blocks","worked example with regrouping/no-regrouping","TODO: Victor to provide","addition-fact-regrouping / addition-fact-no-regrouping","max 3-digit + 3-digit, with/without regrouping","YES - needs human approval","YES - per topic guidance","new-needs-generation","YES","NO - awaiting source pack completion"
"70fdce2b-3284-4c89-8497-036aee7d9207","Adding 3 Single Digit Numbers Vertically","Numbers","1.4 Addition","By the end of the lesson, the learner should be able to: work out missing numbers in patterns involving addition of whole numbers up to 100","How can we align a 2-digit number and a 1-digit number vertically in order to add? When do we regroup?","Learners in pairs to write addition sentences given in horizontal form vertically according to place value. Learners to add a 2-digit number to a 1-digit number without and with regrouping. Learners t","Learners in pairs to write addition sentences given in horizontal form vertically according to place value. Learners to add a 2-digit number to a 1-digit number without and with regrouping. Learners t","Addition","1.4 Addition","mathematics-source-extended.csv","TODO: Victor to provide","TODO: Victor to provide","counters, number line, base-ten blocks","worked example with regrouping/no-regrouping","TODO: Victor to provide","addition-fact-regrouping / addition-fact-no-regrouping","max 3-digit + 3-digit, with/without regrouping","YES - needs human approval","YES - per topic guidance","new-needs-generation","YES","NO - awaiting source pack completion"
"f58faf50-97f7-4340-b17f-9eff6f08e38d","Adding Single Digit Numbers Vertically","Numbers","1.4 Addition","By the end of the lesson, the learner should be able to: add 3-single digit numbers up to a sum of 20","How can we align a 2-digit number and a 1-digit number vertically in order to add? When do we regroup?","Learners in pairs to write addition sentences given in horizontal form vertically according to place value. Learners to add a 2-digit number to a 1-digit number without and with regrouping. Learners t","Learners in pairs to write addition sentences given in horizontal form vertically according to place value. Learners to add a 2-digit number to a 1-digit number without and with regrouping. Learners t","Addition","1.4 Addition","mathematics-source-extended.csv","TODO: Victor to provide","TODO: Victor to provide","counters, number line, base-ten blocks","worked example with regrouping/no-regrouping","TODO: Victor to provide","addition-fact-regrouping / addition-fact-no-regrouping","max 3-digit + 3-digit, with/without regrouping","YES - needs human approval","YES - per topic guidance","new-needs-generation","YES","NO - awaiting source pack completion"
"3b7a611d-0908-42c8-a0f2-394fdac48db3","Addition: Digital Games","Numbers","1.4 Addition","By the end of the lesson, the learner should be able to: work out missing numbers in patterns involving addition of whole numbers up to 100","How can we align a 2-digit number and a 1-digit number vertically in order to add? When do we regroup?","Learners in pairs to write addition sentences given in horizontal form vertically according to place value. Learners to add a 2-digit number to a 1-digit number without and with regrouping. Learners t","Learners in pairs to write addition sentences given in horizontal form vertically according to place value. Learners to add a 2-digit number to a 1-digit number without and with regrouping. Learners t","Addition","1.4 Addition","mathematics-source-extended.csv","TODO: Victor to provide","TODO: Victor to provide","counters, number line, base-ten blocks","worked example with regrouping/no-regrouping","TODO: Victor to provide","addition-fact-regrouping / addition-fact-no-regrouping","max 3-digit + 3-digit, with/without regrouping","YES - needs human approval","YES - per topic guidance","new-needs-generation","YES","NO - awaiting source pack completion"
"0f23169f-b325-40a9-9145-488f5115142b","Addition: Word Problems with 2-Digit Numbers","Numbers","1.4 Addition","By the end of the lesson, the learner should be able to: work out missing numbers in patterns involving addition of whole numbers up to 100","How can we align a 2-digit number and a 1-digit number vertically in order to add? When do we regroup?","Learners in pairs to write addition sentences given in horizontal form vertically according to place value. Learners to add a 2-digit number to a 1-digit number without and with regrouping. Learners t","Learners in pairs to write addition sentences given in horizontal form vertically according to place value. Learners to add a 2-digit number to a 1-digit number without and with regrouping. Learners t","Addition","1.4 Addition","mathematics-source-extended.csv","TODO: Victor to provide","TODO: Victor to provide","counters, number line, base-ten blocks","worked example with regrouping/no-regrouping","TODO: Victor to provide","addition-fact-regrouping / addition-fact-no-regrouping","max 3-digit + 3-digit, with/without regrouping","YES - needs human approval","YES - per topic guidance","new-needs-generation","YES","NO - awaiting source pack completion"
"4db719cc-28b2-4a24-82f3-71509f643d54","Addition: Assessment and Review","Numbers","1.4 Addition","By the end of the lesson, the learner should be able to: work out missing numbers in patterns involving addition of whole numbers up to 100","How can we align a 2-digit number and a 1-digit number vertically in order to add? When do we regroup?","Learners in pairs to write addition sentences given in horizontal form vertically according to place value. Learners to add a 2-digit number to a 1-digit number without and with regrouping. Learners t","Learners in pairs to write addition sentences given in horizontal form vertically according to place value. Learners to add a 2-digit number to a 1-digit number without and with regrouping. Learners t","Addition","1.4 Addition","mathematics-source-extended.csv","TODO: Victor to provide","TODO: Victor to provide","counters, number line, base-ten blocks","worked example with regrouping/no-regrouping","TODO: Victor to provide","addition-fact-regrouping / addition-fact-no-regrouping","max 3-digit + 3-digit, with/without regrouping","YES - needs human approval","YES - per topic guidance","new-needs-generation","YES","NO - awaiting source pack completion"
"4da16052-0c43-48f6-8413-b802526461f0","Addition: Missing Numbers in Patterns","Numbers","1.4 Addition","By the end of the lesson, the learner should be able to: work out missing numbers in patterns involving addition of whole numbers up to 100","How can we align a 2-digit number and a 1-digit number vertically in order to add? When do we regroup?","Learners in pairs to write addition sentences given in horizontal form vertically according to place value. Learners to add a 2-digit number to a 1-digit number without and with regrouping. Learners t","Learners in pairs to write addition sentences given in horizontal form vertically according to place value. Learners to add a 2-digit number to a 1-digit number without and with regrouping. Learners t","Addition","1.4 Addition","mathematics-source-extended.csv","TODO: Victor to provide","TODO: Victor to provide","counters, number line, base-ten blocks","worked example with regrouping/no-regrouping","TODO: Victor to provide","addition-fact-regrouping / addition-fact-no-regrouping","max 3-digit + 3-digit, with/without regrouping","YES - needs human approval","YES - per topic guidance","new-needs-generation","YES","NO - awaiting source pack completion"
"fe6f4998-52b5-40eb-8e39-2e8e3432b8ab","Addition: Creating Number Patterns","Numbers","1.4 Addition","By the end of the lesson, the learner should be able to: work out missing numbers in patterns involving addition of whole numbers up to 100","How can we align a 2-digit number and a 1-digit number vertically in order to add? When do we regroup?","Learners in pairs to write addition sentences given in horizontal form vertically according to place value. Learners to add a 2-digit number to a 1-digit number without and with regrouping. Learners t","Learners in pairs to write addition sentences given in horizontal form vertically according to place value. Learners to add a 2-digit number to a 1-digit number without and with regrouping. Learners t","Addition","1.4 Addition","mathematics-source-extended.csv","TODO: Victor to provide","TODO: Victor to provide","counters, number line, base-ten blocks","worked example with regrouping/no-regrouping","TODO: Victor to provide","addition-fact-regrouping / addition-fact-no-regrouping","max 3-digit + 3-digit, with/without regrouping","YES - needs human approval","YES - per topic guidance","new-needs-generation","YES","NO - awaiting source pack completion"
"627e0732-926b-4f12-9f0c-a13f170e747a","Addition: Community Application","Numbers","1.4 Addition","By the end of the lesson, the learner should be able to: work out missing numbers in patterns involving addition of whole numbers up to 100","How can we align a 2-digit number and a 1-digit number vertically in order to add? When do we regroup?","Learners in pairs to write addition sentences given in horizontal form vertically according to place value. Learners to add a 2-digit number to a 1-digit number without and with regrouping. Learners t","Learners in pairs to write addition sentences given in horizontal form vertically according to place value. Learners to add a 2-digit number to a 1-digit number without and with regrouping. Learners t","Addition","1.4 Addition","mathematics-source-extended.csv","TODO: Victor to provide","TODO: Victor to provide","counters, number line, base-ten blocks","worked example with regrouping/no-regrouping","TODO: Victor to provide","addition-fact-regrouping / addition-fact-no-regrouping","max 3-digit + 3-digit, with/without regrouping","YES - needs human approval","YES - per topic guidance","new-needs-generation","YES","NO - awaiting source pack completion"
"a669d5eb-9e51-4270-a439-7cd2568c5daf","Addition: Practice and Application","Numbers","1.4 Addition","By the end of the lesson, the learner should be able to: work out missing numbers in patterns involving addition of whole numbers up to 100","How can we align a 2-digit number and a 1-digit number vertically in order to add? When do we regroup?","Learners in pairs to write addition sentences given in horizontal form vertically according to place value. Learners to add a 2-digit number to a 1-digit number without and with regrouping. Learners t","Learners in pairs to write addition sentences given in horizontal form vertically according to place value. Learners to add a 2-digit number to a 1-digit number without and with regrouping. Learners t","Addition","1.4 Addition","mathematics-source-extended.csv","TODO: Victor to provide","TODO: Victor to provide","counters, number line, base-ten blocks","worked example with regrouping/no-regrouping","TODO: Victor to provide","addition-fact-regrouping / addition-fact-no-regrouping","max 3-digit + 3-digit, with/without regrouping","YES - needs human approval","YES - per topic guidance","new-needs-generation","YES","NO - awaiting source pack completion"
"17d7857a-a622-4b09-8524-db7be78977f8","Subtracting 2-Digit Numbers Without Regrouping (Vertical)","Numbers","1.5 Subtraction","By the end of the lesson, the learner should be able to: work out missing numbers in patterns involving subtraction up to 100","How do you work out missing numbers in patterns involving subtraction?","Learners in pairs/groups to subtract single digit numbers by comparing groups of objects. Learners to subtract up to 2-digit numbers without regrouping in horizontal and vertical forms. Learners to di","Learners in pairs/groups to subtract single digit numbers by comparing groups of objects. Learners to subtract up to 2-digit numbers without regrouping in horizontal and vertical forms. Learners to di","Subtraction","1.5 Subtraction","mathematics-source-extended.csv","TODO: Victor to provide","TODO: Victor to provide","counters, crossing out, number line","worked example with borrowing/no-borrowing","TODO: Victor to provide","subtraction-fact-no-negative","max 3-digit - 3-digit, NO negative answers","YES - needs human approval","YES - per topic guidance","new-needs-generation","YES","NO - awaiting source pack completion"
"b546d836-3292-48a1-b445-134e85b30e20","Subtracting 2-Digit Numbers Without Regrouping (Horizontal)","Numbers","1.5 Subtraction","By the end of the lesson, the learner should be able to: work out missing numbers in subtraction of up to 2-digit numbers","How do you work out missing numbers in patterns involving subtraction?","Learners in pairs/groups to subtract single digit numbers by comparing groups of objects. Learners to subtract up to 2-digit numbers without regrouping in horizontal and vertical forms. Learners to di","Learners in pairs/groups to subtract single digit numbers by comparing groups of objects. Learners to subtract up to 2-digit numbers without regrouping in horizontal and vertical forms. Learners to di","Subtraction","1.5 Subtraction","mathematics-source-extended.csv","TODO: Victor to provide","TODO: Victor to provide","counters, crossing out, number line","worked example with borrowing/no-borrowing","TODO: Victor to provide","subtraction-fact-no-negative","max 3-digit - 3-digit, NO negative answers","YES - needs human approval","YES - per topic guidance","new-needs-generation","YES","NO - awaiting source pack completion"
"11d88b45-b1a6-4143-9c04-42e88e57d080","Subtracting Single Digit Numbers","Numbers","1.5 Subtraction","By the end of the lesson, the learner should be able to: subtract up to 2-digit numbers without regrouping","How do you work out missing numbers in patterns involving subtraction?","Learners in pairs/groups to subtract single digit numbers by comparing groups of objects. Learners to subtract up to 2-digit numbers without regrouping in horizontal and vertical forms. Learners to di","Learners in pairs/groups to subtract single digit numbers by comparing groups of objects. Learners to subtract up to 2-digit numbers without regrouping in horizontal and vertical forms. Learners to di","Subtraction","1.5 Subtraction","mathematics-source-extended.csv","TODO: Victor to provide","TODO: Victor to provide","counters, crossing out, number line","worked example with borrowing/no-borrowing","TODO: Victor to provide","subtraction-fact-no-negative","max 3-digit - 3-digit, NO negative answers","YES - needs human approval","YES - per topic guidance","new-needs-generation","YES","NO - awaiting source pack completion"
"bec50c90-2129-4275-8cdb-abb06296e4cf","Subtracting Using the Number Line","Numbers","1.5 Subtraction","By the end of the lesson, the learner should be able to: use the relationship between addition and subtraction in working out problems","How do you work out missing numbers in patterns involving subtraction?","Learners in pairs/groups to subtract single digit numbers by comparing groups of objects. Learners to subtract up to 2-digit numbers without regrouping in horizontal and vertical forms. Learners to di","Learners in pairs/groups to subtract single digit numbers by comparing groups of objects. Learners to subtract up to 2-digit numbers without regrouping in horizontal and vertical forms. Learners to di","Subtraction","1.5 Subtraction","mathematics-source-extended.csv","TODO: Victor to provide","TODO: Victor to provide","counters, crossing out, number line","worked example with borrowing/no-borrowing","TODO: Victor to provide","subtraction-fact-no-negative","max 3-digit - 3-digit, NO negative answers","YES - needs human approval","YES - per topic guidance","new-needs-generation","YES","NO - awaiting source pack completion"
"93e1418a-7f84-4a4c-864a-be2e6b12cdfb","Word Problems: Subtraction Within 100","Numbers","1.5 Subtraction","By the end of the lesson, the learner should be able to: work out missing numbers in patterns involving subtraction up to 100","How do you work out missing numbers in patterns involving subtraction?","Learners in pairs/groups to subtract single digit numbers by comparing groups of objects. Learners to subtract up to 2-digit numbers without regrouping in horizontal and vertical forms. Learners to di","Learners in pairs/groups to subtract single digit numbers by comparing groups of objects. Learners to subtract up to 2-digit numbers without regrouping in horizontal and vertical forms. Learners to di","Subtraction","1.5 Subtraction","mathematics-source-extended.csv","TODO: Victor to provide","TODO: Victor to provide","counters, crossing out, number line","worked example with borrowing/no-borrowing","TODO: Victor to provide","subtraction-fact-no-negative","max 3-digit - 3-digit, NO negative answers","YES - needs human approval","YES - per topic guidance","new-needs-generation","YES","NO - awaiting source pack completion"
"e20dbfd4-eba4-402d-8743-8e24e00475a2","Using Number Families for Subtraction","Numbers","1.5 Subtraction","By the end of the lesson, the learner should be able to: work out missing numbers in patterns involving subtraction up to 100","How do you work out missing numbers in patterns involving subtraction?","Learners in pairs/groups to subtract single digit numbers by comparing groups of objects. Learners to subtract up to 2-digit numbers without regrouping in horizontal and vertical forms. Learners to di","Learners in pairs/groups to subtract single digit numbers by comparing groups of objects. Learners to subtract up to 2-digit numbers without regrouping in horizontal and vertical forms. Learners to di","Subtraction","1.5 Subtraction","mathematics-source-extended.csv","TODO: Victor to provide","TODO: Victor to provide","counters, crossing out, number line","worked example with borrowing/no-borrowing","TODO: Victor to provide","subtraction-fact-no-negative","max 3-digit - 3-digit, NO negative answers","YES - needs human approval","YES - per topic guidance","new-needs-generation","YES","NO - awaiting source pack completion"
"66cdd3b3-858d-4be2-a451-b2f2340bc852","Missing Numbers in Subtraction","Numbers","1.5 Subtraction","By the end of the lesson, the learner should be able to: work out missing numbers in patterns involving subtraction up to 100","How do you work out missing numbers in patterns involving subtraction?","Learners in pairs/groups to subtract single digit numbers by comparing groups of objects. Learners to subtract up to 2-digit numbers without regrouping in horizontal and vertical forms. Learners to di","Learners in pairs/groups to subtract single digit numbers by comparing groups of objects. Learners to subtract up to 2-digit numbers without regrouping in horizontal and vertical forms. Learners to di","Subtraction","1.5 Subtraction","mathematics-source-extended.csv","TODO: Victor to provide","TODO: Victor to provide","counters, crossing out, number line","worked example with borrowing/no-borrowing","TODO: Victor to provide","subtraction-fact-no-negative","max 3-digit - 3-digit, NO negative answers","YES - needs human approval","YES - per topic guidance","new-needs-generation","YES","NO - awaiting source pack completion"
"a2c19258-4fce-4d87-bb6b-c92e5d79e3b2","Subtraction: Practice and Application","Numbers","1.5 Subtraction","By the end of the lesson, the learner should be able to: work out missing numbers in patterns involving subtraction up to 100","How do you work out missing numbers in patterns involving subtraction?","Learners in pairs/groups to subtract single digit numbers by comparing groups of objects. Learners to subtract up to 2-digit numbers without regrouping in horizontal and vertical forms. Learners to di","Learners in pairs/groups to subtract single digit numbers by comparing groups of objects. Learners to subtract up to 2-digit numbers without regrouping in horizontal and vertical forms. Learners to di","Subtraction","1.5 Subtraction","mathematics-source-extended.csv","TODO: Victor to provide","TODO: Victor to provide","counters, crossing out, number line","worked example with borrowing/no-borrowing","TODO: Victor to provide","subtraction-fact-no-negative","max 3-digit - 3-digit, NO negative answers","YES - needs human approval","YES - per topic guidance","new-needs-generation","YES","NO - awaiting source pack completion"
"a295ff53-4930-4a82-b76d-38b0f6acd3ec","Subtraction: Digital Games","Numbers","1.5 Subtraction","By the end of the lesson, the learner should be able to: work out missing numbers in patterns involving subtraction up to 100","How do you work out missing numbers in patterns involving subtraction?","Learners in pairs/groups to subtract single digit numbers by comparing groups of objects. Learners to subtract up to 2-digit numbers without regrouping in horizontal and vertical forms. Learners to di","Learners in pairs/groups to subtract single digit numbers by comparing groups of objects. Learners to subtract up to 2-digit numbers without regrouping in horizontal and vertical forms. Learners to di","Subtraction","1.5 Subtraction","mathematics-source-extended.csv","TODO: Victor to provide","TODO: Victor to provide","counters, crossing out, number line","worked example with borrowing/no-borrowing","TODO: Victor to provide","subtraction-fact-no-negative","max 3-digit - 3-digit, NO negative answers","YES - needs human approval","YES - per topic guidance","new-needs-generation","YES","NO - awaiting source pack completion"
"c6bb3650-4995-47df-98ac-e3e34411aff4","Subtraction: Word Problems","Numbers","1.5 Subtraction","By the end of the lesson, the learner should be able to: work out missing numbers in patterns involving subtraction up to 100","How do you work out missing numbers in patterns involving subtraction?","Learners in pairs/groups to subtract single digit numbers by comparing groups of objects. Learners to subtract up to 2-digit numbers without regrouping in horizontal and vertical forms. Learners to di","Learners in pairs/groups to subtract single digit numbers by comparing groups of objects. Learners to subtract up to 2-digit numbers without regrouping in horizontal and vertical forms. Learners to di","Subtraction","1.5 Subtraction","mathematics-source-extended.csv","TODO: Victor to provide","TODO: Victor to provide","counters, crossing out, number line","worked example with borrowing/no-borrowing","TODO: Victor to provide","subtraction-fact-no-negative","max 3-digit - 3-digit, NO negative answers","YES - needs human approval","YES - per topic guidance","new-needs-generation","YES","NO - awaiting source pack completion"
"7a0a98dd-9540-47fc-9fc5-7d8af38527df","Subtraction: Missing Numbers in Patterns","Numbers","1.5 Subtraction","By the end of the lesson, the learner should be able to: work out missing numbers in patterns involving subtraction up to 100","How do you work out missing numbers in patterns involving subtraction?","Learners in pairs/groups to subtract single digit numbers by comparing groups of objects. Learners to subtract up to 2-digit numbers without regrouping in horizontal and vertical forms. Learners to di","Learners in pairs/groups to subtract single digit numbers by comparing groups of objects. Learners to subtract up to 2-digit numbers without regrouping in horizontal and vertical forms. Learners to di","Subtraction","1.5 Subtraction","mathematics-source-extended.csv","TODO: Victor to provide","TODO: Victor to provide","counters, crossing out, number line","worked example with borrowing/no-borrowing","TODO: Victor to provide","subtraction-fact-no-negative","max 3-digit - 3-digit, NO negative answers","YES - needs human approval","YES - per topic guidance","new-needs-generation","YES","NO - awaiting source pack completion"
"23d35317-4c2b-4118-ae0e-11c80e8c85ea","Subtraction: Creating Patterns","Numbers","1.5 Subtraction","By the end of the lesson, the learner should be able to: work out missing numbers in patterns involving subtraction up to 100","How do you work out missing numbers in patterns involving subtraction?","Learners in pairs/groups to subtract single digit numbers by comparing groups of objects. Learners to subtract up to 2-digit numbers without regrouping in horizontal and vertical forms. Learners to di","Learners in pairs/groups to subtract single digit numbers by comparing groups of objects. Learners to subtract up to 2-digit numbers without regrouping in horizontal and vertical forms. Learners to di","Subtraction","1.5 Subtraction","mathematics-source-extended.csv","TODO: Victor to provide","TODO: Victor to provide","counters, crossing out, number line","worked example with borrowing/no-borrowing","TODO: Victor to provide","subtraction-fact-no-negative","max 3-digit - 3-digit, NO negative answers","YES - needs human approval","YES - per topic guidance","new-needs-generation","YES","NO - awaiting source pack completion"
"85f7ad4c-a8d7-4aea-b5fc-b8d372d37a3f","Subtraction: Comparing Groups","Numbers","1.5 Subtraction","By the end of the lesson, the learner should be able to: work out missing numbers in patterns involving subtraction up to 100","How do you work out missing numbers in patterns involving subtraction?","Learners in pairs/groups to subtract single digit numbers by comparing groups of objects. Learners to subtract up to 2-digit numbers without regrouping in horizontal and vertical forms. Learners to di","Learners in pairs/groups to subtract single digit numbers by comparing groups of objects. Learners to subtract up to 2-digit numbers without regrouping in horizontal and vertical forms. Learners to di","Subtraction","1.5 Subtraction","mathematics-source-extended.csv","TODO: Victor to provide","TODO: Victor to provide","counters, crossing out, number line","worked example with borrowing/no-borrowing","TODO: Victor to provide","subtraction-fact-no-negative","max 3-digit - 3-digit, NO negative answers","YES - needs human approval","YES - per topic guidance","new-needs-generation","YES","NO - awaiting source pack completion"
"54d40989-42ac-4220-9204-2a90fe73aa35","Subtraction: Community Service","Numbers","1.5 Subtraction","By the end of the lesson, the learner should be able to: work out missing numbers in patterns involving subtraction up to 100","How do you work out missing numbers in patterns involving subtraction?","Learners in pairs/groups to subtract single digit numbers by comparing groups of objects. Learners to subtract up to 2-digit numbers without regrouping in horizontal and vertical forms. Learners to di","Learners in pairs/groups to subtract single digit numbers by comparing groups of objects. Learners to subtract up to 2-digit numbers without regrouping in horizontal and vertical forms. Learners to di","Subtraction","1.5 Subtraction","mathematics-source-extended.csv","TODO: Victor to provide","TODO: Victor to provide","counters, crossing out, number line","worked example with borrowing/no-borrowing","TODO: Victor to provide","subtraction-fact-no-negative","max 3-digit - 3-digit, NO negative answers","YES - needs human approval","YES - per topic guidance","new-needs-generation","YES","NO - awaiting source pack completion"
"01f283c3-2b7c-44ea-9d2a-8d7782a8cb1a","Subtraction: Review and Reflection","Numbers","1.5 Subtraction","By the end of the lesson, the learner should be able to: work out missing numbers in patterns involving subtraction up to 100","How do you work out missing numbers in patterns involving subtraction?","Learners in pairs/groups to subtract single digit numbers by comparing groups of objects. Learners to subtract up to 2-digit numbers without regrouping in horizontal and vertical forms. Learners to di","Learners in pairs/groups to subtract single digit numbers by comparing groups of objects. Learners to subtract up to 2-digit numbers without regrouping in horizontal and vertical forms. Learners to di","Subtraction","1.5 Subtraction","mathematics-source-extended.csv","TODO: Victor to provide","TODO: Victor to provide","counters, crossing out, number line","worked example with borrowing/no-borrowing","TODO: Victor to provide","subtraction-fact-no-negative","max 3-digit - 3-digit, NO negative answers","YES - needs human approval","YES - per topic guidance","new-needs-generation","YES","NO - awaiting source pack completion"
"f4dfc669-06e9-4bea-a6db-a8f601437f76","Subtraction: Final Assessment","Numbers","1.5 Subtraction","By the end of the lesson, the learner should be able to: work out missing numbers in patterns involving subtraction up to 100","How do you work out missing numbers in patterns involving subtraction?","Learners in pairs/groups to subtract single digit numbers by comparing groups of objects. Learners to subtract up to 2-digit numbers without regrouping in horizontal and vertical forms. Learners to di","Learners in pairs/groups to subtract single digit numbers by comparing groups of objects. Learners to subtract up to 2-digit numbers without regrouping in horizontal and vertical forms. Learners to di","Subtraction","1.5 Subtraction","mathematics-source-extended.csv","TODO: Victor to provide","TODO: Victor to provide","counters, crossing out, number line","worked example with borrowing/no-borrowing","TODO: Victor to provide","subtraction-fact-no-negative","max 3-digit - 3-digit, NO negative answers","YES - needs human approval","YES - per topic guidance","new-needs-generation","YES","NO - awaiting source pack completion"
"b0c38507-b852-4a4c-8767-c0234ef9b89c","Multiplication as Repeated Addition Using Counters","Numbers","1.6 Multiplication","By the end of the lesson, the learner should be able to: write repeated addition sentences as multiplication, using '×' sign","How do you represent multiplication as repeated addition?","Learners in pairs/groups to use counters to represent multiplication as repeated addition. Learners in pairs/groups to use number lines to represent multiplication as repeated addition. Learners to us","Learners in pairs/groups to use counters to represent multiplication as repeated addition. Learners in pairs/groups to use number lines to represent multiplication as repeated addition. Learners to us","Addition","1.6 Multiplication","mathematics-source-extended.csv","TODO: Victor to provide","TODO: Victor to provide","counters, number line, base-ten blocks","worked example with regrouping/no-regrouping","TODO: Victor to provide","addition-fact-regrouping / addition-fact-no-regrouping","max 3-digit + 3-digit, with/without regrouping","YES - needs human approval","YES - per topic guidance","new-needs-generation","YES","NO - awaiting source pack completion"
"cff3b7c1-2468-454d-b2da-fe35d49e2456","Writing Multiplication Sentences Using the × Sign","Numbers","1.6 Multiplication","By the end of the lesson, the learner should be able to: multiply single digit numbers by 1, 2, 3, 4, 5 and 10","How do you represent multiplication as repeated addition?","Learners in pairs/groups to use counters to represent multiplication as repeated addition. Learners in pairs/groups to use number lines to represent multiplication as repeated addition. Learners to us","Learners in pairs/groups to use counters to represent multiplication as repeated addition. Learners in pairs/groups to use number lines to represent multiplication as repeated addition. Learners to us","Multiplication","1.6 Multiplication","mathematics-source-extended.csv","TODO: Victor to provide","TODO: Victor to provide","equal groups, arrays, repeated addition","equal groups model → repeated addition → multiplication sentence","TODO: Victor to provide","equal-groups / repeated-addition","max factor 10, equal groups only","YES - needs human approval","YES - per topic guidance","new-needs-generation","YES","NO - awaiting source pack completion"
"f3e92483-c349-4553-ba43-fd277cf2be73","Multiplication as Repeated Addition Using Number Lines","Numbers","1.6 Multiplication","By the end of the lesson, the learner should be able to: multiply single digit numbers by 1, 2, 3, 4, 5 and 10","How do you represent multiplication as repeated addition?","Learners in pairs/groups to use counters to represent multiplication as repeated addition. Learners in pairs/groups to use number lines to represent multiplication as repeated addition. Learners to us","Learners in pairs/groups to use counters to represent multiplication as repeated addition. Learners in pairs/groups to use number lines to represent multiplication as repeated addition. Learners to us","Addition","1.6 Multiplication","mathematics-source-extended.csv","TODO: Victor to provide","TODO: Victor to provide","counters, number line, base-ten blocks","worked example with regrouping/no-regrouping","TODO: Victor to provide","addition-fact-regrouping / addition-fact-no-regrouping","max 3-digit + 3-digit, with/without regrouping","YES - needs human approval","YES - per topic guidance","new-needs-generation","YES","NO - awaiting source pack completion"
"0637d6e8-8325-403a-b44a-93f100d48c52","Multiplication: Practice and Application","Numbers","1.6 Multiplication","By the end of the lesson, the learner should be able to: multiply single digit numbers by 1, 2, 3, 4, 5 and 10","How do you represent multiplication as repeated addition?","Learners in pairs/groups to use counters to represent multiplication as repeated addition. Learners in pairs/groups to use number lines to represent multiplication as repeated addition. Learners to us","Learners in pairs/groups to use counters to represent multiplication as repeated addition. Learners in pairs/groups to use number lines to represent multiplication as repeated addition. Learners to us","Multiplication","1.6 Multiplication","mathematics-source-extended.csv","TODO: Victor to provide","TODO: Victor to provide","equal groups, arrays, repeated addition","equal groups model → repeated addition → multiplication sentence","TODO: Victor to provide","equal-groups / repeated-addition","max factor 10, equal groups only","YES - needs human approval","YES - per topic guidance","new-needs-generation","YES","NO - awaiting source pack completion"
"2afb0a5b-88e3-4c8e-9ccb-844064b1bd3f","Multiplying by 5 and 10","Numbers","1.6 Multiplication","By the end of the lesson, the learner should be able to: multiply single digit numbers by 1, 2, 3, 4, 5 and 10","How do you represent multiplication as repeated addition?","Learners in pairs/groups to use counters to represent multiplication as repeated addition. Learners in pairs/groups to use number lines to represent multiplication as repeated addition. Learners to us","Learners in pairs/groups to use counters to represent multiplication as repeated addition. Learners in pairs/groups to use number lines to represent multiplication as repeated addition. Learners to us","Multiplication","1.6 Multiplication","mathematics-source-extended.csv","TODO: Victor to provide","TODO: Victor to provide","equal groups, arrays, repeated addition","equal groups model → repeated addition → multiplication sentence","TODO: Victor to provide","equal-groups / repeated-addition","max factor 10, equal groups only","YES - needs human approval","YES - per topic guidance","new-needs-generation","YES","NO - awaiting source pack completion"
"938a3ed5-06ab-430b-a345-b933cce98a68","Multiplying by 3 and 4","Numbers","1.6 Multiplication","By the end of the lesson, the learner should be able to: multiply single digit numbers by 1, 2, 3, 4, 5 and 10","How do you represent multiplication as repeated addition?","Learners in pairs/groups to use counters to represent multiplication as repeated addition. Learners in pairs/groups to use number lines to represent multiplication as repeated addition. Learners to us","Learners in pairs/groups to use counters to represent multiplication as repeated addition. Learners in pairs/groups to use number lines to represent multiplication as repeated addition. Learners to us","Multiplication","1.6 Multiplication","mathematics-source-extended.csv","TODO: Victor to provide","TODO: Victor to provide","equal groups, arrays, repeated addition","equal groups model → repeated addition → multiplication sentence","TODO: Victor to provide","equal-groups / repeated-addition","max factor 10, equal groups only","YES - needs human approval","YES - per topic guidance","new-needs-generation","YES","NO - awaiting source pack completion"
"6f189a13-23b4-49da-8acf-a103df240d45","Multiplication: Digital Games","Numbers","1.6 Multiplication","By the end of the lesson, the learner should be able to: multiply single digit numbers by 1, 2, 3, 4, 5 and 10","How do you represent multiplication as repeated addition?","Learners in pairs/groups to use counters to represent multiplication as repeated addition. Learners in pairs/groups to use number lines to represent multiplication as repeated addition. Learners to us","Learners in pairs/groups to use counters to represent multiplication as repeated addition. Learners in pairs/groups to use number lines to represent multiplication as repeated addition. Learners to us","Multiplication","1.6 Multiplication","mathematics-source-extended.csv","TODO: Victor to provide","TODO: Victor to provide","equal groups, arrays, repeated addition","equal groups model → repeated addition → multiplication sentence","TODO: Victor to provide","equal-groups / repeated-addition","max factor 10, equal groups only","YES - needs human approval","YES - per topic guidance","new-needs-generation","YES","NO - awaiting source pack completion"
"22374453-e203-461f-bfab-d87b2fae59f0","Multiplication: Patterns and Arrays","Numbers","1.6 Multiplication","By the end of the lesson, the learner should be able to: multiply single digit numbers by 1, 2, 3, 4, 5 and 10","How do you represent multiplication as repeated addition?","Learners in pairs/groups to use counters to represent multiplication as repeated addition. Learners in pairs/groups to use number lines to represent multiplication as repeated addition. Learners to us","Learners in pairs/groups to use counters to represent multiplication as repeated addition. Learners in pairs/groups to use number lines to represent multiplication as repeated addition. Learners to us","Multiplication","1.6 Multiplication","mathematics-source-extended.csv","TODO: Victor to provide","TODO: Victor to provide","equal groups, arrays, repeated addition","equal groups model → repeated addition → multiplication sentence","TODO: Victor to provide","equal-groups / repeated-addition","max factor 10, equal groups only","YES - needs human approval","YES - per topic guidance","new-needs-generation","YES","NO - awaiting source pack completion"
"aacd260b-3a71-4a37-8724-61a214487641","Multiplication: Assessment and Review","Numbers","1.6 Multiplication","By the end of the lesson, the learner should be able to: multiply single digit numbers by 1, 2, 3, 4, 5 and 10","How do you represent multiplication as repeated addition?","Learners in pairs/groups to use counters to represent multiplication as repeated addition. Learners in pairs/groups to use number lines to represent multiplication as repeated addition. Learners to us","Learners in pairs/groups to use counters to represent multiplication as repeated addition. Learners in pairs/groups to use number lines to represent multiplication as repeated addition. Learners to us","Multiplication","1.6 Multiplication","mathematics-source-extended.csv","TODO: Victor to provide","TODO: Victor to provide","equal groups, arrays, repeated addition","equal groups model → repeated addition → multiplication sentence","TODO: Victor to provide","equal-groups / repeated-addition","max factor 10, equal groups only","YES - needs human approval","YES - per topic guidance","new-needs-generation","YES","NO - awaiting source pack completion"
"09d734a3-a5bc-4402-9d25-a842c5ccc1ea","Division as Equal Grouping","Numbers","1.7 Division","By the end of the lesson, the learner should be able to: represent division as equal grouping","How can you share a given number of objects equally?","Learners in pairs/groups to share a given number of objects equally by each picking one object at a time until all are finished. Learners in pairs/groups to pick an equal number of objects at a time f","Learners in pairs/groups to share a given number of objects equally by each picking one object at a time until all are finished. Learners in pairs/groups to pick an equal number of objects at a time f","Multiplication","1.7 Division","mathematics-source-extended.csv","TODO: Victor to provide","TODO: Victor to provide","equal groups, arrays, repeated addition","equal groups model → repeated addition → multiplication sentence","TODO: Victor to provide","equal-groups / repeated-addition","max factor 10, equal groups only","YES - needs human approval","YES - per topic guidance","new-needs-generation","YES","NO - awaiting source pack completion"
"40dc0390-2570-45b8-8a37-72c3d49e0e68","Writing Division Sentences Using the ÷ Sign","Numbers","1.7 Division","By the end of the lesson, the learner should be able to: use '÷' sign in writing division sentences","How can you share a given number of objects equally?","Learners in pairs/groups to share a given number of objects equally by each picking one object at a time until all are finished. Learners in pairs/groups to pick an equal number of objects at a time f","Learners in pairs/groups to share a given number of objects equally by each picking one object at a time until all are finished. Learners in pairs/groups to pick an equal number of objects at a time f","Numbers","1.7 Division","mathematics-source-extended.csv","TODO: Victor to provide","TODO: Victor to provide","TODO: Victor to specify","TODO: Victor to specify","TODO: Victor to provide","TODO: Victor to specify","TODO: Victor to specify","YES - needs human approval","YES - per topic guidance","new-needs-generation","YES","NO - awaiting source pack completion"
"e82fbc22-3f1b-458d-b4f4-0ab50064e6f6","Dividing Numbers up to 25 by 2 and 3","Numbers","1.7 Division","By the end of the lesson, the learner should be able to: divide numbers up to 25 by 2, 3, 4 and 5 without a remainder in real life situations","How can you share a given number of objects equally?","Learners in pairs/groups to share a given number of objects equally by each picking one object at a time until all are finished. Learners in pairs/groups to pick an equal number of objects at a time f","Learners in pairs/groups to share a given number of objects equally by each picking one object at a time until all are finished. Learners in pairs/groups to pick an equal number of objects at a time f","Numbers","1.7 Division","mathematics-source-extended.csv","TODO: Victor to provide","TODO: Victor to provide","TODO: Victor to specify","TODO: Victor to specify","TODO: Victor to provide","TODO: Victor to specify","TODO: Victor to specify","YES - needs human approval","YES - per topic guidance","new-needs-generation","YES","NO - awaiting source pack completion"
"e740ce84-ae87-4282-bd10-d9335dd117c4","Division: Word Problems","Numbers","1.7 Division","By the end of the lesson, the learner should be able to: divide numbers up to 25 by 2, 3, 4 and 5 without a remainder in real life situations","How can you share a given number of objects equally?","Learners in pairs/groups to share a given number of objects equally by each picking one object at a time until all are finished. Learners in pairs/groups to pick an equal number of objects at a time f","Learners in pairs/groups to share a given number of objects equally by each picking one object at a time until all are finished. Learners in pairs/groups to pick an equal number of objects at a time f","Word Problems & Application","1.7 Division","mathematics-source-extended.csv","TODO: Victor to provide","TODO: Victor to provide","real-life scenarios, Kenyan context","step-by-step problem solving","TODO: Victor to provide","single-step-word-problem","single-step, Kenyan context","YES - needs human approval","YES - per topic guidance","new-needs-generation","YES","NO - awaiting source pack completion"
"85020d62-81c3-4efe-aef5-2abf8c37a5f3","Division: Digital Games","Numbers","1.7 Division","By the end of the lesson, the learner should be able to: divide numbers up to 25 by 2, 3, 4 and 5 without a remainder in real life situations","How can you share a given number of objects equally?","Learners in pairs/groups to share a given number of objects equally by each picking one object at a time until all are finished. Learners in pairs/groups to pick an equal number of objects at a time f","Learners in pairs/groups to share a given number of objects equally by each picking one object at a time until all are finished. Learners in pairs/groups to pick an equal number of objects at a time f","Numbers","1.7 Division","mathematics-source-extended.csv","TODO: Victor to provide","TODO: Victor to provide","TODO: Victor to specify","TODO: Victor to specify","TODO: Victor to provide","TODO: Victor to specify","TODO: Victor to specify","YES - needs human approval","YES - per topic guidance","new-needs-generation","YES","NO - awaiting source pack completion"
"f18192e7-33d6-4b2b-9115-b882a36c9015","Division: Practice and Assessment","Numbers","1.7 Division","By the end of the lesson, the learner should be able to: divide numbers up to 25 by 2, 3, 4 and 5 without a remainder in real life situations","How can you share a given number of objects equally?","Learners in pairs/groups to share a given number of objects equally by each picking one object at a time until all are finished. Learners in pairs/groups to pick an equal number of objects at a time f","Learners in pairs/groups to share a given number of objects equally by each picking one object at a time until all are finished. Learners in pairs/groups to pick an equal number of objects at a time f","Numbers","1.7 Division","mathematics-source-extended.csv","TODO: Victor to provide","TODO: Victor to provide","TODO: Victor to specify","TODO: Victor to specify","TODO: Victor to provide","TODO: Victor to specify","TODO: Victor to specify","YES - needs human approval","YES - per topic guidance","new-needs-generation","YES","NO - awaiting source pack completion"
"42331b00-d61d-4541-b7ed-8a7dca664484","Comparing Measurements Using Different Units","Measurement","2.1 Length","By the end of the lesson, the learner should be able to: identify the metre as a unit of measuring length","What can you use to measure different lengths?","Learners in pairs/groups to use sticks of equal length to measure different lengths, record and discuss. Learners in pairs/groups to measure length using sticks of different lengths, including 1-metre","Learners in pairs/groups to use sticks of equal length to measure different lengths, record and discuss. Learners in pairs/groups to measure length using sticks of different lengths, including 1-metre","Measurement","2.1 Length","mathematics-source-extended.csv","TODO: Victor to provide","TODO: Victor to provide","classroom objects, ruler, measuring tools","measuring with standard units, comparing","TODO: Victor to provide","compare-units / read-measurement","metres, litres, kilograms; non-standard before standard","YES - needs human approval","YES - per topic guidance","new-needs-generation","YES","NO - awaiting source pack completion"
"a0832964-1e92-4712-b621-0293fe0d1180","Introducing the Metre as a Standard Unit","Measurement","2.1 Length","By the end of the lesson, the learner should be able to: measure length in metres","What can you use to measure different lengths?","Learners in pairs/groups to use sticks of equal length to measure different lengths, record and discuss. Learners in pairs/groups to measure length using sticks of different lengths, including 1-metre","Learners in pairs/groups to use sticks of equal length to measure different lengths, record and discuss. Learners in pairs/groups to measure length using sticks of different lengths, including 1-metre","Measurement","2.1 Length","mathematics-source-extended.csv","TODO: Victor to provide","TODO: Victor to provide","classroom objects, ruler, measuring tools","measuring with standard units, comparing","TODO: Victor to provide","compare-units / read-measurement","metres, litres, kilograms; non-standard before standard","YES - needs human approval","YES - per topic guidance","new-needs-generation","YES","NO - awaiting source pack completion"
"871b6ab6-d91f-4590-ba55-c895971d4302","Making and Using 1-Metre Sticks","Measurement","2.1 Length","By the end of the lesson, the learner should be able to: measure length in metres","What can you use to measure different lengths?","Learners in pairs/groups to use sticks of equal length to measure different lengths, record and discuss. Learners in pairs/groups to measure length using sticks of different lengths, including 1-metre","Learners in pairs/groups to use sticks of equal length to measure different lengths, record and discuss. Learners in pairs/groups to measure length using sticks of different lengths, including 1-metre","Measurement","2.1 Length","mathematics-source-extended.csv","TODO: Victor to provide","TODO: Victor to provide","classroom objects, ruler, measuring tools","measuring with standard units, comparing","TODO: Victor to provide","compare-units / read-measurement","metres, litres, kilograms; non-standard before standard","YES - needs human approval","YES - per topic guidance","new-needs-generation","YES","NO - awaiting source pack completion"
"9512b162-b896-4329-8bdc-16f0d5b370df","Measuring Mass Using Fixed Units","Measurement","2.2 Mass","By the end of the lesson, the learner should be able to: measure mass using fixed units","What can we use to measure mass?","Learners use a beam balance and safe classroom items to compare and measure mass. They identify the kilogram as a standard unit, make or use 1 kg reference masses, record results, and discuss where ki","Learners use a beam balance and safe classroom items to compare and measure mass. They identify the kilogram as a standard unit, make or use 1 kg reference masses, record results, and discuss where ki","Measurement","2.2 Mass","mathematics-source-extended.csv","TODO: Victor to provide","TODO: Victor to provide","classroom objects, ruler, measuring tools","measuring with standard units, comparing","TODO: Victor to provide","compare-units / read-measurement","metres, litres, kilograms; non-standard before standard","YES - needs human approval","YES - per topic guidance","new-needs-generation","YES","NO - awaiting source pack completion"
"e749a723-2f32-49fe-83f7-262f0b873aeb","Identifying the Kilogram as a Unit of Mass","Measurement","2.2 Mass","By the end of the lesson, the learner should be able to: identify the kilogram as a unit of measuring mass","What can we use to measure mass?","Learners use a beam balance and safe classroom items to compare and measure mass. They identify the kilogram as a standard unit, make or use 1 kg reference masses, record results, and discuss where ki","Learners use a beam balance and safe classroom items to compare and measure mass. They identify the kilogram as a standard unit, make or use 1 kg reference masses, record results, and discuss where ki","Measurement","2.2 Mass","mathematics-source-extended.csv","TODO: Victor to provide","TODO: Victor to provide","classroom objects, ruler, measuring tools","measuring with standard units, comparing","TODO: Victor to provide","compare-units / read-measurement","metres, litres, kilograms; non-standard before standard","YES - needs human approval","YES - per topic guidance","new-needs-generation","YES","NO - awaiting source pack completion"
"aa83b63f-29b9-4b7d-b8cc-9621abdd8a16","Using a Beam Balance to Compare Mass","Measurement","2.2 Mass","By the end of the lesson, the learner should be able to: use a beam balance to compare and discuss masses","What can we use to measure mass?","Learners use a beam balance and safe classroom items to compare and measure mass. They identify the kilogram as a standard unit, make or use 1 kg reference masses, record results, and discuss where ki","Learners use a beam balance and safe classroom items to compare and measure mass. They identify the kilogram as a standard unit, make or use 1 kg reference masses, record results, and discuss where ki","Measurement","2.2 Mass","mathematics-source-extended.csv","TODO: Victor to provide","TODO: Victor to provide","classroom objects, ruler, measuring tools","measuring with standard units, comparing","TODO: Victor to provide","compare-units / read-measurement","metres, litres, kilograms; non-standard before standard","YES - needs human approval","YES - per topic guidance","new-needs-generation","YES","NO - awaiting source pack completion"
"b9a13308-5e08-4251-95fd-251b25648e9b","Making and Using 1 Kilogram Reference Masses","Measurement","2.2 Mass","By the end of the lesson, the learner should be able to: use a 1 kilogram reference mass to measure other items","What can we use to measure mass?","Learners use a beam balance and safe classroom items to compare and measure mass. They identify the kilogram as a standard unit, make or use 1 kg reference masses, record results, and discuss where ki","Learners use a beam balance and safe classroom items to compare and measure mass. They identify the kilogram as a standard unit, make or use 1 kg reference masses, record results, and discuss where ki","Measurement","2.2 Mass","mathematics-source-extended.csv","TODO: Victor to provide","TODO: Victor to provide","classroom objects, ruler, measuring tools","measuring with standard units, comparing","TODO: Victor to provide","compare-units / read-measurement","metres, litres, kilograms; non-standard before standard","YES - needs human approval","YES - per topic guidance","new-needs-generation","YES","NO - awaiting source pack completion"
"3297344e-7e67-4efc-af9b-383168f9fd3a","Measuring Classroom Items in Kilograms","Measurement","2.2 Mass","By the end of the lesson, the learner should be able to: measure mass in kilograms using safe classroom items","What can we use to measure mass?","Learners use a beam balance and safe classroom items to compare and measure mass. They identify the kilogram as a standard unit, make or use 1 kg reference masses, record results, and discuss where ki","Learners use a beam balance and safe classroom items to compare and measure mass. They identify the kilogram as a standard unit, make or use 1 kg reference masses, record results, and discuss where ki","Measurement","2.2 Mass","mathematics-source-extended.csv","TODO: Victor to provide","TODO: Victor to provide","classroom objects, ruler, measuring tools","measuring with standard units, comparing","TODO: Victor to provide","compare-units / read-measurement","metres, litres, kilograms; non-standard before standard","YES - needs human approval","YES - per topic guidance","new-needs-generation","YES","NO - awaiting source pack completion"
"0e5d3dcf-fbde-4c5d-84b7-4ca3d4db44fe","Mass in Kilograms: Practice and Assessment","Measurement","2.2 Mass","By the end of the lesson, the learner should be able to: measure mass in kilograms and explain the result","What can we use to measure mass?","Learners use a beam balance and safe classroom items to compare and measure mass. They identify the kilogram as a standard unit, make or use 1 kg reference masses, record results, and discuss where ki","Learners use a beam balance and safe classroom items to compare and measure mass. They identify the kilogram as a standard unit, make or use 1 kg reference masses, record results, and discuss where ki","Measurement","2.2 Mass","mathematics-source-extended.csv","TODO: Victor to provide","TODO: Victor to provide","classroom objects, ruler, measuring tools","measuring with standard units, comparing","TODO: Victor to provide","compare-units / read-measurement","metres, litres, kilograms; non-standard before standard","YES - needs human approval","YES - per topic guidance","new-needs-generation","YES","NO - awaiting source pack completion"
"ba2b9cc1-9fd3-4cc6-9229-e25b88c6aef8","Filling Containers with 1 Litre Measures","Measurement","2.3 Capacity","By the end of the lesson, the learner should be able to: use 1 litre containers to measure capacity","What can you use to measure capacity of different containers?","Learners use containers of equal and known capacity to fill larger containers, count litres used, identify the litre as a standard unit, measure capacity in litres, and connect the activity to water u","Learners use containers of equal and known capacity to fill larger containers, count litres used, identify the litre as a standard unit, measure capacity in litres, and connect the activity to water u","Number Patterns & Counting","2.3 Capacity","mathematics-source-extended.csv","TODO: Victor to provide","TODO: Victor to provide","number line, hundred chart, skip counting","skip counting sequences, pattern completion","TODO: Victor to provide","skip-counting / missing-number","1-100, skip by 2s/5s/10s","YES - needs human approval","YES - per topic guidance","new-needs-generation","YES","NO - awaiting source pack completion"
"25f1f6b8-e4b8-4446-9e6d-fcb0785ff025","Counting Litres Used to Fill Containers","Measurement","2.3 Capacity","By the end of the lesson, the learner should be able to: count the number of litres used to fill a container","What can you use to measure capacity of different containers?","Learners use containers of equal and known capacity to fill larger containers, count litres used, identify the litre as a standard unit, measure capacity in litres, and connect the activity to water u","Learners use containers of equal and known capacity to fill larger containers, count litres used, identify the litre as a standard unit, measure capacity in litres, and connect the activity to water u","Number Patterns & Counting","2.3 Capacity","mathematics-source-extended.csv","TODO: Victor to provide","TODO: Victor to provide","number line, hundred chart, skip counting","skip counting sequences, pattern completion","TODO: Victor to provide","skip-counting / missing-number","1-100, skip by 2s/5s/10s","YES - needs human approval","YES - per topic guidance","new-needs-generation","YES","NO - awaiting source pack completion"
"11304516-aa21-46f2-8bff-64b8b78a4882","Measuring Capacity of Different Containers in Litres","Measurement","2.3 Capacity","By the end of the lesson, the learner should be able to: measure capacity of different containers in litres","What can you use to measure capacity of different containers?","Learners use containers of equal and known capacity to fill larger containers, count litres used, identify the litre as a standard unit, measure capacity in litres, and connect the activity to water u","Learners use containers of equal and known capacity to fill larger containers, count litres used, identify the litre as a standard unit, measure capacity in litres, and connect the activity to water u","Measurement","2.3 Capacity","mathematics-source-extended.csv","TODO: Victor to provide","TODO: Victor to provide","classroom objects, ruler, measuring tools","measuring with standard units, comparing","TODO: Victor to provide","compare-units / read-measurement","metres, litres, kilograms; non-standard before standard","YES - needs human approval","YES - per topic guidance","new-needs-generation","YES","NO - awaiting source pack completion"
"bf762b59-ce71-49c2-a7a2-d13e83a559f8","Comparing Containers Using Litres","Measurement","2.3 Capacity","By the end of the lesson, the learner should be able to: compare containers using litre measurements","What can you use to measure capacity of different containers?","Learners use containers of equal and known capacity to fill larger containers, count litres used, identify the litre as a standard unit, measure capacity in litres, and connect the activity to water u","Learners use containers of equal and known capacity to fill larger containers, count litres used, identify the litre as a standard unit, measure capacity in litres, and connect the activity to water u","Measurement","2.3 Capacity","mathematics-source-extended.csv","TODO: Victor to provide","TODO: Victor to provide","classroom objects, ruler, measuring tools","measuring with standard units, comparing","TODO: Victor to provide","compare-units / read-measurement","metres, litres, kilograms; non-standard before standard","YES - needs human approval","YES - per topic guidance","new-needs-generation","YES","NO - awaiting source pack completion"
"83586eb9-46fa-447f-8a4d-d2a733e8098d","Capacity in Litres: Real-Life Practice","Measurement","2.3 Capacity","By the end of the lesson, the learner should be able to: apply litre measurement to a real-life situation","What can you use to measure capacity of different containers?","Learners use containers of equal and known capacity to fill larger containers, count litres used, identify the litre as a standard unit, measure capacity in litres, and connect the activity to water u","Learners use containers of equal and known capacity to fill larger containers, count litres used, identify the litre as a standard unit, measure capacity in litres, and connect the activity to water u","Measurement","2.3 Capacity","mathematics-source-extended.csv","TODO: Victor to provide","TODO: Victor to provide","classroom objects, ruler, measuring tools","measuring with standard units, comparing","TODO: Victor to provide","compare-units / read-measurement","metres, litres, kilograms; non-standard before standard","YES - needs human approval","YES - per topic guidance","new-needs-generation","YES","NO - awaiting source pack completion"
"f57f76e0-d89a-4008-9133-96307600775a","Capacity in Litres: Practice and Assessment","Measurement","2.3 Capacity","By the end of the lesson, the learner should be able to: measure capacity in litres and explain the result","What can you use to measure capacity of different containers?","Learners use containers of equal and known capacity to fill larger containers, count litres used, identify the litre as a standard unit, measure capacity in litres, and connect the activity to water u","Learners use containers of equal and known capacity to fill larger containers, count litres used, identify the litre as a standard unit, measure capacity in litres, and connect the activity to water u","Measurement","2.3 Capacity","mathematics-source-extended.csv","TODO: Victor to provide","TODO: Victor to provide","classroom objects, ruler, measuring tools","measuring with standard units, comparing","TODO: Victor to provide","compare-units / read-measurement","metres, litres, kilograms; non-standard before standard","YES - needs human approval","YES - per topic guidance","new-needs-generation","YES","NO - awaiting source pack completion"
"ffd55a4b-a06e-429a-a664-bd7d12b9d6e0","Months of the Year and Activities","Measurement","2.4 Time","By the end of the lesson, the learner should be able to: relate months of the year with various activities","How can we know and show time?","Learners discuss months of the year and events linked to them, recite the number of days in months, measure duration using simple arbitrary and fixed units, observe a clock face, identify the hour and","Learners discuss months of the year and events linked to them, recite the number of days in months, measure duration using simple arbitrary and fixed units, observe a clock face, identify the hour and","Measurement","2.4 Time","mathematics-source-extended.csv","TODO: Victor to provide","TODO: Victor to provide","classroom objects, ruler, measuring tools","measuring with standard units, comparing","TODO: Victor to provide","compare-units / read-measurement","metres, litres, kilograms; non-standard before standard","YES - needs human approval","YES - per topic guidance","new-needs-generation","YES","NO - awaiting source pack completion"
"f2a52e96-1524-4154-9984-67ec8ac37846","Number of Days in Each Month","Measurement","2.4 Time","By the end of the lesson, the learner should be able to: recite the number of days in each month of the year","How can we know and show time?","Learners discuss months of the year and events linked to them, recite the number of days in months, measure duration using simple arbitrary and fixed units, observe a clock face, identify the hour and","Learners discuss months of the year and events linked to them, recite the number of days in months, measure duration using simple arbitrary and fixed units, observe a clock face, identify the hour and","Measurement","2.4 Time","mathematics-source-extended.csv","TODO: Victor to provide","TODO: Victor to provide","classroom objects, ruler, measuring tools","measuring with standard units, comparing","TODO: Victor to provide","compare-units / read-measurement","metres, litres, kilograms; non-standard before standard","YES - needs human approval","YES - per topic guidance","new-needs-generation","YES","NO - awaiting source pack completion"
"3d62e0f4-74d5-4850-bad1-15c1764559e6","Measuring Time Using Arbitrary Units","Measurement","2.4 Time","By the end of the lesson, the learner should be able to: measure time using arbitrary units","How can we know and show time?","Learners discuss months of the year and events linked to them, recite the number of days in months, measure duration using simple arbitrary and fixed units, observe a clock face, identify the hour and","Learners discuss months of the year and events linked to them, recite the number of days in months, measure duration using simple arbitrary and fixed units, observe a clock face, identify the hour and","Measurement","2.4 Time","mathematics-source-extended.csv","TODO: Victor to provide","TODO: Victor to provide","classroom objects, ruler, measuring tools","measuring with standard units, comparing","TODO: Victor to provide","compare-units / read-measurement","metres, litres, kilograms; non-standard before standard","YES - needs human approval","YES - per topic guidance","new-needs-generation","YES","NO - awaiting source pack completion"
"27ee7818-cc7f-4094-9ad0-f1bc16adc146","Measuring Time Using Fixed Units","Measurement","2.4 Time","By the end of the lesson, the learner should be able to: measure time using fixed units","How can we know and show time?","Learners discuss months of the year and events linked to them, recite the number of days in months, measure duration using simple arbitrary and fixed units, observe a clock face, identify the hour and","Learners discuss months of the year and events linked to them, recite the number of days in months, measure duration using simple arbitrary and fixed units, observe a clock face, identify the hour and","Measurement","2.4 Time","mathematics-source-extended.csv","TODO: Victor to provide","TODO: Victor to provide","classroom objects, ruler, measuring tools","measuring with standard units, comparing","TODO: Victor to provide","compare-units / read-measurement","metres, litres, kilograms; non-standard before standard","YES - needs human approval","YES - per topic guidance","new-needs-generation","YES","NO - awaiting source pack completion"
"ce4ca0e3-368e-4f1f-90b4-4939805ef01d","Identifying the Clock Face","Measurement","2.4 Time","By the end of the lesson, the learner should be able to: identify the clock face","How can we know and show time?","Learners discuss months of the year and events linked to them, recite the number of days in months, measure duration using simple arbitrary and fixed units, observe a clock face, identify the hour and","Learners discuss months of the year and events linked to them, recite the number of days in months, measure duration using simple arbitrary and fixed units, observe a clock face, identify the hour and","Time","2.4 Time","mathematics-source-extended.csv","TODO: Victor to provide","TODO: Victor to provide","clock face, daily routine","clock reading, daily events","TODO: Victor to provide","read-clock-o-clock / read-clock-half-past","o'clock and half past only","YES - needs human approval","YES - per topic guidance","new-needs-generation","YES","NO - awaiting source pack completion"
"8100f021-2df1-4a31-a284-68ab3120536f","Hour Hand and Minute Hand","Measurement","2.4 Time","By the end of the lesson, the learner should be able to: identify the hour hand and minute hand","How can we know and show time?","Learners discuss months of the year and events linked to them, recite the number of days in months, measure duration using simple arbitrary and fixed units, observe a clock face, identify the hour and","Learners discuss months of the year and events linked to them, recite the number of days in months, measure duration using simple arbitrary and fixed units, observe a clock face, identify the hour and","Time","2.4 Time","mathematics-source-extended.csv","TODO: Victor to provide","TODO: Victor to provide","clock face, daily routine","clock reading, daily events","TODO: Victor to provide","read-clock-o-clock / read-clock-half-past","o'clock and half past only","YES - needs human approval","YES - per topic guidance","new-needs-generation","YES","NO - awaiting source pack completion"
"b95ac1a5-4ffc-45fa-9a97-9429d32ece97","Reading Time by the Hour on an Analogue Clock","Measurement","2.4 Time","By the end of the lesson, the learner should be able to: read and tell time by the hour","How can we know and show time?","Learners discuss months of the year and events linked to them, recite the number of days in months, measure duration using simple arbitrary and fixed units, observe a clock face, identify the hour and","Learners discuss months of the year and events linked to them, recite the number of days in months, measure duration using simple arbitrary and fixed units, observe a clock face, identify the hour and","Time","2.4 Time","mathematics-source-extended.csv","TODO: Victor to provide","TODO: Victor to provide","clock face, daily routine","clock reading, daily events","TODO: Victor to provide","read-clock-o-clock / read-clock-half-past","o'clock and half past only","YES - needs human approval","YES - per topic guidance","new-needs-generation","YES","NO - awaiting source pack completion"
"af6cafca-2aa7-4dfe-9058-f61201f5fbb5","Writing Time by the Hour","Measurement","2.4 Time","By the end of the lesson, the learner should be able to: write time by the hour","How can we know and show time?","Learners discuss months of the year and events linked to them, recite the number of days in months, measure duration using simple arbitrary and fixed units, observe a clock face, identify the hour and","Learners discuss months of the year and events linked to them, recite the number of days in months, measure duration using simple arbitrary and fixed units, observe a clock face, identify the hour and","Time","2.4 Time","mathematics-source-extended.csv","TODO: Victor to provide","TODO: Victor to provide","clock face, daily routine","clock reading, daily events","TODO: Victor to provide","read-clock-o-clock / read-clock-half-past","o'clock and half past only","YES - needs human approval","YES - per topic guidance","new-needs-generation","YES","NO - awaiting source pack completion"
"b82e24ed-8fcf-41b6-a7eb-88b8cf9c33aa","Time by the Hour in Daily Life","Measurement","2.4 Time","By the end of the lesson, the learner should be able to: apply time by the hour to daily activities","How can we know and show time?","Learners discuss months of the year and events linked to them, recite the number of days in months, measure duration using simple arbitrary and fixed units, observe a clock face, identify the hour and","Learners discuss months of the year and events linked to them, recite the number of days in months, measure duration using simple arbitrary and fixed units, observe a clock face, identify the hour and","Time","2.4 Time","mathematics-source-extended.csv","TODO: Victor to provide","TODO: Victor to provide","clock face, daily routine","clock reading, daily events","TODO: Victor to provide","read-clock-o-clock / read-clock-half-past","o'clock and half past only","YES - needs human approval","YES - per topic guidance","new-needs-generation","YES","NO - awaiting source pack completion"
"736c02da-89a2-479f-80bc-87fca0d45683","Time: Practice and Assessment","Measurement","2.4 Time","By the end of the lesson, the learner should be able to: read, tell, and write time by the hour","How can we know and show time?","Learners discuss months of the year and events linked to them, recite the number of days in months, measure duration using simple arbitrary and fixed units, observe a clock face, identify the hour and","Learners discuss months of the year and events linked to them, recite the number of days in months, measure duration using simple arbitrary and fixed units, observe a clock face, identify the hour and","Time","2.4 Time","mathematics-source-extended.csv","TODO: Victor to provide","TODO: Victor to provide","clock face, daily routine","clock reading, daily events","TODO: Victor to provide","read-clock-o-clock / read-clock-half-past","o'clock and half past only","YES - needs human approval","YES - per topic guidance","new-needs-generation","YES","NO - awaiting source pack completion"
"5e85be83-a1bd-4083-9541-001314eab7c6","Sorting Coins and Notes by Features","Measurement","2.5 Money","By the end of the lesson, the learner should be able to: sort coins and notes by value and features","How can you identify and use different Kenyan currencies?","Learners sort Kenyan coins and notes up to Sh.100, count different denominations, represent the same amount in different ways, use a classroom shop to connect money to goods and services, and discuss ","Learners sort Kenyan coins and notes up to Sh.100, count different denominations, represent the same amount in different ways, use a classroom shop to connect money to goods and services, and discuss ","Money","2.5 Money","mathematics-source-extended.csv","TODO: Victor to provide","TODO: Victor to provide","Kenyan shillings (coins and notes), market context","counting coins/notes, simple purchase","TODO: Victor to provide","count-money / simple-purchase","Kenyan shillings, simple purchases","YES - needs human approval","YES - per topic guidance","new-needs-generation","YES","NO - awaiting source pack completion"
"286af17f-a512-49d7-af6d-e5655251f4ef","Counting Money: Sh.1, Sh.5 and Sh.10","Measurement","2.5 Money","By the end of the lesson, the learner should be able to: count money using sh.1, sh.5 and sh.10","How can you identify and use different Kenyan currencies?","Learners sort Kenyan coins and notes up to Sh.100, count different denominations, represent the same amount in different ways, use a classroom shop to connect money to goods and services, and discuss ","Learners sort Kenyan coins and notes up to Sh.100, count different denominations, represent the same amount in different ways, use a classroom shop to connect money to goods and services, and discuss ","Number Patterns & Counting","2.5 Money","mathematics-source-extended.csv","TODO: Victor to provide","TODO: Victor to provide","number line, hundred chart, skip counting","skip counting sequences, pattern completion","TODO: Victor to provide","skip-counting / missing-number","1-100, skip by 2s/5s/10s","YES - needs human approval","YES - per topic guidance","new-needs-generation","YES","NO - awaiting source pack completion"
"e7fe9c54-78ef-40dd-8f1c-145becf4c069","Making the Same Amount in Different Denominations","Measurement","2.5 Money","By the end of the lesson, the learner should be able to: represent the same amount of money in different denominations","How can you identify and use different Kenyan currencies?","Learners sort Kenyan coins and notes up to Sh.100, count different denominations, represent the same amount in different ways, use a classroom shop to connect money to goods and services, and discuss ","Learners sort Kenyan coins and notes up to Sh.100, count different denominations, represent the same amount in different ways, use a classroom shop to connect money to goods and services, and discuss ","Measurement","2.5 Money","mathematics-source-extended.csv","TODO: Victor to provide","TODO: Victor to provide","classroom objects, ruler, measuring tools","measuring with standard units, comparing","TODO: Victor to provide","compare-units / read-measurement","metres, litres, kilograms; non-standard before standard","YES - needs human approval","YES - per topic guidance","new-needs-generation","YES","NO - awaiting source pack completion"
"d58def14-a976-4701-93b6-d4ace7a49976","Relating Money to Goods and Services","Measurement","2.5 Money","By the end of the lesson, the learner should be able to: relate money to goods and services up to sh.100","How can you identify and use different Kenyan currencies?","Learners sort Kenyan coins and notes up to Sh.100, count different denominations, represent the same amount in different ways, use a classroom shop to connect money to goods and services, and discuss ","Learners sort Kenyan coins and notes up to Sh.100, count different denominations, represent the same amount in different ways, use a classroom shop to connect money to goods and services, and discuss ","Money","2.5 Money","mathematics-source-extended.csv","TODO: Victor to provide","TODO: Victor to provide","Kenyan shillings (coins and notes), market context","counting coins/notes, simple purchase","TODO: Victor to provide","count-money / simple-purchase","Kenyan shillings, simple purchases","YES - needs human approval","YES - per topic guidance","new-needs-generation","YES","NO - awaiting source pack completion"
"d1d348ad-ebb3-4924-8954-7a972f263716","Classroom Shop: Buying and Selling","Measurement","2.5 Money","By the end of the lesson, the learner should be able to: use money in a buying and selling role play","How can you identify and use different Kenyan currencies?","Learners sort Kenyan coins and notes up to Sh.100, count different denominations, represent the same amount in different ways, use a classroom shop to connect money to goods and services, and discuss ","Learners sort Kenyan coins and notes up to Sh.100, count different denominations, represent the same amount in different ways, use a classroom shop to connect money to goods and services, and discuss ","Money","2.5 Money","mathematics-source-extended.csv","TODO: Victor to provide","TODO: Victor to provide","Kenyan shillings (coins and notes), market context","counting coins/notes, simple purchase","TODO: Victor to provide","count-money / simple-purchase","Kenyan shillings, simple purchases","YES - needs human approval","YES - per topic guidance","new-needs-generation","YES","NO - awaiting source pack completion"
"f1a523d2-a0fb-43d7-8db9-2896598a9c05","Choosing What to Buy with Sh.100","Measurement","2.5 Money","By the end of the lesson, the learner should be able to: make simple choices about goods, services, needs, and wants","How can you identify and use different Kenyan currencies?","Learners sort Kenyan coins and notes up to Sh.100, count different denominations, represent the same amount in different ways, use a classroom shop to connect money to goods and services, and discuss ","Learners sort Kenyan coins and notes up to Sh.100, count different denominations, represent the same amount in different ways, use a classroom shop to connect money to goods and services, and discuss ","Money","2.5 Money","mathematics-source-extended.csv","TODO: Victor to provide","TODO: Victor to provide","Kenyan shillings (coins and notes), market context","counting coins/notes, simple purchase","TODO: Victor to provide","count-money / simple-purchase","Kenyan shillings, simple purchases","YES - needs human approval","YES - per topic guidance","new-needs-generation","YES","NO - awaiting source pack completion"
"e03ddcd9-227b-437d-93bb-5eafdc3a7a79","Money: Practice and Assessment","Measurement","2.5 Money","By the end of the lesson, the learner should be able to: count, represent, and use money up to sh.100","How can you identify and use different Kenyan currencies?","Learners sort Kenyan coins and notes up to Sh.100, count different denominations, represent the same amount in different ways, use a classroom shop to connect money to goods and services, and discuss ","Learners sort Kenyan coins and notes up to Sh.100, count different denominations, represent the same amount in different ways, use a classroom shop to connect money to goods and services, and discuss ","Money","2.5 Money","mathematics-source-extended.csv","TODO: Victor to provide","TODO: Victor to provide","Kenyan shillings (coins and notes), market context","counting coins/notes, simple purchase","TODO: Victor to provide","count-money / simple-purchase","Kenyan shillings, simple purchases","YES - needs human approval","YES - per topic guidance","new-needs-generation","YES","NO - awaiting source pack completion"
"af79707c-74f4-403e-b704-06e777df3aac","Drawing Straight Lines","Geometry","3.1 Lines","By the end of the lesson, the learner should be able to: draw straight lines for application in real life","What types of lines do you know?","Learners draw straight and curved lines on the ground, in books, and with safe materials. They model lines using strings, sticks, or body movements, identify lines in the environment, and explain wher","Learners draw straight and curved lines on the ground, in books, and with safe materials. They model lines using strings, sticks, or body movements, identify lines in the environment, and explain wher","Geometry & Patterns","3.1 Lines","mathematics-source-extended.csv","TODO: Victor to provide","TODO: Victor to provide","shape cutouts, real objects, pattern blocks","identifying shapes, sorting, pattern creation","TODO: Victor to provide","identify-shape / complete-pattern","5 basic shapes, simple patterns","YES - needs human approval","YES - per topic guidance","new-needs-generation","YES","NO - awaiting source pack completion"
"597dfffc-1983-4c17-afb9-fd7162e73fb8","Lines in the Environment: Practice and Assessment","Geometry","3.1 Lines","By the end of the lesson, the learner should be able to: draw and model straight and curved lines","What types of lines do you know?","Learners draw straight and curved lines on the ground, in books, and with safe materials. They model lines using strings, sticks, or body movements, identify lines in the environment, and explain wher","Learners draw straight and curved lines on the ground, in books, and with safe materials. They model lines using strings, sticks, or body movements, identify lines in the environment, and explain wher","Geometry & Patterns","3.1 Lines","mathematics-source-extended.csv","TODO: Victor to provide","TODO: Victor to provide","shape cutouts, real objects, pattern blocks","identifying shapes, sorting, pattern creation","TODO: Victor to provide","identify-shape / complete-pattern","5 basic shapes, simple patterns","YES - needs human approval","YES - per topic guidance","new-needs-generation","YES","NO - awaiting source pack completion"
"0aec1d3b-7635-46fe-b4af-3a50a38dae65","Modelling Straight Lines","Geometry","3.1 Lines","By the end of the lesson, the learner should be able to: model straight lines using safe materials","What types of lines do you know?","Learners draw straight and curved lines on the ground, in books, and with safe materials. They model lines using strings, sticks, or body movements, identify lines in the environment, and explain wher","Learners draw straight and curved lines on the ground, in books, and with safe materials. They model lines using strings, sticks, or body movements, identify lines in the environment, and explain wher","Geometry & Patterns","3.1 Lines","mathematics-source-extended.csv","TODO: Victor to provide","TODO: Victor to provide","shape cutouts, real objects, pattern blocks","identifying shapes, sorting, pattern creation","TODO: Victor to provide","identify-shape / complete-pattern","5 basic shapes, simple patterns","YES - needs human approval","YES - per topic guidance","new-needs-generation","YES","NO - awaiting source pack completion"
"10f674d4-3f62-4f9e-9008-1d1eb825595a","Modelling Curved Lines","Geometry","3.1 Lines","By the end of the lesson, the learner should be able to: model curved lines using safe materials","What types of lines do you know?","Learners draw straight and curved lines on the ground, in books, and with safe materials. They model lines using strings, sticks, or body movements, identify lines in the environment, and explain wher","Learners draw straight and curved lines on the ground, in books, and with safe materials. They model lines using strings, sticks, or body movements, identify lines in the environment, and explain wher","Geometry & Patterns","3.1 Lines","mathematics-source-extended.csv","TODO: Victor to provide","TODO: Victor to provide","shape cutouts, real objects, pattern blocks","identifying shapes, sorting, pattern creation","TODO: Victor to provide","identify-shape / complete-pattern","5 basic shapes, simple patterns","YES - needs human approval","YES - per topic guidance","new-needs-generation","YES","NO - awaiting source pack completion"
"44ff5ced-66a0-401b-89df-47566ae901a8","Sorting and Grouping Five Shapes","Geometry","3.2 Shapes","By the end of the lesson, the learner should be able to: sort and group items using shape attributes","What shapes can you identify in your environment?","Learners sort and group items by shape, identify rectangles, circles, triangles, ovals, and squares in the classroom and environment, discuss the lines that form shapes, and make patterns using the fi","Learners sort and group items by shape, identify rectangles, circles, triangles, ovals, and squares in the classroom and environment, discuss the lines that form shapes, and make patterns using the fi","Geometry & Patterns","3.2 Shapes","mathematics-source-extended.csv","TODO: Victor to provide","TODO: Victor to provide","shape cutouts, real objects, pattern blocks","identifying shapes, sorting, pattern creation","TODO: Victor to provide","identify-shape / complete-pattern","5 basic shapes, simple patterns","YES - needs human approval","YES - per topic guidance","new-needs-generation","YES","NO - awaiting source pack completion"
"b1612ed2-525f-4f6c-a81b-48a7d9836a7e","Lines That Make Different Shapes","Geometry","3.2 Shapes","By the end of the lesson, the learner should be able to: discuss types of lines that make different shapes","What shapes can you identify in your environment?","Learners sort and group items by shape, identify rectangles, circles, triangles, ovals, and squares in the classroom and environment, discuss the lines that form shapes, and make patterns using the fi","Learners sort and group items by shape, identify rectangles, circles, triangles, ovals, and squares in the classroom and environment, discuss the lines that form shapes, and make patterns using the fi","Geometry & Patterns","3.2 Shapes","mathematics-source-extended.csv","TODO: Victor to provide","TODO: Victor to provide","shape cutouts, real objects, pattern blocks","identifying shapes, sorting, pattern creation","TODO: Victor to provide","identify-shape / complete-pattern","5 basic shapes, simple patterns","YES - needs human approval","YES - per topic guidance","new-needs-generation","YES","NO - awaiting source pack completion"
"814cf15e-80ae-4778-8c55-1f99ccb5f5ae","Making Patterns with Five Shapes","Geometry","3.2 Shapes","By the end of the lesson, the learner should be able to: make patterns involving rectangles, circles, triangles, ovals and squares","What shapes can you identify in your environment?","Learners sort and group items by shape, identify rectangles, circles, triangles, ovals, and squares in the classroom and environment, discuss the lines that form shapes, and make patterns using the fi","Learners sort and group items by shape, identify rectangles, circles, triangles, ovals, and squares in the classroom and environment, discuss the lines that form shapes, and make patterns using the fi","Geometry & Patterns","3.2 Shapes","mathematics-source-extended.csv","TODO: Victor to provide","TODO: Victor to provide","shape cutouts, real objects, pattern blocks","identifying shapes, sorting, pattern creation","TODO: Victor to provide","identify-shape / complete-pattern","5 basic shapes, simple patterns","YES - needs human approval","YES - per topic guidance","new-needs-generation","YES","NO - awaiting source pack completion"