lessonId,title,slug,subject,strand,subStrand,learningOutcome,status,journeySource,pubStepCount,draftStepCount,pubSeverity,draftSeverity,worstSeverity,pubFlags,draftFlags,sampleText
"ed0039bc-67b7-4c7f-ba0b-76cc80030328","Counting Numbers to 100","g2-mathematics-counting-numbers-to-100","Mathematics","Numbers","Whole Numbers","Count numbers up to 100","PUBLISHED","both","10","10","likely_clean","likely_clean","likely_clean","GENERIC: ""are you ready""","GENERIC: ""are you ready""","hello friend! i am owl, your math teacher. today we will learn to count all the way up to 10! then we will count even more to 100. let us start with counting things you see every day, like fruits and "
"8019d7fd-a1a2-417d-9822-d70a676847d0","Counting to 100 *Soh","g2-mathematics-counting-to-100","Mathematics","Number Concept","Counting","Learners should be able to count objects up to 100","PUBLISHED","draft","","10","empty","clean","clean","","",""
"735967a1-3851-4f8a-8d99-1e66084f54d9","Following Simple Instructions","following-simple-instructions","English Language Activities","1.0 Listening","1.1 Listen to Instructions and Questions","Listen attentively to simple sequenced instructions","PUBLISHED","both","10","10","suspicious","suspicious","suspicious","GENERIC: ""here is what you need to know""; GENERIC: ""we use this every day""; GENERIC: ""take a moment to think""; GENERIC: ""are you ready""; GENERIC: ""pay attention""; GENERIC: ""listen carefully""","GENERIC: ""here is what you need to know""; GENERIC: ""we use this every day""; GENERIC: ""take a moment to think""; GENERIC: ""are you ready""; GENERIC: ""pay attention""; GENERIC: ""listen carefully""","hello! today we will learn about listening skills together. hello, friend! today we are going to learn about listening skills through instructions. are you ready? welcome! our mission is to learn abou"
"9a219337-a69f-41db-a669-75912da17498","Observing Today’s Weather","g2-environmental-observing-today-s-weather","Environmental","Environment and its resources","1.1 Weather — responding, recording and interpreting weather conditions","By the end of the lesson, the learner should be able to identify weather conditions, respond safely, record weather usin","PUBLISHED","none","","","empty","empty","empty","","",""
"6e8019ea-b088-41fb-b4e6-71586d03f937","Kutamka sauti /g/, /d/, /j/ na /r/","g2-kiswahili-kutamka-sauti-g-d-j-na-r","Kiswahili","Sauti na Herufi","Shuleni — Sauti na majina ya herufi za Kiswahili","By the end of the lesson, the learner should be able to: pronounce target Kiswahili one-letter sounds /g/, /d/, /j/ and ","PUBLISHED","none","","","empty","empty","empty","","",""
"78a3a720-af76-4c2e-8729-c5ef1421eded","Multiplication as Repeated Addition with 2s and 3s","g2-mathematics-multiplication-as-repeated-addition-with-2s-and-3s","Mathematics","Numbers","Multiplication","By the end of the lesson, the learner should be able to represent multiplication as repeated addition using equal groups","PUBLISHED","draft","","10","empty","clean","clean","","",""
"e0000001-0000-0000-0000-000000000001","Counting by Ones","counting-ones-g2","Mathematics","","","","PUBLISHED","legacy","","","legacy","legacy","legacy","","",""
"e3d5c103-6103-4874-815c-00a0e9c3da95","Naming Animals and Body Parts Used for Hopping","g2-movement-naming-animals-and-body-parts-used-for-hopping","Movement","Movement: Basic Movement Skills","1.1 Locomotor Skills: Hopping — 12 official lesson(s)","By the end of the lesson, the learner should be able to name body parts used when hopping, perform hopping in different ","PUBLISHED","none","","","empty","empty","empty","","",""
"377e0d32-066d-4bb2-8fb3-a3c790989905","Reading Numbers 1 to 50 in Symbols","g2-mathematics-reading-numbers-1-to-50-in-symbols","Mathematics","Numbers","1.1 Number Concept","By the end of the lesson, the learner should be able to: read numbers 1-100 in symbols","PUBLISHED","both","10","10","contaminated","contaminated","contaminated","FORBIDDEN: ""reading comprehension""; FORBIDDEN: ""read a short passage""; FORBIDDEN: ""good readers""; FORBIDDEN: ""words say""; FORBIDDEN: ""what did you learn about reading""; GENERIC: ""here is what you need to know""; GENERIC: ""we use this every day""; GENERIC: ""take a moment to think""; GENERIC: ""are you ready""; GENERIC: ""listen carefully""; REFLECTION_MISMATCH: Math asks about reading","FORBIDDEN: ""reading comprehension""; FORBIDDEN: ""read a short passage""; FORBIDDEN: ""good readers""; FORBIDDEN: ""words say""; FORBIDDEN: ""what did you learn about reading""; GENERIC: ""here is what you need to know""; GENERIC: ""we use this every day""; GENERIC: ""take a moment to think""; GENERIC: ""are you ready""; GENERIC: ""listen carefully""; REFLECTION_MISMATCH: Math asks about reading","hello! today we will learn about reading comprehension together. hello, friend! today we are going to learn about reading comprehension through reading. are you ready? welcome! our mission is to learn"
"98a1cc05-2de8-4b71-b85f-21bd4caad2c0","School: Listening for Key Ideas","g2-english-school-listening-for-key-ideas","English","Listening and Speaking","1.1 Attentive Listening — School: The verb to be: was and were","By the end of the lesson, the learner should be able to: listen attentively, respond to simple two-directional instructi","PUBLISHED","both","10","10","suspicious","suspicious","suspicious","GENERIC: ""here is what you need to know""; GENERIC: ""we use this every day""; GENERIC: ""take a moment to think""; GENERIC: ""are you ready""; GENERIC: ""pay attention""; GENERIC: ""listen carefully""","GENERIC: ""here is what you need to know""; GENERIC: ""we use this every day""; GENERIC: ""take a moment to think""; GENERIC: ""are you ready""; GENERIC: ""pay attention""; GENERIC: ""listen carefully""","hello! today we will learn about listening skills together. hello, friend! today we are going to learn about listening skills through school. are you ready? welcome! our mission is to learn about list"
"2fbf6938-cad5-4f67-bb24-86286b188920","What Is Breakfast?","g2-hygiene-nutrition-what-is-breakfast","Hygiene & Nutrition","Health Practices","1.1 Importance of Breakfast — 3 official lesson(s)","By the end of the lesson, the learner should be able to explain the meaning of breakfast, identify when breakfast is tak","PUBLISHED","none","","","empty","empty","empty","","",""
"e0000004-0000-0000-0000-000000000004","Adding Within 20","adding-within-20-g2","Mathematics","","","","PUBLISHED","legacy","","","legacy","legacy","legacy","","",""
"95b7d152-18ab-4e3e-8114-19742f6839a0","Measuring Length in Metres/m","g2-mathematics-measuring-length-in-metres","Mathematics","Measurement","Length","By the end of the lesson, the learner should be able to measure the length of classroom objects using fixed units, ident","PUBLISHED","both","10","10","suspicious","suspicious","suspicious","QC_NO_CORRECT_INDEX","QC_NO_CORRECT_INDEX","hi there! i'm owl, and i'm so excited to go on this measuring adventure with you. we'll discover how long things really are using metres! hello, friend! today we are going to be length detectives. we "
"f9dd1dbb-250d-4591-af46-ad35e335d40c","Comparing Numbers","g2-mathematics-comparing-numbers","Mathematics","Numbers","Whole Numbers","Compare numbers","PUBLISHED","published","10","","likely_clean","empty","likely_clean","GENERIC: ""take a moment to think""","","hello, little star! i am so happy to learn with you today. we are going to play a fun game of comparing. don't worry if it feels tricky at first — i will be right here to help you every step of the wa"
"e0000002-0000-0000-0000-000000000002","Counting by Tens","counting-tens-g2","Mathematics","","","","PUBLISHED","legacy","","","legacy","legacy","legacy","","",""
"72ab18ad-c642-4810-9530-432acb24919b","Watching and Discussing Safe Hopping Movements","g2-movement-watching-and-discussing-safe-hopping-movements","Movement","Movement: Basic Movement Skills","1.1 Locomotor Skills: Hopping — 12 official lesson(s)","By the end of the lesson, the learner should be able to name body parts used when hopping, perform hopping in different ","PUBLISHED","none","","","empty","empty","empty","","",""
"f4e26358-b2e5-4612-a111-2f0255c39b8a","Responding to Questions","responding-to-questions","English Language Activities","1.0 Listening","1.1 Listen to Instructions and Questions","Use appropriate non-verbal communication cues to indicate understanding of questions and instructions","PUBLISHED","both","10","10","suspicious","suspicious","suspicious","GENERIC: ""here is what you need to know""; GENERIC: ""we use this every day""; GENERIC: ""take a moment to think""; GENERIC: ""are you ready""; GENERIC: ""pay attention""; GENERIC: ""listen carefully""","GENERIC: ""here is what you need to know""; GENERIC: ""we use this every day""; GENERIC: ""take a moment to think""; GENERIC: ""are you ready""; GENERIC: ""pay attention""; GENERIC: ""listen carefully""","hello! today we will learn about listening skills together. hello, friend! today we are going to learn about listening skills through questions. are you ready? welcome! our mission is to learn about l"
"91d8d7eb-51d1-49b6-b4b9-539bcf12eef0","Foods and Drinks We Take in the Morning","g2-hygiene-nutrition-foods-and-drinks-we-take-in-the-morning","Hygiene & Nutrition","Health Practices","1.1 Importance of Breakfast — 3 official lesson(s)","By the end of the lesson, the learner should be able to explain the meaning of breakfast, identify when breakfast is tak","PUBLISHED","none","","","empty","empty","empty","","",""
"e0000005-0000-0000-0000-000000000005","Word Problems","word-problems-g2","Mathematics","","","","PUBLISHED","legacy","","","legacy","legacy","legacy","","",""
"5986360b-cbee-419c-a721-615fc08bf6e5","Naming Sunny, Windy, Cloudy, Calm and Rainy Weather","g2-environmental-naming-sunny-windy-cloudy-calm-and-rainy-weather","Environmental","Environment and its resources","1.1 Weather — responding, recording and interpreting weather conditions","By the end of the lesson, the learner should be able to identify weather conditions, respond safely, record weather usin","PUBLISHED","none","","","empty","empty","empty","","",""
"a97ab36c-9ad2-428d-832f-e688bea73382","Reading Numbers 51 to 100 in Symbols","g2-mathematics-reading-numbers-51-to-100-in-symbols","Mathematics","Numbers","1.1 Number Concept","By the end of the lesson, the learner should be able to: represent numbers 1-100 using concrete objects in the environme","PUBLISHED","draft","","10","empty","clean","clean","","",""
"cecd2cf3-8be7-4838-898c-28feadb78c86","School: Vocabulary and Pronunciation","g2-english-school-vocabulary-and-pronunciation","English","Listening and Speaking","1.2 Pronunciation and Vocabulary — School: The verb to be: was and were","By the end of the lesson, the learner should be able to: recognise consonant blends, pronounce theme vocabulary correctl","PUBLISHED","both","10","10","suspicious","suspicious","suspicious","GENERIC: ""here is what you need to know""; GENERIC: ""we use this every day""; GENERIC: ""take a moment to think""; GENERIC: ""are you ready""; GENERIC: ""listen carefully""","GENERIC: ""here is what you need to know""; GENERIC: ""we use this every day""; GENERIC: ""take a moment to think""; GENERIC: ""are you ready""; GENERIC: ""listen carefully""","hello! today we will learn about vocabulary together. hello, friend! today we are going to learn about vocabulary through school. are you ready? welcome! our mission is to learn about vocabulary. lear"
"e23ddac2-b3c0-4a5b-a268-b07caa886dae","Kutambua herufi g, d, j na r kwenye maneno","g2-kiswahili-kutambua-herufi-g-d-j-na-r-kwenye-maneno","Kiswahili","Sauti na Herufi","Shuleni — Sauti na majina ya herufi za Kiswahili","By the end of the lesson, the learner should be able to: recognise the letters that represent the target sounds in simpl","PUBLISHED","none","","","empty","empty","empty","","",""
"7467dbf9-30e0-40ac-be82-79604abe93d3","Why Breakfast Is an Important Healthy Habit","g2-hygiene-nutrition-why-breakfast-is-an-important-healthy-habit","Hygiene & Nutrition","Health Practices","1.1 Importance of Breakfast — 3 official lesson(s)","By the end of the lesson, the learner should be able to explain the meaning of breakfast, identify when breakfast is tak","PUBLISHED","none","","","empty","empty","empty","","",""
"e0000003-0000-0000-0000-000000000003","Reading and Writing Numbers","reading-writing-numbers-g2","Mathematics","","","","PUBLISHED","legacy","","","legacy","legacy","legacy","","",""
"4dfa0142-b4da-4da8-89b3-4c17dc6118d3","Responding Safely to Hot Weather","g2-environmental-responding-safely-to-hot-weather","Environmental","Environment and its resources","1.1 Weather — responding, recording and interpreting weather conditions","By the end of the lesson, the learner should be able to identify weather conditions, respond safely, record weather usin","PUBLISHED","none","","","empty","empty","empty","","",""
"87237a2e-c253-465e-aac9-0db3ae2ee610","Syllables in Words","syllables-in-words","English Language Activities","1.0 Listening","1.2 Word and Sentence Formation","Identify the number of syllables in a word","PUBLISHED","both","10","10","suspicious","suspicious","suspicious","GENERIC: ""here is what you need to know""; GENERIC: ""we use this every day""; GENERIC: ""take a moment to think""; GENERIC: ""are you ready""; GENERIC: ""listen carefully""","GENERIC: ""here is what you need to know""; GENERIC: ""we use this every day""; GENERIC: ""take a moment to think""; GENERIC: ""are you ready""; GENERIC: ""listen carefully""","hello! today we will learn about vocabulary together. hello, friend! today we are going to learn about vocabulary through word skills. are you ready? welcome! our mission is to learn about vocabulary."
"fc499e63-cbda-4217-a64a-ae9da9a24205","Demonstrating Understanding of Instructions","demonstrating-understanding-of-instructions","English Language Activities","1.0 Listening","1.1 Listen to Instructions and Questions","Demonstrate an understanding of a set of instructions through appropriate responses","PUBLISHED","both","10","10","suspicious","suspicious","suspicious","GENERIC: ""here is what you need to know""; GENERIC: ""we use this every day""; GENERIC: ""take a moment to think""; GENERIC: ""are you ready""; GENERIC: ""pay attention""; GENERIC: ""listen carefully""","GENERIC: ""here is what you need to know""; GENERIC: ""we use this every day""; GENERIC: ""take a moment to think""; GENERIC: ""are you ready""; GENERIC: ""pay attention""; GENERIC: ""listen carefully""","hello! today we will learn about listening skills together. hello, friend! today we are going to learn about listening skills through instructions. are you ready? welcome! our mission is to learn abou"
"20ed6cca-3c3b-4024-ac7e-984823f1c234","Hopping Forward and Backward Safely","g2-movement-hopping-forward-and-backward-safely","Movement","Movement: Basic Movement Skills","1.1 Locomotor Skills: Hopping — 12 official lesson(s)","By the end of the lesson, the learner should be able to name body parts used when hopping, perform hopping in different ","PUBLISHED","none","","","empty","empty","empty","","",""
"e4f13506-90e7-4a14-b887-51244e5f5e12","School: The verb to be: was and were","g2-english-school-the-verb-to-be-was-and-were","English","Listening and Speaking","1.3 Language Structures and Functions — School: The verb to be: was and were","By the end of the lesson, the learner should be able to: use the past forms of the verb to be correctly when talking abo","PUBLISHED","both","10","10","suspicious","suspicious","suspicious","GENERIC: ""here is what you need to know""; GENERIC: ""we use this every day""; GENERIC: ""take a moment to think""; GENERIC: ""are you ready""; GENERIC: ""pay attention""; GENERIC: ""listen carefully""","GENERIC: ""here is what you need to know""; GENERIC: ""we use this every day""; GENERIC: ""take a moment to think""; GENERIC: ""are you ready""; GENERIC: ""pay attention""; GENERIC: ""listen carefully""","hello! today we will learn about listening skills together. hello, friend! today we are going to learn about listening skills through school. are you ready? welcome! our mission is to learn about list"
"bc4a1378-6dff-4dd3-9fbb-0f5b7e9a631e","Representing Numbers 1 to 50 Using Concrete Objects","g2-mathematics-representing-numbers-1-to-50-using-concrete-objects","Mathematics","Numbers","1.1 Number Concept","By the end of the lesson, the learner should be able to: represent numbers 1-100 using concrete objects in the environme","PUBLISHED","draft","","10","empty","clean","clean","","",""
"b4130ea8-b7a0-4e57-9574-8354cf7cd146","Kusoma silabi na maneno yenye g, d, j na r","g2-kiswahili-kusoma-silabi-na-maneno-yenye-g-d-j-na-r","Kiswahili","Sauti na Herufi","Shuleni — Silabi na maneno yenye sauti lengwa","By the end of the lesson, the learner should be able to: blend syllables to read simple words containing the target soun","PUBLISHED","none","","","empty","empty","empty","","",""
"4c27e810-25cd-42a3-9026-e716b17e59e9","Representing Numbers 51 to 100 Using Concrete Objects","g2-mathematics-representing-numbers-51-to-100-using-concrete-objects","Mathematics","Numbers","1.1 Number Concept","By the end of the lesson, the learner should be able to: represent numbers 1-100 using concrete objects in the environme","PUBLISHED","both","10","10","contaminated","contaminated","contaminated","FORBIDDEN: ""reading comprehension""; FORBIDDEN: ""read a short passage""; FORBIDDEN: ""good readers""; FORBIDDEN: ""words say""; FORBIDDEN: ""what did you learn about reading""; GENERIC: ""here is what you need to know""; GENERIC: ""this is an example sentence""; GENERIC: ""we use this every day""; GENERIC: ""take a moment to think""; GENERIC: ""are you ready""; GENERIC: ""listen carefully""; REFLECTION_MISMATCH: Math asks about reading","FORBIDDEN: ""reading comprehension""; FORBIDDEN: ""read a short passage""; FORBIDDEN: ""good readers""; FORBIDDEN: ""words say""; FORBIDDEN: ""what did you learn about reading""; GENERIC: ""here is what you need to know""; GENERIC: ""this is an example sentence""; GENERIC: ""we use this every day""; GENERIC: ""take a moment to think""; GENERIC: ""are you ready""; GENERIC: ""listen carefully""; REFLECTION_MISMATCH: Math asks about reading","hello! today we will learn about reading comprehension together. hello, friend! today we are going to learn about reading comprehension through everyday life. are you ready? welcome! our mission is to"
"8d2866fb-6f4a-4734-9ebe-187bb2f0cfe4","Good Oral Habits for Healthy Teeth","g2-hygiene-nutrition-good-oral-habits-for-healthy-teeth","Hygiene & Nutrition","Health Practices","1.2 Oral Hygiene — 4 official lesson(s)","By the end of the lesson, the learner should be able to identify good oral habits, identify harmful oral habits, practis","PUBLISHED","none","","","empty","empty","empty","","",""
"95f72b5f-cd3e-41bb-9e57-fdc655e3185d","Hopping to the Right and Left","g2-movement-hopping-to-the-right-and-left","Movement","Movement: Basic Movement Skills","1.1 Locomotor Skills: Hopping — 12 official lesson(s)","By the end of the lesson, the learner should be able to name body parts used when hopping, perform hopping in different ","PUBLISHED","none","","","empty","empty","empty","","",""
"e2fec405-b50a-47ff-8648-ca2a779c26a4","Conventions of Instructions and Questions","conventions-of-instructions-and-questions","English Language Activities","1.0 Listening","1.1 Listen to Instructions and Questions","Demonstrate conventions of giving instructions and asking questions","PUBLISHED","both","10","10","suspicious","suspicious","suspicious","GENERIC: ""here is what you need to know""; GENERIC: ""we use this every day""; GENERIC: ""take a moment to think""; GENERIC: ""are you ready""; GENERIC: ""pay attention""; GENERIC: ""listen carefully""","GENERIC: ""here is what you need to know""; GENERIC: ""we use this every day""; GENERIC: ""take a moment to think""; GENERIC: ""are you ready""; GENERIC: ""pay attention""; GENERIC: ""listen carefully""","hello! today we will learn about listening skills together. hello, friend! today we are going to learn about listening skills through instructions. are you ready? welcome! our mission is to learn abou"
"ef1b95cd-fea0-422e-9704-a27b87534167","School: Reading Short Texts","g2-english-school-reading-short-texts","English","Reading","2.2 Letter-Sound Knowledge / 2.3 Word Reading / 2.4 Fluency — School: The verb to be: was and were","By the end of the lesson, the learner should be able to: read grade-level words and short connected texts related to the","PUBLISHED","both","10","10","suspicious","suspicious","suspicious","GENERIC: ""here is what you need to know""; GENERIC: ""we use this every day""; GENERIC: ""take a moment to think""; GENERIC: ""are you ready""; GENERIC: ""listen carefully""","GENERIC: ""here is what you need to know""; GENERIC: ""we use this every day""; GENERIC: ""take a moment to think""; GENERIC: ""are you ready""; GENERIC: ""listen carefully""","hello! today we will learn about reading comprehension together. hello, friend! today we are going to learn about reading comprehension through school. are you ready? welcome! our mission is to learn "
"4fa6c06e-4abf-41c4-84ba-880e82b1987d","Responding Safely to Cold and Rainy Weather","g2-environmental-responding-safely-to-cold-and-rainy-weather","Environmental","Environment and its resources","1.1 Weather — responding, recording and interpreting weather conditions","By the end of the lesson, the learner should be able to identify weather conditions, respond safely, record weather usin","PUBLISHED","none","","","empty","empty","empty","","",""
"927c8769-c466-496f-b9cc-56f06d6c12c2","Words that Rhyme","words-that-rhyme","English Language Activities","1.0 Listening","1.2 Word and Sentence Formation","Recognize words with similar sounds and combine words to make simple sentences","PUBLISHED","both","10","10","suspicious","suspicious","suspicious","GENERIC: ""here is what you need to know""; GENERIC: ""we use this every day""; GENERIC: ""take a moment to think""; GENERIC: ""are you ready""; GENERIC: ""listen carefully""","GENERIC: ""here is what you need to know""; GENERIC: ""we use this every day""; GENERIC: ""take a moment to think""; GENERIC: ""are you ready""; GENERIC: ""listen carefully""","hello! today we will learn about vocabulary together. hello, friend! today we are going to learn about vocabulary through word skills. are you ready? welcome! our mission is to learn about vocabulary."
"c679949d-6c7c-49a5-b577-ac1b73eca3f6","Maamkuzi ya asubuhi, mchana na jioni","g2-kiswahili-maamkuzi-ya-asubuhi-mchana-na-jioni","Kiswahili","Kusikiliza na Kuzungumza","Shuleni — Maamkuzi ya nyakati za siku","By the end of the lesson, the learner should be able to: use greetings for different times of the day appropriately at s","PUBLISHED","none","","","empty","empty","empty","","",""
"126fe478-acba-42d4-af6f-7fdb7e300eed","School: Writing Words and Sentences","g2-english-school-writing-words-and-sentences","English","Writing","3.2 Handwriting / 3.3 Spelling / 3.5 Guided Writing — School: The verb to be: was and were","By the end of the lesson, the learner should be able to: spell theme words, write legibly, and write simple meaningful s","PUBLISHED","both","10","10","suspicious","suspicious","suspicious","GENERIC: ""here is what you need to know""; GENERIC: ""we use this every day""; GENERIC: ""take a moment to think""; GENERIC: ""are you ready""; GENERIC: ""listen carefully""","GENERIC: ""here is what you need to know""; GENERIC: ""we use this every day""; GENERIC: ""take a moment to think""; GENERIC: ""are you ready""; GENERIC: ""listen carefully""","hello! today we will learn about writing skills together. hello, friend! today we are going to learn about writing skills through school. are you ready? welcome! our mission is to learn about writing "
"08cfcf1e-6f30-4488-909d-a79abb67807d","Hopping in Straight and Curved Pathways","g2-movement-hopping-in-straight-and-curved-pathways","Movement","Movement: Basic Movement Skills","1.1 Locomotor Skills: Hopping — 12 official lesson(s)","By the end of the lesson, the learner should be able to name body parts used when hopping, perform hopping in different ","PUBLISHED","none","","","empty","empty","empty","","",""
"239becec-4f84-4e38-8169-a0bc72730d5f","Counting Numbers 1 to 100 Forward","g2-mathematics-counting-numbers-1-to-100-forward","Mathematics","Numbers","1.1 Number Concept","By the end of the lesson, the learner should be able to: represent numbers 1-100 using concrete objects in the environme","PUBLISHED","draft","","10","empty","clean","clean","","",""
"f74a8203-d467-49c2-8de9-fae72d10c7bc","Harmful Oral Habits That Damage Teeth","g2-hygiene-nutrition-harmful-oral-habits-that-damage-teeth","Hygiene & Nutrition","Health Practices","1.2 Oral Hygiene — 4 official lesson(s)","By the end of the lesson, the learner should be able to identify good oral habits, identify harmful oral habits, practis","PUBLISHED","none","","","empty","empty","empty","","",""
"b668eedd-fe0f-4d59-8e3f-1aaa5509f4fb","Msamiati wa vifaa na watu shuleni","g2-kiswahili-msamiati-wa-vifaa-na-watu-shuleni","Kiswahili","Msamiati","Shuleni — Msamiati wa shule","By the end of the lesson, the learner should be able to: name school people and objects in Kiswahili and use the words i","PUBLISHED","none","","","empty","empty","empty","","",""
"a7c225a9-20ea-469a-a7f4-0cae63934703","Weather Safety Skit: What Should We Do?","g2-environmental-weather-safety-skit-what-should-we-do","Environmental","Environment and its resources","1.1 Weather — responding, recording and interpreting weather conditions","By the end of the lesson, the learner should be able to identify weather conditions, respond safely, record weather usin","PUBLISHED","both","10","10","suspicious","suspicious","suspicious","GENERIC: ""here is what you need to know""; GENERIC: ""take a moment to think""; GENERIC: ""are you ready""","GENERIC: ""here is what you need to know""; GENERIC: ""take a moment to think""; GENERIC: ""are you ready""","hello! i am owl. let us learn about what should we do together! hello, friend! today we will learn about what should we do. are you ready? welcome! our mission is to explore what should we do together"
"a7b40eae-1f83-4eb0-9a36-9eaf37e20531","Listening to Stories","listening-to-stories","English Language Activities","1.0 Listening","1.3 Storytelling","Develop vocabulary through listening to stories and show empathy with people, places, and things","PUBLISHED","both","10","10","suspicious","suspicious","suspicious","GENERIC: ""here is what you need to know""; GENERIC: ""we use this every day""; GENERIC: ""take a moment to think""; GENERIC: ""are you ready""; GENERIC: ""pay attention""; GENERIC: ""listen carefully""","GENERIC: ""here is what you need to know""; GENERIC: ""we use this every day""; GENERIC: ""take a moment to think""; GENERIC: ""are you ready""; GENERIC: ""pay attention""; GENERIC: ""listen carefully""","hello! today we will learn about listening skills together. hello, friend! today we are going to learn about listening skills through stories. are you ready? welcome! our mission is to learn about lis"
"ab1aeaeb-51d2-4f78-963c-2b58128d01e3","Kusoma hadithi fupi kuhusu shuleni","g2-kiswahili-kusoma-hadithi-fupi-kuhusu-shuleni","Kiswahili","Kusoma","Shuleni — Hadithi","By the end of the lesson, the learner should be able to: read a short story about school and answer simple oral comprehe","PUBLISHED","none","","","empty","empty","empty","","",""
"04a80f76-bf67-4c8c-b3f0-183a3b205e16","Counting Numbers 1 to 100 Backward","g2-mathematics-counting-numbers-1-to-100-backward","Mathematics","Numbers","1.1 Number Concept","By the end of the lesson, the learner should be able to: represent numbers 1-100 using concrete objects in the environme","PUBLISHED","draft","","10","empty","clean","clean","","",""
"1b6fce1c-968f-4271-a117-5f00098a3fe0","Hopping in Circular and Zigzag Pathways","g2-movement-hopping-in-circular-and-zigzag-pathways","Movement","Movement: Basic Movement Skills","1.1 Locomotor Skills: Hopping — 12 official lesson(s)","By the end of the lesson, the learner should be able to name body parts used when hopping, perform hopping in different ","PUBLISHED","none","","","empty","empty","empty","","",""
"f7d0eb95-37ce-42d2-a3aa-4feca6c0c5cd","Describing Weather at Different Times of Day","g2-environmental-describing-weather-at-different-times-of-day","Environmental","Environment and its resources","1.1 Weather — responding, recording and interpreting weather conditions","By the end of the lesson, the learner should be able to identify weather conditions, respond safely, record weather usin","PUBLISHED","none","","","empty","empty","empty","","",""
"d6ac159e-1d99-4999-8151-3c052e2f097b","School: Integrated Review and Assessment","g2-english-school-integrated-review-and-assessment","English","Integrated English Practice","Integrated Review and Formative Assessment — School: The verb to be: was and were","By the end of the lesson, the learner should be able to: use listening, speaking, reading and writing skills together to","PUBLISHED","both","10","10","suspicious","suspicious","suspicious","GENERIC: ""here is what you need to know""; GENERIC: ""we use this every day""; GENERIC: ""take a moment to think""; GENERIC: ""are you ready""; GENERIC: ""listen carefully""","GENERIC: ""here is what you need to know""; GENERIC: ""we use this every day""; GENERIC: ""take a moment to think""; GENERIC: ""are you ready""; GENERIC: ""listen carefully""","hello! today we will learn about grammar together. hello, friend! today we are going to learn about grammar through school. are you ready? welcome! our mission is to learn about grammar. use the right"
"9e3a4c55-28f2-4901-b650-e2214d1ca297","Retelling Stories","retelling-stories","English Language Activities","1.0 Listening","1.3 Storytelling","Recount key details of a story and retell it; appreciate morals taught through different thematic stories","PUBLISHED","both","10","10","suspicious","suspicious","suspicious","GENERIC: ""here is what you need to know""; GENERIC: ""we use this every day""; GENERIC: ""take a moment to think""; GENERIC: ""are you ready""; GENERIC: ""pay attention""; GENERIC: ""listen carefully""","GENERIC: ""here is what you need to know""; GENERIC: ""we use this every day""; GENERIC: ""take a moment to think""; GENERIC: ""are you ready""; GENERIC: ""pay attention""; GENERIC: ""listen carefully""","hello! today we will learn about listening skills together. hello, friend! today we are going to learn about listening skills through stories. are you ready? welcome! our mission is to learn about lis"
"9b5b9a9b-6c0a-4a16-89be-8fcd52aa666f","Keeping a Brushing Record","g2-hygiene-nutrition-keeping-a-brushing-record","Hygiene & Nutrition","Health Practices","1.2 Oral Hygiene — 4 official lesson(s)","By the end of the lesson, the learner should be able to identify good oral habits, identify harmful oral habits, practis","PUBLISHED","none","","","empty","empty","empty","","",""
"ba61386e-a890-4cdc-9537-cf5fa2b0863c","Kusoma nambari 11-50 kwa Kiswahili","g2-kiswahili-kusoma-nambari-11-50-kwa-kiswahili","Kiswahili","Msamiati","Shuleni — Nambari 11-50","By the end of the lesson, the learner should be able to: read number names from eleven to fifty in Kiswahili.","PUBLISHED","none","","","empty","empty","empty","","",""
"7e886e8a-9486-430f-b035-12909bd581a6","Filling in Missing Numbers 1 to 50","g2-mathematics-filling-in-missing-numbers-1-to-50","Mathematics","Numbers","1.1 Number Concept","By the end of the lesson, the learner should be able to: represent numbers 1-100 using concrete objects in the environme","PUBLISHED","draft","","10","empty","likely_clean","likely_clean","","GENERIC: ""listen carefully""",""
"3b3080e4-d232-4f15-b8bb-48bc74a59f87","Drawing Simple Weather Symbols","g2-environmental-drawing-simple-weather-symbols","Environmental","Environment and its resources","1.1 Weather — responding, recording and interpreting weather conditions","By the end of the lesson, the learner should be able to identify weather conditions, respond safely, record weather usin","PUBLISHED","none","","","empty","empty","empty","","",""
"6f63b8a6-4b8c-4b10-bd24-4a86998962d1","Activities in the Home: Listening for Key Ideas","g2-english-activities-in-the-home-listening-for-key-ideas","English","Listening and Speaking","1.1 Attentive Listening — Activities in the Home: Subject-verb agreement: was and were","By the end of the lesson, the learner should be able to: listen attentively, respond to simple two-directional instructi","PUBLISHED","both","10","10","suspicious","suspicious","suspicious","GENERIC: ""here is what you need to know""; GENERIC: ""we use this every day""; GENERIC: ""take a moment to think""; GENERIC: ""are you ready""; GENERIC: ""pay attention""; GENERIC: ""listen carefully""","GENERIC: ""here is what you need to know""; GENERIC: ""we use this every day""; GENERIC: ""take a moment to think""; GENERIC: ""are you ready""; GENERIC: ""pay attention""; GENERIC: ""listen carefully""","hello! today we will learn about listening skills together. hello, friend! today we are going to learn about listening skills through activities in the home. are you ready? welcome! our mission is to "
"80a53a09-9731-4228-93fd-5500629668a2","Listening with Attention","listening-with-attention","English Language Activities","1.0 Listening","1.4 Effective Communication","Listen with increased attention to rhymes, songs, conversations and stories","PUBLISHED","both","10","10","suspicious","suspicious","suspicious","GENERIC: ""here is what you need to know""; GENERIC: ""this is an example sentence""; GENERIC: ""we use this every day""; GENERIC: ""take a moment to think""; GENERIC: ""are you ready""; GENERIC: ""pay attention""; GENERIC: ""listen carefully""","GENERIC: ""here is what you need to know""; GENERIC: ""this is an example sentence""; GENERIC: ""we use this every day""; GENERIC: ""take a moment to think""; GENERIC: ""are you ready""; GENERIC: ""pay attention""; GENERIC: ""listen carefully""","hello! today we will learn about listening skills together. hello, friend! today we are going to learn about listening skills through everyday life. are you ready? welcome! our mission is to learn abo"
"ff88b988-0c22-46d9-8cfb-69395eab4111","Hopping at Low, Medium and High Levels","g2-movement-hopping-at-low-medium-and-high-levels","Movement","Movement: Basic Movement Skills","1.1 Locomotor Skills: Hopping — 12 official lesson(s)","By the end of the lesson, the learner should be able to name body parts used when hopping, perform hopping in different ","PUBLISHED","none","","","empty","empty","empty","","",""
"d2bb777d-68d0-42d7-9836-73b1aba6a0b8","Oral Hygiene Review: Caring for My Teeth","g2-hygiene-nutrition-oral-hygiene-review-caring-for-my-teeth","Hygiene & Nutrition","Health Practices","1.2 Oral Hygiene — 4 official lesson(s)","By the end of the lesson, the learner should be able to identify good oral habits, identify harmful oral habits, practis","PUBLISHED","both","10","10","suspicious","suspicious","suspicious","GENERIC: ""here is what you need to know""; GENERIC: ""take a moment to think""; GENERIC: ""are you ready""","GENERIC: ""here is what you need to know""; GENERIC: ""take a moment to think""; GENERIC: ""are you ready""","hello! i am owl. let us learn about caring for my teeth together! hello, friend! today we will learn about caring for my teeth. are you ready? welcome! our mission is to explore caring for my teeth to"
"585a6182-8bf9-49d3-b74b-f9998654eecb","Kuandika majina ya nambari 11-50","g2-kiswahili-kuandika-majina-ya-nambari-11-50","Kiswahili","Kuandika","Shuleni — Nambari 11-50","By the end of the lesson, the learner should be able to: write selected number names from eleven to fifty accurately and","PUBLISHED","none","","","empty","empty","empty","","",""
"853782ed-f7d2-4536-9665-cab6f525dbff","Filling in Missing Numbers 51 to 100","g2-mathematics-filling-in-missing-numbers-51-to-100","Mathematics","Numbers","1.1 Number Concept","By the end of the lesson, the learner should be able to: represent numbers 1-100 using concrete objects in the environme","PUBLISHED","draft","","10","empty","likely_clean","likely_clean","","GENERIC: ""listen carefully""",""
"40dd285c-37ef-47d7-b392-c49df3ab9514","Activities in the Home: Vocabulary and Pronunciation","g2-english-activities-in-the-home-vocabulary-and-pronunciation","English","Listening and Speaking","1.2 Pronunciation and Vocabulary — Activities in the Home: Subject-verb agreement: was and were","By the end of the lesson, the learner should be able to: recognise consonant blends, pronounce theme vocabulary correctl","PUBLISHED","both","10","10","suspicious","suspicious","suspicious","GENERIC: ""here is what you need to know""; GENERIC: ""we use this every day""; GENERIC: ""take a moment to think""; GENERIC: ""are you ready""; GENERIC: ""pay attention""; GENERIC: ""listen carefully""","GENERIC: ""here is what you need to know""; GENERIC: ""we use this every day""; GENERIC: ""take a moment to think""; GENERIC: ""are you ready""; GENERIC: ""pay attention""; GENERIC: ""listen carefully""","hello! today we will learn about listening skills together. hello, friend! today we are going to learn about listening skills through activities in the home. are you ready? welcome! our mission is to "
"a4fc636e-6152-4875-8f1c-9c8414bfcc25","Responding to Feelings and Ideas","responding-to-feelings-and-ideas","English Language Activities","1.0 Listening","1.4 Effective Communication","Listen to experiences of others and respond appropriately to the feelings and ideas expressed","PUBLISHED","both","10","10","suspicious","suspicious","suspicious","GENERIC: ""here is what you need to know""; GENERIC: ""we use this every day""; GENERIC: ""take a moment to think""; GENERIC: ""are you ready""; GENERIC: ""pay attention""; GENERIC: ""listen carefully""","GENERIC: ""here is what you need to know""; GENERIC: ""we use this every day""; GENERIC: ""take a moment to think""; GENERIC: ""are you ready""; GENERIC: ""pay attention""; GENERIC: ""listen carefully""","hello! today we will learn about listening skills together. hello, friend! today we are going to learn about listening skills through questions. are you ready? welcome! our mission is to learn about l"
"b5861e8b-5ffc-47fc-b47e-b2cfad91aa71","Rooms and Areas in a House","g2-hygiene-nutrition-rooms-and-areas-in-a-house","Hygiene & Nutrition","Health Practices","1.3 Use of Different Rooms in a House — 4 official lesson(s)","By the end of the lesson, the learner should be able to name rooms or areas in a house, mention their uses, identify equ","PUBLISHED","none","","","empty","empty","empty","","",""
"90eec968-1c32-42d9-98de-864f34997d26","Matching Weather Symbols to Weather Conditions","g2-environmental-matching-weather-symbols-to-weather-conditions","Environmental","Environment and its resources","1.1 Weather — responding, recording and interpreting weather conditions","By the end of the lesson, the learner should be able to identify weather conditions, respond safely, record weather usin","PUBLISHED","none","","","empty","empty","empty","","",""
"f4a610e5-6b91-4131-9dca-d0ffa31f922e","Making Shapes Through Hopping","g2-movement-making-shapes-through-hopping","Movement","Movement: Basic Movement Skills","1.1 Locomotor Skills: Hopping — 12 official lesson(s)","By the end of the lesson, the learner should be able to name body parts used when hopping, perform hopping in different ","PUBLISHED","none","","","empty","empty","empty","","",""
"0b7aed6a-86e4-45af-824c-19847debd91d","Activities in the Home: Subject-verb agreement: was and were","g2-english-activities-in-the-home-subject-verb-agreement-was-and-were","English","Listening and Speaking","1.3 Language Structures and Functions — Activities in the Home: Subject-verb agreement: was and were","By the end of the lesson, the learner should be able to: recognise and use correct subject-verb agreement in sentences a","PUBLISHED","both","10","10","suspicious","suspicious","suspicious","GENERIC: ""here is what you need to know""; GENERIC: ""we use this every day""; GENERIC: ""take a moment to think""; GENERIC: ""are you ready""; GENERIC: ""pay attention""; GENERIC: ""listen carefully""","GENERIC: ""here is what you need to know""; GENERIC: ""we use this every day""; GENERIC: ""take a moment to think""; GENERIC: ""are you ready""; GENERIC: ""pay attention""; GENERIC: ""listen carefully""","hello! today we will learn about listening skills together. hello, friend! today we are going to learn about listening skills through activities in the home. are you ready? welcome! our mission is to "
"3270ad29-e435-40d2-87a3-587dd1de7b4a","Making Letters Through Hopping","g2-movement-making-letters-through-hopping","Movement","Movement: Basic Movement Skills","1.1 Locomotor Skills: Hopping — 12 official lesson(s)","By the end of the lesson, the learner should be able to name body parts used when hopping, perform hopping in different ","PUBLISHED","none","","","empty","empty","empty","","",""
"262246f2-332c-4786-86ef-b106858acced","Uses of Different Rooms at Home","g2-hygiene-nutrition-uses-of-different-rooms-at-home","Hygiene & Nutrition","Health Practices","1.3 Use of Different Rooms in a House — 4 official lesson(s)","By the end of the lesson, the learner should be able to name rooms or areas in a house, mention their uses, identify equ","PUBLISHED","none","","","empty","empty","empty","","",""
"43b7a217-14dc-40df-bb4e-d2ba9e75d0b2","Kutumia -ako katika sentensi","g2-kiswahili-kutumia-ako-katika-sentensi","Kiswahili","Sarufi","Shuleni — Matumizi ya -ako na -enu","By the end of the lesson, the learner should be able to: use -ako correctly to show possession in simple Kiswahili sente","PUBLISHED","none","","","empty","empty","empty","","",""
"0964d029-c23e-453a-a4c4-fd48af9ab3d8","Listening in Conversations","listening-in-conversations","English Language Activities","1.0 Listening","1.5 Conversation","Listen to informational texts and pick out the key details; ask and answer relevant questions in a listening text","PUBLISHED","both","10","10","suspicious","suspicious","suspicious","GENERIC: ""here is what you need to know""; GENERIC: ""we use this every day""; GENERIC: ""take a moment to think""; GENERIC: ""are you ready""; GENERIC: ""pay attention""; GENERIC: ""listen carefully""","GENERIC: ""here is what you need to know""; GENERIC: ""we use this every day""; GENERIC: ""take a moment to think""; GENERIC: ""are you ready""; GENERIC: ""pay attention""; GENERIC: ""listen carefully""","hello! today we will learn about listening skills together. hello, friend! today we are going to learn about listening skills through conversation. are you ready? welcome! our mission is to learn abou"
"bc7cda0b-de66-4e48-9d90-b82a7e95daba","Recording Today’s Weather Using Symbols","g2-environmental-recording-today-s-weather-using-symbols","Environmental","Environment and its resources","1.1 Weather — responding, recording and interpreting weather conditions","By the end of the lesson, the learner should be able to identify weather conditions, respond safely, record weather usin","PUBLISHED","none","","","empty","empty","empty","","",""
"cfdd2c2e-c29d-4903-ab9b-cdb44037a8d0","Counting in 2s Forward up to 100","g2-mathematics-counting-in-2s-forward-up-to-100","Mathematics","Numbers","1.2 Whole Numbers","By the end of the lesson, the learner should be able to: count numbers forward and backward up to 100","PUBLISHED","both","10","10","contaminated","contaminated","contaminated","FORBIDDEN: ""reading comprehension""; FORBIDDEN: ""read a short passage""; FORBIDDEN: ""good readers""; FORBIDDEN: ""words say""; FORBIDDEN: ""what did you learn about reading""; GENERIC: ""here is what you need to know""; GENERIC: ""this is an example sentence""; GENERIC: ""we use this every day""; GENERIC: ""take a moment to think""; GENERIC: ""are you ready""; GENERIC: ""listen carefully""; REFLECTION_MISMATCH: Math asks about reading","FORBIDDEN: ""reading comprehension""; FORBIDDEN: ""read a short passage""; FORBIDDEN: ""good readers""; FORBIDDEN: ""words say""; FORBIDDEN: ""what did you learn about reading""; GENERIC: ""here is what you need to know""; GENERIC: ""this is an example sentence""; GENERIC: ""we use this every day""; GENERIC: ""take a moment to think""; GENERIC: ""are you ready""; GENERIC: ""listen carefully""; REFLECTION_MISMATCH: Math asks about reading","hello! today we will learn about reading comprehension together. hello, friend! today we are going to learn about reading comprehension through everyday life. are you ready? welcome! our mission is to"
"37ff4212-3981-40fc-82d4-594215f18374","Combining Levels, Pathways and Directions in Hopping","g2-movement-combining-levels-pathways-and-directions-in-hopping","Movement","Movement: Basic Movement Skills","1.1 Locomotor Skills: Hopping — 12 official lesson(s)","By the end of the lesson, the learner should be able to name body parts used when hopping, perform hopping in different ","PUBLISHED","none","","","empty","empty","empty","","",""
"53da2906-bebd-490c-b578-901057fc329b","Activities in the Home: Reading Short Texts","g2-english-activities-in-the-home-reading-short-texts","English","Reading","2.2 Letter-Sound Knowledge / 2.3 Word Reading / 2.4 Fluency — Activities in the Home: Subject-verb agreement: was and were","By the end of the lesson, the learner should be able to: read grade-level words and short connected texts related to the","PUBLISHED","both","10","10","suspicious","suspicious","suspicious","GENERIC: ""here is what you need to know""; GENERIC: ""we use this every day""; GENERIC: ""take a moment to think""; GENERIC: ""are you ready""; GENERIC: ""listen carefully""","GENERIC: ""here is what you need to know""; GENERIC: ""we use this every day""; GENERIC: ""take a moment to think""; GENERIC: ""are you ready""; GENERIC: ""listen carefully""","hello! today we will learn about reading comprehension together. hello, friend! today we are going to learn about reading comprehension through activities in the home. are you ready? welcome! our miss"
"02bdb094-650b-495f-8764-0fc8b2228924","Building on Others' Ideas","building-on-others-ideas","English Language Activities","1.0 Listening","1.5 Conversation","Build on the ideas and points of others in conversation; demonstrate respect for others when participating in a conversa","PUBLISHED","both","10","10","suspicious","suspicious","suspicious","GENERIC: ""here is what you need to know""; GENERIC: ""this is an example sentence""; GENERIC: ""we use this every day""; GENERIC: ""take a moment to think""; GENERIC: ""are you ready""; GENERIC: ""pay attention""; GENERIC: ""listen carefully""","GENERIC: ""here is what you need to know""; GENERIC: ""this is an example sentence""; GENERIC: ""we use this every day""; GENERIC: ""take a moment to think""; GENERIC: ""are you ready""; GENERIC: ""pay attention""; GENERIC: ""listen carefully""","hello! today we will learn about listening skills together. hello, friend! today we are going to learn about listening skills through everyday life. are you ready? welcome! our mission is to learn abo"
"74590ca5-c695-4bf2-a990-6be39c08285b","Counting in 2s Backward up to 100","g2-mathematics-counting-in-2s-backward-up-to-100","Mathematics","Numbers","1.2 Whole Numbers","By the end of the lesson, the learner should be able to: identify place value up to hundreds","PUBLISHED","draft","","10","empty","clean","clean","","",""
"ca1986a6-4c6c-495f-a8a5-0226eee33274","Making a One-Week Weather Record","g2-environmental-making-a-one-week-weather-record","Environmental","Environment and its resources","1.1 Weather — responding, recording and interpreting weather conditions","By the end of the lesson, the learner should be able to identify weather conditions, respond safely, record weather usin","PUBLISHED","none","","","empty","empty","empty","","",""
"6d19a23e-88d8-4057-93af-6941d1fb8df3","Equipment and Furniture Found in Rooms","g2-hygiene-nutrition-equipment-and-furniture-found-in-rooms","Hygiene & Nutrition","Health Practices","1.3 Use of Different Rooms in a House — 4 official lesson(s)","By the end of the lesson, the learner should be able to name rooms or areas in a house, mention their uses, identify equ","PUBLISHED","none","","","empty","empty","empty","","",""
"9260289b-dca4-4c83-9e71-74260819e9b2","Kutumia -enu katika sentensi","g2-kiswahili-kutumia-enu-katika-sentensi","Kiswahili","Sarufi","Shuleni — Matumizi ya -ako na -enu","By the end of the lesson, the learner should be able to: use -enu correctly to show plural possession in simple Kiswahil","PUBLISHED","none","","","empty","empty","empty","","",""
"b98455b3-bbb1-4832-bbe7-c9e4611bbd5a","Kuandika sentensi kuhusu shuleni","g2-kiswahili-kuandika-sentensi-kuhusu-shuleni","Kiswahili","Kuandika","Shuleni — Sentensi fupi","By the end of the lesson, the learner should be able to: write short clear sentences about school using learned vocabula","PUBLISHED","none","","","empty","empty","empty","","",""
"c8b08c8c-4c65-4ead-b086-36cd6b3b3887","Giving and Following Instructions","giving-and-following-instructions","English Language Activities","2.0 Speaking","2.2 Responding to Questions and Instructions","Respond confidently to questions and instructions on varied themes","PUBLISHED","both","10","10","suspicious","suspicious","suspicious","GENERIC: ""here is what you need to know""; GENERIC: ""we use this every day""; GENERIC: ""take a moment to think""; GENERIC: ""are you ready""; GENERIC: ""listen carefully""","GENERIC: ""here is what you need to know""; GENERIC: ""we use this every day""; GENERIC: ""take a moment to think""; GENERIC: ""are you ready""; GENERIC: ""listen carefully""","hello! today we will learn about speaking skills together. hello, friend! today we are going to learn about speaking skills through instructions. are you ready? welcome! our mission is to learn about "
"71850381-f070-437f-8bec-8fec93d6f7cc","Counting in 5s Forward up to 100","g2-mathematics-counting-in-5s-forward-up-to-100","Mathematics","Numbers","1.2 Whole Numbers","By the end of the lesson, the learner should be able to: read numbers 1-100 in symbols","PUBLISHED","draft","","10","empty","clean","clean","","",""
"8de6aa28-3c94-4d3b-8530-1a9b7f93ae50","Reading a Simple Weather Chart","g2-environmental-reading-a-simple-weather-chart","Environmental","Environment and its resources","1.1 Weather — responding, recording and interpreting weather conditions","By the end of the lesson, the learner should be able to identify weather conditions, respond safely, record weather usin","PUBLISHED","none","","","empty","empty","empty","","",""
"9b3bcfda-79ee-4daa-b291-bd048d464711","Keeping Rooms Clean, Tidy and Safe","g2-hygiene-nutrition-keeping-rooms-clean-tidy-and-safe","Hygiene & Nutrition","Health Practices","1.3 Use of Different Rooms in a House — 4 official lesson(s)","By the end of the lesson, the learner should be able to name rooms or areas in a house, mention their uses, identify equ","PUBLISHED","none","","","empty","empty","empty","","",""
"1c1c37c1-bbff-4d0f-9f50-1086a1fd5fcb","Activities in the Home: Writing Words and Sentences","g2-english-activities-in-the-home-writing-words-and-sentences","English","Writing","3.2 Handwriting / 3.3 Spelling / 3.5 Guided Writing — Activities in the Home: Subject-verb agreement: was and were","By the end of the lesson, the learner should be able to: spell theme words, write legibly, and write simple meaningful s","PUBLISHED","both","10","10","suspicious","suspicious","suspicious","GENERIC: ""here is what you need to know""; GENERIC: ""we use this every day""; GENERIC: ""take a moment to think""; GENERIC: ""are you ready""; GENERIC: ""listen carefully""","GENERIC: ""here is what you need to know""; GENERIC: ""we use this every day""; GENERIC: ""take a moment to think""; GENERIC: ""are you ready""; GENERIC: ""listen carefully""","hello! today we will learn about writing skills together. hello, friend! today we are going to learn about writing skills through activities in the home. are you ready? welcome! our mission is to lear"
"317c8a0b-8d17-4d51-9ee0-6c87af0ece2a","Playing Hopscotch and Other Hopping Games","g2-movement-playing-hopscotch-and-other-hopping-games","Movement","Movement: Basic Movement Skills","1.1 Locomotor Skills: Hopping — 12 official lesson(s)","By the end of the lesson, the learner should be able to name body parts used when hopping, perform hopping in different ","PUBLISHED","none","","","empty","empty","empty","","",""
"df090c60-4b20-4818-ab41-7ee93b23c688","Counting in 5s Backward up to 100","g2-mathematics-counting-in-5s-backward-up-to-100","Mathematics","Numbers","1.2 Whole Numbers","By the end of the lesson, the learner should be able to: read and write numbers 1-20 in words","PUBLISHED","both","10","10","contaminated","contaminated","contaminated","FORBIDDEN: ""reading comprehension""; FORBIDDEN: ""read a short passage""; FORBIDDEN: ""good readers""; FORBIDDEN: ""words say""; FORBIDDEN: ""what did you learn about reading""; GENERIC: ""here is what you need to know""; GENERIC: ""this is an example sentence""; GENERIC: ""we use this every day""; GENERIC: ""take a moment to think""; GENERIC: ""are you ready""; GENERIC: ""listen carefully""; REFLECTION_MISMATCH: Math asks about reading","FORBIDDEN: ""reading comprehension""; FORBIDDEN: ""read a short passage""; FORBIDDEN: ""good readers""; FORBIDDEN: ""words say""; FORBIDDEN: ""what did you learn about reading""; GENERIC: ""here is what you need to know""; GENERIC: ""this is an example sentence""; GENERIC: ""we use this every day""; GENERIC: ""take a moment to think""; GENERIC: ""are you ready""; GENERIC: ""listen carefully""; REFLECTION_MISMATCH: Math asks about reading","hello! today we will learn about reading comprehension together. hello, friend! today we are going to learn about reading comprehension through everyday life. are you ready? welcome! our mission is to"
"040dfeff-4a79-422d-bb76-b7d1339ecd6c","Why We Clean Utensils at Home","g2-hygiene-nutrition-why-we-clean-utensils-at-home","Hygiene & Nutrition","Health Practices","1.4 Cleaning of Utensils — 4 official lesson(s)","By the end of the lesson, the learner should be able to give reasons for cleaning utensils, identify cleaning materials,","PUBLISHED","none","","","empty","empty","empty","","",""
"6a3a659c-4699-4157-b272-0a66cfe21913","Asking for Clarity","asking-for-clarity","English Language Activities","2.0 Speaking","2.2 Responding to Questions and Instructions","Ask questions to seek clarity on instructions; use verbal and non-verbal cues appropriately","PUBLISHED","both","10","10","suspicious","suspicious","suspicious","GENERIC: ""here is what you need to know""; GENERIC: ""this is an example sentence""; GENERIC: ""we use this every day""; GENERIC: ""take a moment to think""; GENERIC: ""are you ready""; GENERIC: ""listen carefully""","GENERIC: ""here is what you need to know""; GENERIC: ""this is an example sentence""; GENERIC: ""we use this every day""; GENERIC: ""take a moment to think""; GENERIC: ""are you ready""; GENERIC: ""listen carefully""","hello! today we will learn about speaking skills together. hello, friend! today we are going to learn about speaking skills through everyday life. are you ready? welcome! our mission is to learn about"
"7bc29a58-efdf-4be6-9a9d-135e5eb28fc1","Shuleni: Mazoezi na tafakari","g2-kiswahili-shuleni-mazoezi-na-tafakari","Kiswahili","Tathmini","Shuleni — Marudio na tathmini","By the end of the lesson, the learner should be able to: demonstrate understanding of school vocabulary, greetings, numb","PUBLISHED","both","10","10","clean","clean","clean","","","habari! mimi ni owl. leo tutapima yote tuliyojifunza. habari, rafiki! 🌟 leo tutapima yote tuliyojifunza. tutasikiliza, tusome, tuandike, na tuzungumze kwa kiswahili! karibu! lengo letu ni kuonyesha y"
"43e67210-0a58-4c90-b4d1-6e6b2a49c0b6","Interpreting Weather Symbols in Pairs","g2-environmental-interpreting-weather-symbols-in-pairs","Environmental","Environment and its resources","1.1 Weather — responding, recording and interpreting weather conditions","By the end of the lesson, the learner should be able to identify weather conditions, respond safely, record weather usin","PUBLISHED","none","","","empty","empty","empty","","",""
"f0131082-7fb1-47f7-8893-da3a4c3b00e1","Activities in the Home: Integrated Review and Assessment","g2-english-activities-in-the-home-integrated-review-and-assessment","English","Integrated English Practice","Integrated Review and Formative Assessment — Activities in the Home: Subject-verb agreement: was and were","By the end of the lesson, the learner should be able to: use listening, speaking, reading and writing skills together to","PUBLISHED","both","10","10","suspicious","suspicious","suspicious","GENERIC: ""here is what you need to know""; GENERIC: ""we use this every day""; GENERIC: ""take a moment to think""; GENERIC: ""are you ready""; GENERIC: ""listen carefully""","GENERIC: ""here is what you need to know""; GENERIC: ""we use this every day""; GENERIC: ""take a moment to think""; GENERIC: ""are you ready""; GENERIC: ""listen carefully""","hello! today we will learn about grammar together. hello, friend! today we are going to learn about grammar through activities in the home. are you ready? welcome! our mission is to learn about gramma"
"37c8422a-14ee-4212-8c1c-c2283ebde3f0","Hopping Skills Practice and Reflection","g2-movement-hopping-skills-practice-and-reflection","Movement","Movement: Basic Movement Skills","1.1 Locomotor Skills: Hopping — 12 official lesson(s)","By the end of the lesson, the learner should be able to name body parts used when hopping, perform hopping in different ","PUBLISHED","none","","","empty","empty","empty","","",""
"770942b4-513d-4d94-b654-9d08303715f7","Telling a Weather Message from a Chart","g2-environmental-telling-a-weather-message-from-a-chart","Environmental","Environment and its resources","1.1 Weather — responding, recording and interpreting weather conditions","By the end of the lesson, the learner should be able to identify weather conditions, respond safely, record weather usin","PUBLISHED","none","","","empty","empty","empty","","",""
"02452338-bc97-442e-9a02-1e140fd3d22e","Transport: Listening for Key Ideas","g2-english-transport-listening-for-key-ideas","English","Listening and Speaking","1.1 Attentive Listening — Transport: Object pronouns: him, her, them, you, us, me","By the end of the lesson, the learner should be able to: listen attentively, respond to simple two-directional instructi","PUBLISHED","both","10","10","suspicious","suspicious","suspicious","GENERIC: ""here is what you need to know""; GENERIC: ""we use this every day""; GENERIC: ""take a moment to think""; GENERIC: ""are you ready""; GENERIC: ""pay attention""; GENERIC: ""listen carefully""","GENERIC: ""here is what you need to know""; GENERIC: ""we use this every day""; GENERIC: ""take a moment to think""; GENERIC: ""are you ready""; GENERIC: ""pay attention""; GENERIC: ""listen carefully""","hello! today we will learn about listening skills together. hello, friend! today we are going to learn about listening skills through transport. are you ready? welcome! our mission is to learn about l"
"0e6b544f-f3be-4ada-92f4-ec4dd2ffa2b5","Identifying Forms in the Environment","g2-movement-identifying-forms-in-the-environment","Movement","Art and Craft: Drawing","1.1 Forms — 3 official lesson(s)","By the end of the lesson, the learner should be able to identify a variety of forms, choose materials and tools for draw","PUBLISHED","none","","","empty","empty","empty","","",""
"dad41a32-1b82-4538-b3a8-04ffe7ee7072","Kutamka sauti /p/, /f/ na /v/","g2-kiswahili-kutamka-sauti-p-f-na-v","Kiswahili","Sauti na Herufi","Haki Zangu — Sauti na majina ya herufi za Kiswahili","By the end of the lesson, the learner should be able to: pronounce the target sounds /p/, /f/ and /v/ clearly in familia","PUBLISHED","none","","","empty","empty","empty","","",""
"71d85abd-c75c-48f3-8d6d-896f9ebf40ce","Materials Used for Cleaning Utensils","g2-hygiene-nutrition-materials-used-for-cleaning-utensils","Hygiene & Nutrition","Health Practices","1.4 Cleaning of Utensils — 4 official lesson(s)","By the end of the lesson, the learner should be able to give reasons for cleaning utensils, identify cleaning materials,","PUBLISHED","none","","","empty","empty","empty","","",""
"22d83674-88b9-4431-ac3c-264ba5115764","Counting in 10s Forward up to 100","g2-mathematics-counting-in-10s-forward-up-to-100","Mathematics","Numbers","1.2 Whole Numbers","By the end of the lesson, the learner should be able to: work out missing numbers in number patterns up to 100","PUBLISHED","draft","","10","empty","clean","clean","","",""
"f04033ac-ce09-4718-a39e-4ff1c0d560b8","Letter Sounds and Syllables","letter-sounds-and-syllables","English Language Activities","2.0 Speaking","2.3 Phonological Awareness","Recognize and say multiple letter-sounds to make syllables and words","PUBLISHED","both","10","10","suspicious","suspicious","suspicious","GENERIC: ""here is what you need to know""; GENERIC: ""we use this every day""; GENERIC: ""take a moment to think""; GENERIC: ""are you ready""; GENERIC: ""listen carefully""","GENERIC: ""here is what you need to know""; GENERIC: ""we use this every day""; GENERIC: ""take a moment to think""; GENERIC: ""are you ready""; GENERIC: ""listen carefully""","hello! today we will learn about vocabulary together. hello, friend! today we are going to learn about vocabulary through word skills. are you ready? welcome! our mission is to learn about vocabulary."
"70183797-f923-4d74-b6b4-6872e4203b8e","Sharing Weather Information with Others","g2-environmental-sharing-weather-information-with-others","Environmental","Environment and its resources","1.1 Weather — responding, recording and interpreting weather conditions","By the end of the lesson, the learner should be able to identify weather conditions, respond safely, record weather usin","PUBLISHED","none","","","empty","empty","empty","","",""
"9722a250-5ca0-4539-aeb2-ba17071316ee","Choosing Tools for Drawing Simple Forms","g2-movement-choosing-tools-for-drawing-simple-forms","Movement","Art and Craft: Drawing","1.1 Forms — 3 official lesson(s)","By the end of the lesson, the learner should be able to identify a variety of forms, choose materials and tools for draw","PUBLISHED","none","","","empty","empty","empty","","",""
"05155a0b-b217-4639-92c8-5f7b93d9d86b","Cleaning Utensils Safely","g2-hygiene-nutrition-cleaning-utensils-safely","Hygiene & Nutrition","Health Practices","1.4 Cleaning of Utensils — 4 official lesson(s)","By the end of the lesson, the learner should be able to give reasons for cleaning utensils, identify cleaning materials,","PUBLISHED","none","","","empty","empty","empty","","",""
"ce505495-cf7a-407f-92f0-6f972e2744fc","Blending Sounds into Words","blending-sounds-into-words","English Language Activities","2.0 Speaking","2.3 Phonological Awareness","Blend and segment syllables correctly to form words","PUBLISHED","both","10","10","suspicious","suspicious","suspicious","GENERIC: ""here is what you need to know""; GENERIC: ""we use this every day""; GENERIC: ""take a moment to think""; GENERIC: ""are you ready""; GENERIC: ""listen carefully""","GENERIC: ""here is what you need to know""; GENERIC: ""we use this every day""; GENERIC: ""take a moment to think""; GENERIC: ""are you ready""; GENERIC: ""listen carefully""","hello! today we will learn about vocabulary together. hello, friend! today we are going to learn about vocabulary through word skills. are you ready? welcome! our mission is to learn about vocabulary."
"a9cb3164-32c1-4b8e-a0bd-a52b03fe4c94","Place Value: Ones and Tens","g2-mathematics-place-value-ones-and-tens","Mathematics","Numbers","1.2 Whole Numbers","By the end of the lesson, the learner should be able to: appreciate number patterns as they skip on the number line","PUBLISHED","published","10","","suspicious","empty","suspicious","QC_NO_CORRECT_INDEX","","hello! counting patterns are fun. let's find the pattern together! today we count in place value! like: 1, 2, 3, 4.... let's count! your mission: master this counting pattern! how do we get the next n"
"14da2c2a-28bb-41fd-8d0a-195a661e721e","Transport: Vocabulary and Pronunciation","g2-english-transport-vocabulary-and-pronunciation","English","Listening and Speaking","1.2 Pronunciation and Vocabulary — Transport: Object pronouns: him, her, them, you, us, me","By the end of the lesson, the learner should be able to: recognise consonant blends, pronounce theme vocabulary correctl","PUBLISHED","both","10","10","suspicious","suspicious","suspicious","GENERIC: ""here is what you need to know""; GENERIC: ""we use this every day""; GENERIC: ""take a moment to think""; GENERIC: ""are you ready""; GENERIC: ""pay attention""; GENERIC: ""listen carefully""","GENERIC: ""here is what you need to know""; GENERIC: ""we use this every day""; GENERIC: ""take a moment to think""; GENERIC: ""are you ready""; GENERIC: ""pay attention""; GENERIC: ""listen carefully""","hello! today we will learn about listening skills together. hello, friend! today we are going to learn about listening skills through transport. are you ready? welcome! our mission is to learn about l"
"75af1af8-b00b-458c-8a2c-78e59899186d","Kusoma maneno yenye p, f na v","g2-kiswahili-kusoma-maneno-yenye-p-f-na-v","Kiswahili","Sauti na Herufi","Haki Zangu — Silabi na maneno","By the end of the lesson, the learner should be able to: read simple words containing p, f and v using syllables.","PUBLISHED","none","","","empty","empty","empty","","",""
"51490dd5-4156-4b35-9910-0dfa7631bb37","Kutaja haki za watoto","g2-kiswahili-kutaja-haki-za-watoto","Kiswahili","Msamiati","Haki Zangu — Msamiati wa haki za watoto","By the end of the lesson, the learner should be able to: name common children rights in Kiswahili using simple words and","PUBLISHED","none","","","empty","empty","empty","","",""
"93a6b8a3-a810-4774-b24b-117c9d4ec841","Place Value: Hundreds","g2-mathematics-place-value-hundreds","Mathematics","Numbers","1.2 Whole Numbers","By the end of the lesson, the learner should be able to: appreciate number patterns as they skip on the number line","PUBLISHED","published","10","","suspicious","empty","suspicious","QC_NO_CORRECT_INDEX","","hello! counting patterns are fun. let's find the pattern together! today we count in place value! like: 1, 2, 3, 4.... let's count! your mission: master this counting pattern! how do we get the next n"
"a06e06c3-4e61-4858-8f56-a1444e030025","Weather Review: Respond, Record and Report","g2-environmental-weather-review-respond-record-and-report","Environmental","Environment and its resources","1.1 Weather — responding, recording and interpreting weather conditions","By the end of the lesson, the learner should be able to identify weather conditions, respond safely, record weather usin","PUBLISHED","both","10","10","suspicious","suspicious","suspicious","GENERIC: ""here is what you need to know""; GENERIC: ""take a moment to think""; GENERIC: ""are you ready""","GENERIC: ""here is what you need to know""; GENERIC: ""take a moment to think""; GENERIC: ""are you ready""","hello! i am owl. let us learn about respond, record and report together! hello, friend! today we will learn about respond, record and report. are you ready? welcome! our mission is to explore respond,"
"2b16e58b-dd36-46ec-ac3f-54dcdcfe0cc9","Making Sentences with Sounds","making-sentences-with-sounds","English Language Activities","2.0 Speaking","2.3 Phonological Awareness","Use appropriate words to make short, meaningful sentences; appreciate the role of blending and segmenting in forming sen","PUBLISHED","both","10","10","suspicious","suspicious","suspicious","GENERIC: ""here is what you need to know""; GENERIC: ""this is an example sentence""; GENERIC: ""we use this every day""; GENERIC: ""take a moment to think""; GENERIC: ""are you ready""; GENERIC: ""listen carefully""","GENERIC: ""here is what you need to know""; GENERIC: ""this is an example sentence""; GENERIC: ""we use this every day""; GENERIC: ""take a moment to think""; GENERIC: ""are you ready""; GENERIC: ""listen carefully""","hello! today we will learn about vocabulary together. hello, friend! today we are going to learn about vocabulary through everyday life. are you ready? welcome! our mission is to learn about vocabular"
"cfdb5c58-4adc-41d6-a6bc-e04c6fadddf8","Transport: Object pronouns: him, her, them, you, us, me","g2-english-transport-object-pronouns-him-her-them-you-us-me","English","Listening and Speaking","1.3 Language Structures and Functions — Transport: Object pronouns: him, her, them, you, us, me","By the end of the lesson, the learner should be able to: use object pronouns correctly in simple sentences about transpo","PUBLISHED","both","10","10","suspicious","suspicious","suspicious","GENERIC: ""here is what you need to know""; GENERIC: ""we use this every day""; GENERIC: ""take a moment to think""; GENERIC: ""are you ready""; GENERIC: ""pay attention""; GENERIC: ""listen carefully""","GENERIC: ""here is what you need to know""; GENERIC: ""we use this every day""; GENERIC: ""take a moment to think""; GENERIC: ""are you ready""; GENERIC: ""pay attention""; GENERIC: ""listen carefully""","hello! today we will learn about listening skills together. hello, friend! today we are going to learn about listening skills through transport. are you ready? welcome! our mission is to learn about l"
"bec63adc-d878-4d3b-a749-e020021f8401","Drawing and Displaying Simple Forms","g2-movement-drawing-and-displaying-simple-forms","Movement","Art and Craft: Drawing","1.1 Forms — 3 official lesson(s)","By the end of the lesson, the learner should be able to identify a variety of forms, choose materials and tools for draw","PUBLISHED","none","","","empty","empty","empty","","",""
"886314b2-408d-4fd8-afaf-14b2d2e82774","Drying and Storing Utensils Properly","g2-hygiene-nutrition-drying-and-storing-utensils-properly","Hygiene & Nutrition","Health Practices","1.4 Cleaning of Utensils — 4 official lesson(s)","By the end of the lesson, the learner should be able to give reasons for cleaning utensils, identify cleaning materials,","PUBLISHED","none","","","empty","empty","empty","","",""
"af435944-3de1-49b7-9059-fe795f417dc1","Transport: Reading Short Texts","g2-english-transport-reading-short-texts","English","Reading","2.2 Letter-Sound Knowledge / 2.3 Word Reading / 2.4 Fluency — Transport: Object pronouns: him, her, them, you, us, me","By the end of the lesson, the learner should be able to: read grade-level words and short connected texts related to the","PUBLISHED","both","10","10","suspicious","suspicious","suspicious","GENERIC: ""here is what you need to know""; GENERIC: ""we use this every day""; GENERIC: ""take a moment to think""; GENERIC: ""are you ready""; GENERIC: ""listen carefully""","GENERIC: ""here is what you need to know""; GENERIC: ""we use this every day""; GENERIC: ""take a moment to think""; GENERIC: ""are you ready""; GENERIC: ""listen carefully""","hello! today we will learn about reading comprehension together. hello, friend! today we are going to learn about reading comprehension through transport. are you ready? welcome! our mission is to lea"
"03d6f5b2-6b12-4cc5-9c5d-8f305d40746e","What Is Second-Hand Smoke?","g2-hygiene-nutrition-what-is-second-hand-smoke","Hygiene & Nutrition","Health Practices","1.5 Dangers of Second-Hand Smoke — 2 official lesson(s)","By the end of the lesson, the learner should be able to explain second-hand smoke in simple terms, identify why it can h","PUBLISHED","none","","","empty","empty","empty","","",""
"5cc2c538-f15f-4b1c-b1b2-2b8c0ba7fb33","Kutumia msamiati wa haki katika sentensi","g2-kiswahili-kutumia-msamiati-wa-haki-katika-sentensi","Kiswahili","Msamiati","Haki Zangu — Msamiati wa haki za watoto","By the end of the lesson, the learner should be able to: use children rights vocabulary in simple oral and written sente","PUBLISHED","none","","","empty","empty","empty","","",""
"439c7726-24f7-41e8-8e6f-c8729616358f","Why We Store Water at Home and School","g2-environmental-why-we-store-water-at-home-and-school","Environmental","Environment and its resources","1.2 Water — storing and transporting water","By the end of the lesson, the learner should be able to explain why water is stored, identify safe storage methods, and ","PUBLISHED","none","","","empty","empty","empty","","",""
"ed147422-90be-474a-90e7-9db351ae0626","Talking About Stories","talking-about-stories","English Language Activities","2.0 Speaking","2.4 Talk About","Confidently talk about characters and events in a story or text; relate characters to real life","PUBLISHED","both","10","10","suspicious","suspicious","suspicious","GENERIC: ""here is what you need to know""; GENERIC: ""this is an example sentence""; GENERIC: ""we use this every day""; GENERIC: ""take a moment to think""; GENERIC: ""are you ready""; GENERIC: ""listen carefully""","GENERIC: ""here is what you need to know""; GENERIC: ""this is an example sentence""; GENERIC: ""we use this every day""; GENERIC: ""take a moment to think""; GENERIC: ""are you ready""; GENERIC: ""listen carefully""","hello! today we will learn about speaking skills together. hello, friend! today we are going to learn about speaking skills through everyday life. are you ready? welcome! our mission is to learn about"
"fdbb1386-2b85-42dc-823b-d2de0e9a1691","Reading Numbers 1 to 100 in Symbols","g2-mathematics-reading-numbers-1-to-100-in-symbols","Mathematics","Numbers","1.2 Whole Numbers","By the end of the lesson, the learner should be able to: appreciate number patterns as they skip on the number line","PUBLISHED","both","10","10","contaminated","contaminated","contaminated","FORBIDDEN: ""reading comprehension""; FORBIDDEN: ""read a short passage""; FORBIDDEN: ""good readers""; FORBIDDEN: ""words say""; FORBIDDEN: ""what did you learn about reading""; GENERIC: ""here is what you need to know""; GENERIC: ""we use this every day""; GENERIC: ""take a moment to think""; GENERIC: ""are you ready""; GENERIC: ""listen carefully""; REFLECTION_MISMATCH: Math asks about reading","FORBIDDEN: ""reading comprehension""; FORBIDDEN: ""read a short passage""; FORBIDDEN: ""good readers""; FORBIDDEN: ""words say""; FORBIDDEN: ""what did you learn about reading""; GENERIC: ""here is what you need to know""; GENERIC: ""we use this every day""; GENERIC: ""take a moment to think""; GENERIC: ""are you ready""; GENERIC: ""listen carefully""; REFLECTION_MISMATCH: Math asks about reading","hello! today we will learn about reading comprehension together. hello, friend! today we are going to learn about reading comprehension through reading. are you ready? welcome! our mission is to learn"
"cb97f981-13cc-4083-8688-b255a53eaa5a","Exploring Texture Around Us","g2-movement-exploring-texture-around-us","Movement","Art and Craft: Drawing","1.2 Texture — 3 official lesson(s)","By the end of the lesson, the learner should be able to identify types of texture, choose suitable materials and tools, ","PUBLISHED","none","","","empty","empty","empty","","",""
"957cb5fc-4055-47ea-844f-e83d520c34cc","Writing Numbers 1 to 10 in Words","g2-mathematics-writing-numbers-1-to-10-in-words","Mathematics","Numbers","1.2 Whole Numbers","By the end of the lesson, the learner should be able to: appreciate number patterns as they skip on the number line","PUBLISHED","draft","","10","empty","clean","clean","","",""
"1ea9a758-2f22-435d-8744-5717dd3824f5","Transport: Writing Words and Sentences","g2-english-transport-writing-words-and-sentences","English","Writing","3.2 Handwriting / 3.3 Spelling / 3.5 Guided Writing — Transport: Object pronouns: him, her, them, you, us, me","By the end of the lesson, the learner should be able to: spell theme words, write legibly, and write simple meaningful s","PUBLISHED","both","10","10","suspicious","suspicious","suspicious","GENERIC: ""here is what you need to know""; GENERIC: ""we use this every day""; GENERIC: ""take a moment to think""; GENERIC: ""are you ready""; GENERIC: ""listen carefully""","GENERIC: ""here is what you need to know""; GENERIC: ""we use this every day""; GENERIC: ""take a moment to think""; GENERIC: ""are you ready""; GENERIC: ""listen carefully""","hello! today we will learn about writing skills together. hello, friend! today we are going to learn about writing skills through transport. are you ready? welcome! our mission is to learn about writi"
"545a1e80-95eb-4741-8d60-7d1f9fb1de59","Greeting People","greeting-people","English Language Activities","2.0 Speaking","2.4 Talk About","Demonstrate interest to address familiar people using appropriate verbal and non-verbal expressions","PUBLISHED","both","10","10","suspicious","suspicious","suspicious","GENERIC: ""here is what you need to know""; GENERIC: ""we use this every day""; GENERIC: ""take a moment to think""; GENERIC: ""are you ready""; GENERIC: ""listen carefully""","GENERIC: ""here is what you need to know""; GENERIC: ""we use this every day""; GENERIC: ""take a moment to think""; GENERIC: ""are you ready""; GENERIC: ""listen carefully""","hello! today we will learn about speaking skills together. hello, friend! today we are going to learn about speaking skills through conversation. are you ready? welcome! our mission is to learn about "
"4bc88162-598b-452e-944e-3b65e6c7d3cc","Identifying Safe Water Storage Containers","g2-environmental-identifying-safe-water-storage-containers","Environmental","Environment and its resources","1.2 Water — storing and transporting water","By the end of the lesson, the learner should be able to explain why water is stored, identify safe storage methods, and ","PUBLISHED","none","","","empty","empty","empty","","",""
"f5856569-3deb-4ec7-9b24-cc8ef7b2b0f9","Creating Texture Effects in Drawings","g2-movement-creating-texture-effects-in-drawings","Movement","Art and Craft: Drawing","1.2 Texture — 3 official lesson(s)","By the end of the lesson, the learner should be able to identify types of texture, choose suitable materials and tools, ","PUBLISHED","none","","","empty","empty","empty","","",""
"bdf89397-cd73-4ad3-a2db-981674fe30b4","Kusikiliza masimulizi kuhusu haki za watoto","g2-kiswahili-kusikiliza-masimulizi-kuhusu-haki-za-watoto","Kiswahili","Kusikiliza na Kuzungumza","Haki Zangu — Masimulizi","By the end of the lesson, the learner should be able to: listen to a short narration about children rights and respond t","PUBLISHED","none","","","empty","empty","empty","","",""
"6aac08d6-daef-4fa1-a547-bba35ebd8ed4","Keeping Away from Smoke for Good Health","g2-hygiene-nutrition-keeping-away-from-smoke-for-good-health","Hygiene & Nutrition","Health Practices","1.5 Dangers of Second-Hand Smoke — 2 official lesson(s)","By the end of the lesson, the learner should be able to explain second-hand smoke in simple terms, identify why it can h","PUBLISHED","none","","","empty","empty","empty","","",""
"049dcd3e-af08-480d-9f77-1d9acad1ff3e","Kueleza haki yangu kwa heshima","g2-kiswahili-kueleza-haki-yangu-kwa-heshima","Kiswahili","Kusikiliza na Kuzungumza","Haki Zangu — Kujieleza","By the end of the lesson, the learner should be able to: speak confidently and respectfully about a child right.","PUBLISHED","none","","","empty","empty","empty","","",""
"822559c7-79bb-4469-8cfb-2c01269db8ab","What Is Water Contamination?","g2-hygiene-nutrition-what-is-water-contamination","Hygiene & Nutrition","Health Practices","1.6 Keeping Water Safe from Contamination — 2 official lesson(s)","By the end of the lesson, the learner should be able to explain water contamination, observe simple signs of contaminate","PUBLISHED","none","","","empty","empty","empty","","",""
"bbe31f04-1085-4614-8092-4efb543e4578","Expressing Yourself Clearly","expressing-yourself-clearly","English Language Activities","2.0 Speaking","2.5 Presentation Skills","Express self appropriately using acquired vocabulary to communicate effectively","PUBLISHED","both","10","10","suspicious","suspicious","suspicious","GENERIC: ""here is what you need to know""; GENERIC: ""this is an example sentence""; GENERIC: ""we use this every day""; GENERIC: ""take a moment to think""; GENERIC: ""are you ready""; GENERIC: ""listen carefully""","GENERIC: ""here is what you need to know""; GENERIC: ""this is an example sentence""; GENERIC: ""we use this every day""; GENERIC: ""take a moment to think""; GENERIC: ""are you ready""; GENERIC: ""listen carefully""","hello! today we will learn about speaking skills together. hello, friend! today we are going to learn about speaking skills through everyday life. are you ready? welcome! our mission is to learn about"
"9780ebf6-42f8-448d-b984-6cb92d99b808","Texture Drawing Display and Appreciation","g2-movement-texture-drawing-display-and-appreciation","Movement","Art and Craft: Drawing","1.2 Texture — 3 official lesson(s)","By the end of the lesson, the learner should be able to identify types of texture, choose suitable materials and tools, ","PUBLISHED","none","","","empty","empty","empty","","",""
"c79feaab-7302-4fa1-8fe0-82b3a8e371e4","Good and Poor Ways of Storing Water","g2-environmental-good-and-poor-ways-of-storing-water","Environmental","Environment and its resources","1.2 Water — storing and transporting water","By the end of the lesson, the learner should be able to explain why water is stored, identify safe storage methods, and ","PUBLISHED","none","","","empty","empty","empty","","",""
"4b04cd35-ffa5-4ec2-8524-97bebd39238e","Writing Numbers 11 to 20 in Words","g2-mathematics-writing-numbers-11-to-20-in-words","Mathematics","Numbers","1.2 Whole Numbers","By the end of the lesson, the learner should be able to: appreciate number patterns as they skip on the number line","PUBLISHED","draft","","10","empty","clean","clean","","",""
"ee6216d9-5931-4016-9698-40b14128a5e8","Transport: Integrated Review and Assessment","g2-english-transport-integrated-review-and-assessment","English","Integrated English Practice","Integrated Review and Formative Assessment — Transport: Object pronouns: him, her, them, you, us, me","By the end of the lesson, the learner should be able to: use listening, speaking, reading and writing skills together to","PUBLISHED","both","10","10","suspicious","suspicious","suspicious","GENERIC: ""here is what you need to know""; GENERIC: ""we use this every day""; GENERIC: ""take a moment to think""; GENERIC: ""are you ready""; GENERIC: ""listen carefully""","GENERIC: ""here is what you need to know""; GENERIC: ""we use this every day""; GENERIC: ""take a moment to think""; GENERIC: ""are you ready""; GENERIC: ""listen carefully""","hello! today we will learn about reading comprehension together. hello, friend! today we are going to learn about reading comprehension through transport. are you ready? welcome! our mission is to lea"
"bee96883-9f28-416d-b4d3-a00b4a958084","Syllables and Words","syllables-and-words","English Language Activities","2.0 Speaking","2.3 Phonological Awareness","Appreciate the role of blending and segmenting in forming words and sentences","PUBLISHED","both","10","10","suspicious","suspicious","suspicious","GENERIC: ""here is what you need to know""; GENERIC: ""we use this every day""; GENERIC: ""take a moment to think""; GENERIC: ""are you ready""; GENERIC: ""listen carefully""","GENERIC: ""here is what you need to know""; GENERIC: ""we use this every day""; GENERIC: ""take a moment to think""; GENERIC: ""are you ready""; GENERIC: ""listen carefully""","hello! today we will learn about vocabulary together. hello, friend! today we are going to learn about vocabulary through word skills. are you ready? welcome! our mission is to learn about vocabulary."
"8365fff4-cfa7-4dfd-b2a7-77b0f24dd500","Naming Body Parts Used for Leaping","g2-movement-naming-body-parts-used-for-leaping","Movement","Movement: Basic Movement Skills","1.2 Locomotor Skills: Leaping — 12 official lesson(s)","By the end of the lesson, the learner should be able to name body parts used in leaping, perform leaping in different di","PUBLISHED","none","","","empty","empty","empty","","",""
"ed541440-112d-468c-8fb7-3f728269deb4","Presenting in Order","presenting-in-order","English Language Activities","2.0 Speaking","2.5 Presentation Skills","Relate various community activities in order; use appropriate tonal variation, articulation and stress","PUBLISHED","both","10","10","suspicious","suspicious","suspicious","GENERIC: ""here is what you need to know""; GENERIC: ""this is an example sentence""; GENERIC: ""we use this every day""; GENERIC: ""take a moment to think""; GENERIC: ""are you ready""; GENERIC: ""listen carefully""","GENERIC: ""here is what you need to know""; GENERIC: ""this is an example sentence""; GENERIC: ""we use this every day""; GENERIC: ""take a moment to think""; GENERIC: ""are you ready""; GENERIC: ""listen carefully""","hello! today we will learn about speaking skills together. hello, friend! today we are going to learn about speaking skills through everyday life. are you ready? welcome! our mission is to learn about"
"a3113d80-e127-4756-8ff3-6990d14b399d","Time and Months of the Year: Listening for Key Ideas","g2-english-time-and-months-of-the-year-listening-for-key-ideas","English","Listening and Speaking","1.1 Attentive Listening — Time and Months of the Year: The verb to have: have, has, had","By the end of the lesson, the learner should be able to: listen attentively, respond to simple two-directional instructi","PUBLISHED","both","10","10","suspicious","suspicious","suspicious","GENERIC: ""here is what you need to know""; GENERIC: ""we use this every day""; GENERIC: ""take a moment to think""; GENERIC: ""are you ready""; GENERIC: ""pay attention""; GENERIC: ""listen carefully""","GENERIC: ""here is what you need to know""; GENERIC: ""we use this every day""; GENERIC: ""take a moment to think""; GENERIC: ""are you ready""; GENERIC: ""pay attention""; GENERIC: ""listen carefully""","hello! today we will learn about listening skills together. hello, friend! today we are going to learn about listening skills through time and months of the year. are you ready? welcome! our mission i"
"a2f4effa-29f9-446c-be7b-0cf238d40dff","Kusoma hadithi kuhusu haki za watoto","g2-kiswahili-kusoma-hadithi-kuhusu-haki-za-watoto","Kiswahili","Kusoma","Haki Zangu — Hadithi","By the end of the lesson, the learner should be able to: read a short story about children rights and identify the main ","PUBLISHED","none","","","empty","empty","empty","","",""
"db4c0d2d-671b-4a12-975c-c76a3da956c9","Number Patterns: Completing Patterns up to 50","g2-mathematics-number-patterns-completing-patterns-up-to-50","Mathematics","Numbers","1.2 Whole Numbers","By the end of the lesson, the learner should be able to: appreciate number patterns as they skip on the number line","PUBLISHED","published","10","","suspicious","empty","suspicious","QC_NO_CORRECT_INDEX","","hello! counting patterns are fun. let's find the pattern together! today we count in numbers! like: 1, 2, 3, 4.... let's count! your mission: master this counting pattern! how do we get the next numbe"
"eeeb35f3-eb6b-4c6b-bdb3-55e962711f59","How to Keep Water Safe from Contamination","g2-hygiene-nutrition-how-to-keep-water-safe-from-contamination","Hygiene & Nutrition","Health Practices","1.6 Keeping Water Safe from Contamination — 2 official lesson(s)","By the end of the lesson, the learner should be able to explain water contamination, observe simple signs of contaminate","PUBLISHED","none","","","empty","empty","empty","","",""
"760b05e3-48b2-4186-a712-8470b1153951","Keeping Stored Water Clean and Covered","g2-environmental-keeping-stored-water-clean-and-covered","Environmental","Environment and its resources","1.2 Water — storing and transporting water","By the end of the lesson, the learner should be able to explain why water is stored, identify safe storage methods, and ","PUBLISHED","none","","","empty","empty","empty","","",""
"4918eefd-f4de-46b3-b59b-36bc83c14781","What Re-Using Means at Home","g2-hygiene-nutrition-what-re-using-means-at-home","Hygiene & Nutrition","Health Practices","1.7 Re-Using Water and Soap at Home — 4 official lesson(s)","By the end of the lesson, the learner should be able to explain re-using, mention ways of re-using water and soap at hom","PUBLISHED","none","","","empty","empty","empty","","",""
"f035e4a3-35b7-46b6-87e2-74d896c1e591","Water Storage Practice and Reflection","g2-environmental-water-storage-practice-and-reflection","Environmental","Environment and its resources","1.2 Water — storing and transporting water","By the end of the lesson, the learner should be able to explain why water is stored, identify safe storage methods, and ","PUBLISHED","none","","","empty","empty","empty","","",""
"13506b47-e5b3-4bf8-85c8-91bd84694f79","Watching and Discussing Safe Leaping","g2-movement-watching-and-discussing-safe-leaping","Movement","Movement: Basic Movement Skills","1.2 Locomotor Skills: Leaping — 12 official lesson(s)","By the end of the lesson, the learner should be able to name body parts used in leaping, perform leaping in different di","PUBLISHED","none","","","empty","empty","empty","","",""
"5dc783cb-a794-4fd1-b151-89fa37211eeb","Time and Months of the Year: Vocabulary and Pronunciation","g2-english-time-and-months-of-the-year-vocabulary-and-pronunciation","English","Listening and Speaking","1.2 Pronunciation and Vocabulary — Time and Months of the Year: The verb to have: have, has, had","By the end of the lesson, the learner should be able to: recognise consonant blends, pronounce theme vocabulary correctl","PUBLISHED","both","10","10","suspicious","suspicious","suspicious","GENERIC: ""here is what you need to know""; GENERIC: ""we use this every day""; GENERIC: ""take a moment to think""; GENERIC: ""are you ready""; GENERIC: ""pay attention""; GENERIC: ""listen carefully""","GENERIC: ""here is what you need to know""; GENERIC: ""we use this every day""; GENERIC: ""take a moment to think""; GENERIC: ""are you ready""; GENERIC: ""pay attention""; GENERIC: ""listen carefully""","hello! today we will learn about listening skills together. hello, friend! today we are going to learn about listening skills through time and months of the year. are you ready? welcome! our mission i"
"5125b6e0-6f84-417d-832a-950e7754ba66","Number Patterns: Completing Patterns up to 100","g2-mathematics-number-patterns-completing-patterns-up-to-100","Mathematics","Numbers","1.2 Whole Numbers","By the end of the lesson, the learner should be able to: appreciate number patterns as they skip on the number line","PUBLISHED","published","10","","suspicious","empty","suspicious","QC_NO_CORRECT_INDEX","","hello! counting patterns are fun. let's find the pattern together! today we count in numbers! like: 1, 2, 3, 4.... let's count! your mission: master this counting pattern! how do we get the next numbe"
"5ea0575f-fa4b-4d2b-a22a-7c9097d3c2cc","Kujibu maswali ya ufahamu kuhusu haki","g2-kiswahili-kujibu-maswali-ya-ufahamu-kuhusu-haki","Kiswahili","Kusoma","Haki Zangu — Ufahamu","By the end of the lesson, the learner should be able to: answer simple comprehension questions from a story about childr","PUBLISHED","none","","","empty","empty","empty","","",""
"66969e47-5086-4fb7-a183-d9b00283674b","Reading with a Partner","reading-with-a-partner","English Language Activities","3.0 Reading","3.1 Paired Reading","Assess self on reading speed and fluency; provide feedback on peer's reading","PUBLISHED","both","10","10","suspicious","suspicious","suspicious","GENERIC: ""here is what you need to know""; GENERIC: ""we use this every day""; GENERIC: ""take a moment to think""; GENERIC: ""are you ready""; GENERIC: ""listen carefully""","GENERIC: ""here is what you need to know""; GENERIC: ""we use this every day""; GENERIC: ""take a moment to think""; GENERIC: ""are you ready""; GENERIC: ""listen carefully""","hello! today we will learn about reading comprehension together. hello, friend! today we are going to learn about reading comprehension through reading. are you ready? welcome! our mission is to learn"
"2588a955-726b-4912-bb7a-dc04bcc92979","Kutambua vizuri na vibaya","g2-kiswahili-kutambua-vizuri-na-vibaya","Kiswahili","Sarufi","Haki Zangu — Vivumishi vizuri na vibaya","By the end of the lesson, the learner should be able to: identify and explain the adjectives vizuri and vibaya in simple","PUBLISHED","none","","","empty","empty","empty","","",""
"4cac57af-ad3f-4dc4-b6dc-a9c1bb57d59d","Number Patterns: Skip Counting by 2s","g2-mathematics-number-patterns-skip-counting-by-2s","Mathematics","Numbers","1.2 Whole Numbers","By the end of the lesson, the learner should be able to: appreciate number patterns as they skip on the number line","PUBLISHED","published","10","","suspicious","empty","suspicious","QC_NO_CORRECT_INDEX","","hello! counting patterns are fun. let's find the pattern together! today we count in 2s! like: 2, 4, 6, 8.... let's count! your mission: master this counting pattern! how do we get the next number in "
"a3b702d1-5ab6-417b-9e10-ef1a77abe94b","Ways Water Is Transported at Home and School","g2-environmental-ways-water-is-transported-at-home-and-school","Environmental","Environment and its resources","1.2 Water — storing and transporting water","By the end of the lesson, the learner should be able to explain why water is stored, identify safe storage methods, and ","PUBLISHED","none","","","empty","empty","empty","","",""
"d1eba270-415a-48e1-b9d2-396aa5ca5ce0","Asking Questions About What We Read","asking-questions-about-what-we-read","English Language Activities","3.0 Reading","3.1 Paired Reading","Ask questions to confirm and extend understanding of material read; make predictions before and during reading","PUBLISHED","both","10","10","suspicious","suspicious","suspicious","GENERIC: ""here is what you need to know""; GENERIC: ""we use this every day""; GENERIC: ""take a moment to think""; GENERIC: ""are you ready""; GENERIC: ""listen carefully""","GENERIC: ""here is what you need to know""; GENERIC: ""we use this every day""; GENERIC: ""take a moment to think""; GENERIC: ""are you ready""; GENERIC: ""listen carefully""","hello! today we will learn about reading comprehension together. hello, friend! today we are going to learn about reading comprehension through questions. are you ready? welcome! our mission is to lea"
"8b2f241c-ccf0-45c2-be49-0b9b09b1da1e","Leaping Forward and Backward","g2-movement-leaping-forward-and-backward","Movement","Movement: Basic Movement Skills","1.2 Locomotor Skills: Leaping — 12 official lesson(s)","By the end of the lesson, the learner should be able to name body parts used in leaping, perform leaping in different di","PUBLISHED","none","","","empty","empty","empty","","",""
"66b00cb3-8534-409d-80e1-db95b9a2db5a","Ways to Re-Use Water Safely","g2-hygiene-nutrition-ways-to-re-use-water-safely","Hygiene & Nutrition","Health Practices","1.7 Re-Using Water and Soap at Home — 4 official lesson(s)","By the end of the lesson, the learner should be able to explain re-using, mention ways of re-using water and soap at hom","PUBLISHED","none","","","empty","empty","empty","","",""
"14e2fdd3-8897-40d0-b554-0c150f098d4b","Time and Months of the Year: The verb to have: have, has, had","g2-english-time-and-months-of-the-year-the-verb-to-have-have-has-had","English","Listening and Speaking","1.3 Language Structures and Functions — Time and Months of the Year: The verb to have: have, has, had","By the end of the lesson, the learner should be able to: use have, has and had correctly when talking about time, months","PUBLISHED","both","10","10","suspicious","suspicious","suspicious","GENERIC: ""here is what you need to know""; GENERIC: ""we use this every day""; GENERIC: ""take a moment to think""; GENERIC: ""are you ready""; GENERIC: ""pay attention""; GENERIC: ""listen carefully""","GENERIC: ""here is what you need to know""; GENERIC: ""we use this every day""; GENERIC: ""take a moment to think""; GENERIC: ""are you ready""; GENERIC: ""pay attention""; GENERIC: ""listen carefully""","hello! today we will learn about listening skills together. hello, friend! today we are going to learn about listening skills through time and months of the year. are you ready? welcome! our mission i"
"01e42183-0b6b-44aa-bef2-057a7139cec4","Leaping to the Right and Left","g2-movement-leaping-to-the-right-and-left","Movement","Movement: Basic Movement Skills","1.2 Locomotor Skills: Leaping — 12 official lesson(s)","By the end of the lesson, the learner should be able to name body parts used in leaping, perform leaping in different di","PUBLISHED","none","","","empty","empty","empty","","",""
"08728834-b5d2-4701-8114-116d246a9473","Time and Months of the Year: Reading Short Texts","g2-english-time-and-months-of-the-year-reading-short-texts","English","Reading","2.2 Letter-Sound Knowledge / 2.3 Word Reading / 2.4 Fluency — Time and Months of the Year: The verb to have: have, has, had","By the end of the lesson, the learner should be able to: read grade-level words and short connected texts related to the","PUBLISHED","both","10","10","suspicious","suspicious","suspicious","GENERIC: ""here is what you need to know""; GENERIC: ""we use this every day""; GENERIC: ""take a moment to think""; GENERIC: ""are you ready""; GENERIC: ""listen carefully""","GENERIC: ""here is what you need to know""; GENERIC: ""we use this every day""; GENERIC: ""take a moment to think""; GENERIC: ""are you ready""; GENERIC: ""listen carefully""","hello! today we will learn about reading comprehension together. hello, friend! today we are going to learn about reading comprehension through time and months of the year. are you ready? welcome! our"
"ec145111-ea07-41f0-9299-fb4b1d9a06fc","Kutumia vizuri na vibaya katika sentensi","g2-kiswahili-kutumia-vizuri-na-vibaya-katika-sentensi","Kiswahili","Sarufi","Haki Zangu — Vivumishi vizuri na vibaya","By the end of the lesson, the learner should be able to: use vizuri and vibaya correctly in oral and written sentences.","PUBLISHED","none","","","empty","empty","empty","","",""
"9b29b62b-5d52-435c-8490-2a983e68761c","Making Simple Soap Gel from Leftover Soap","g2-hygiene-nutrition-making-simple-soap-gel-from-leftover-soap","Hygiene & Nutrition","Health Practices","1.7 Re-Using Water and Soap at Home — 4 official lesson(s)","By the end of the lesson, the learner should be able to explain re-using, mention ways of re-using water and soap at hom","PUBLISHED","none","","","empty","empty","empty","","",""
"27217f06-72ad-4a23-a6e9-81d3f3b06100","Reading Together in Groups","reading-together-in-groups","English Language Activities","3.0 Reading","3.2 Group Reading","Read texts collectively with accuracy, fluency, and comprehension","PUBLISHED","both","10","10","suspicious","suspicious","suspicious","GENERIC: ""here is what you need to know""; GENERIC: ""we use this every day""; GENERIC: ""take a moment to think""; GENERIC: ""are you ready""; GENERIC: ""listen carefully""","GENERIC: ""here is what you need to know""; GENERIC: ""we use this every day""; GENERIC: ""take a moment to think""; GENERIC: ""are you ready""; GENERIC: ""listen carefully""","hello! today we will learn about reading comprehension together. hello, friend! today we are going to learn about reading comprehension through reading. are you ready? welcome! our mission is to learn"
"60572597-f1c3-42d8-aede-0f1198f8f484","Number Patterns: Skip Counting by 5s","g2-mathematics-number-patterns-skip-counting-by-5s","Mathematics","Numbers","1.2 Whole Numbers","By the end of the lesson, the learner should be able to: appreciate number patterns as they skip on the number line","PUBLISHED","published","10","","suspicious","empty","suspicious","QC_NO_CORRECT_INDEX","","hello! counting patterns are fun. let's find the pattern together! today we count in 5s! like: 5, 10, 15, 20.... let's count! your mission: master this counting pattern! how do we get the next number "
"6527e4f6-2f45-4830-8503-7b5151585721","Carrying Small Quantities of Water Safely","g2-environmental-carrying-small-quantities-of-water-safely","Environmental","Environment and its resources","1.2 Water — storing and transporting water","By the end of the lesson, the learner should be able to explain why water is stored, identify safe storage methods, and ","PUBLISHED","none","","","empty","empty","empty","","",""
"661e20a7-e145-4d76-b639-068ca1c2f6ae","Choosing Age-Appropriate Water Containers","g2-environmental-choosing-age-appropriate-water-containers","Environmental","Environment and its resources","1.2 Water — storing and transporting water","By the end of the lesson, the learner should be able to explain why water is stored, identify safe storage methods, and ","PUBLISHED","none","","","empty","empty","empty","","",""
"76abb1c7-c365-453f-b7e3-170957125beb","Retelling Stories from Group Reading","retelling-stories-from-group-reading","English Language Activities","3.0 Reading","3.2 Group Reading","Develop peer learning skills of self-assessment and improve confidence through peer support","PUBLISHED","both","10","10","suspicious","suspicious","suspicious","GENERIC: ""here is what you need to know""; GENERIC: ""we use this every day""; GENERIC: ""take a moment to think""; GENERIC: ""are you ready""; GENERIC: ""listen carefully""","GENERIC: ""here is what you need to know""; GENERIC: ""we use this every day""; GENERIC: ""take a moment to think""; GENERIC: ""are you ready""; GENERIC: ""listen carefully""","hello! today we will learn about reading comprehension together. hello, friend! today we are going to learn about reading comprehension through stories. are you ready? welcome! our mission is to learn"
"d1347d06-2a74-4fc7-803d-b8b821cce564","Kuandika sentensi kuhusu haki za watoto","g2-kiswahili-kuandika-sentensi-kuhusu-haki-za-watoto","Kiswahili","Kuandika","Haki Zangu — Sentensi fupi","By the end of the lesson, the learner should be able to: write short neat sentences about children rights.","PUBLISHED","none","","","empty","empty","empty","","",""
"edefbd62-e357-46fa-8311-cf1a17959cd9","Number Patterns: Skip Counting by 10s","g2-mathematics-number-patterns-skip-counting-by-10s","Mathematics","Numbers","1.2 Whole Numbers","By the end of the lesson, the learner should be able to: appreciate number patterns as they skip on the number line","PUBLISHED","published","10","","suspicious","empty","suspicious","QC_NO_CORRECT_INDEX","","hello! counting patterns are fun. let's find the pattern together! today we count in 10s! like: 10, 20, 30, 40.... let's count! your mission: master this counting pattern! how do we get the next numbe"
"6148188f-c361-4cf9-801b-76126aa440c4","Why We Re-Use Water and Soap","g2-hygiene-nutrition-why-we-re-use-water-and-soap","Hygiene & Nutrition","Health Practices","1.7 Re-Using Water and Soap at Home — 4 official lesson(s)","By the end of the lesson, the learner should be able to explain re-using, mention ways of re-using water and soap at hom","PUBLISHED","none","","","empty","empty","empty","","",""
"463465a7-7b51-47c5-bb74-a486a76a0fee","Leaping in Straight and Curved Pathways","g2-movement-leaping-in-straight-and-curved-pathways","Movement","Movement: Basic Movement Skills","1.2 Locomotor Skills: Leaping — 12 official lesson(s)","By the end of the lesson, the learner should be able to name body parts used in leaping, perform leaping in different di","PUBLISHED","none","","","empty","empty","empty","","",""
"4b73aba7-0fac-49e4-8b78-0beb1a529d41","Time and Months of the Year: Writing Words and Sentences","g2-english-time-and-months-of-the-year-writing-words-and-sentences","English","Writing","3.2 Handwriting / 3.3 Spelling / 3.5 Guided Writing — Time and Months of the Year: The verb to have: have, has, had","By the end of the lesson, the learner should be able to: spell theme words, write legibly, and write simple meaningful s","PUBLISHED","both","10","10","suspicious","suspicious","suspicious","GENERIC: ""here is what you need to know""; GENERIC: ""we use this every day""; GENERIC: ""take a moment to think""; GENERIC: ""are you ready""; GENERIC: ""listen carefully""","GENERIC: ""here is what you need to know""; GENERIC: ""we use this every day""; GENERIC: ""take a moment to think""; GENERIC: ""are you ready""; GENERIC: ""listen carefully""","hello! today we will learn about writing skills together. hello, friend! today we are going to learn about writing skills through time and months of the year. are you ready? welcome! our mission is to"
"7398d822-45a5-4e75-9efe-e1af9f1c2b32","Water Transport Story and Discussion","g2-environmental-water-transport-story-and-discussion","Environmental","Environment and its resources","1.2 Water — storing and transporting water","By the end of the lesson, the learner should be able to explain why water is stored, identify safe storage methods, and ","PUBLISHED","none","","","empty","empty","empty","","",""
"091bc4e9-b4d1-4ba9-adca-128b02d03894","Haki Zangu: Mazoezi na tafakari","g2-kiswahili-haki-zangu-mazoezi-na-tafakari","Kiswahili","Tathmini","Haki Zangu — Marudio na tathmini","By the end of the lesson, the learner should be able to: demonstrate understanding of rights vocabulary, target sounds, ","PUBLISHED","both","10","10","clean","clean","clean","","","habari! mimi ni owl. leo tutapima yote tuliyojifunza. habari, rafiki! 🌟 leo tutapima yote tuliyojifunza. tutasikiliza, tusome, tuandike, na tuzungumze kwa kiswahili! karibu! lengo letu ni kuonyesha y"
"89c3ad8c-c27a-4ad6-ac1f-b01ec9b7173b","Time and Months of the Year: Integrated Review and Assessment","g2-english-time-and-months-of-the-year-integrated-review-and-assessment","English","Integrated English Practice","Integrated Review and Formative Assessment — Time and Months of the Year: The verb to have: have, has, had","By the end of the lesson, the learner should be able to: use listening, speaking, reading and writing skills together to","PUBLISHED","both","10","10","suspicious","suspicious","suspicious","GENERIC: ""here is what you need to know""; GENERIC: ""we use this every day""; GENERIC: ""take a moment to think""; GENERIC: ""are you ready""; GENERIC: ""listen carefully""","GENERIC: ""here is what you need to know""; GENERIC: ""we use this every day""; GENERIC: ""take a moment to think""; GENERIC: ""are you ready""; GENERIC: ""listen carefully""","hello! today we will learn about grammar together. hello, friend! today we are going to learn about grammar through time and months of the year. are you ready? welcome! our mission is to learn about g"
"c8962681-07a7-4d5f-8354-1681af2f6f71","Items Used for Personal Cleanliness","g2-hygiene-nutrition-items-used-for-personal-cleanliness","Hygiene & Nutrition","Personal Hygiene","2.1 Use and Care of Personal Items — 12 official lesson(s)","By the end of the lesson, the learner should be able to identify personal-cleanliness items, explain why they should not","PUBLISHED","none","","","empty","empty","empty","","",""
"9c2211e6-f964-4cb5-b18c-dff7010d9900","Leaping in Zigzag Pathways","g2-movement-leaping-in-zigzag-pathways","Movement","Movement: Basic Movement Skills","1.2 Locomotor Skills: Leaping — 12 official lesson(s)","By the end of the lesson, the learner should be able to name body parts used in leaping, perform leaping in different di","PUBLISHED","none","","","empty","empty","empty","","",""
"9b4df555-a26a-4219-a60a-37ca0e38fe06","Number Patterns: Creating Patterns","g2-mathematics-number-patterns-creating-patterns","Mathematics","Numbers","1.2 Whole Numbers","By the end of the lesson, the learner should be able to: appreciate number patterns as they skip on the number line","PUBLISHED","published","10","","suspicious","empty","suspicious","QC_NO_CORRECT_INDEX","","hello! counting patterns are fun. let's find the pattern together! today we count in numbers! like: 1, 2, 3, 4.... let's count! your mission: master this counting pattern! how do we get the next numbe"
"de0261fe-1382-46d2-a4ee-e8d64cddfe78","Reading Silently","reading-silently","English Language Activities","3.0 Reading","3.3 Silent Reading","Read texts and passages silently; read silently showing sustained focus for longer periods","PUBLISHED","both","10","10","suspicious","suspicious","suspicious","GENERIC: ""here is what you need to know""; GENERIC: ""we use this every day""; GENERIC: ""take a moment to think""; GENERIC: ""are you ready""; GENERIC: ""listen carefully""","GENERIC: ""here is what you need to know""; GENERIC: ""we use this every day""; GENERIC: ""take a moment to think""; GENERIC: ""are you ready""; GENERIC: ""listen carefully""","hello! today we will learn about reading comprehension together. hello, friend! today we are going to learn about reading comprehension through reading. are you ready? welcome! our mission is to learn"
"c9b94969-e483-426a-ba66-ad928b7f5bb6","Water Storage and Transport Review","g2-environmental-water-storage-and-transport-review","Environmental","Environment and its resources","1.2 Water — storing and transporting water","By the end of the lesson, the learner should be able to explain why water is stored, identify safe storage methods, and ","PUBLISHED","none","","","empty","empty","empty","","",""
"d8dcdda4-fb11-4c4e-bf3b-8b00372d21f2","Kutamka sauti /ch/ na /dh/","g2-kiswahili-kutamka-sauti-ch-na-dh","Kiswahili","Sauti na Herufi","Usafiri — Sauti za herufi mbili za Kiswahili","By the end of the lesson, the learner should be able to: pronounce Kiswahili two-letter sounds /ch/ and /dh/ correctly.","PUBLISHED","none","","","empty","empty","empty","","",""
"326924a2-ea0e-4f05-833a-6f77a629d954","Number Line: Counting Forward","g2-mathematics-number-line-counting-forward","Mathematics","Numbers","1.2 Whole Numbers","By the end of the lesson, the learner should be able to: appreciate number patterns as they skip on the number line","PUBLISHED","published","10","","suspicious","empty","suspicious","QC_NO_CORRECT_INDEX","","hello! counting patterns are fun. let's find the pattern together! today we count in numbers! like: 1, 2, 3, 4.... let's count! your mission: master this counting pattern! how do we get the next numbe"
"9ed2ec46-8064-49ee-ba8f-d0277ae6539f","Shopping - Things We Buy: Listening for Key Ideas","g2-english-shopping-things-we-buy-listening-for-key-ideas","English","Listening and Speaking","1.1 Attentive Listening — Shopping - Things We Buy: Plurals of irregular nouns: -ies, -ves and irregular forms","By the end of the lesson, the learner should be able to: listen attentively, respond to simple two-directional instructi","PUBLISHED","both","10","10","suspicious","suspicious","suspicious","GENERIC: ""here is what you need to know""; GENERIC: ""we use this every day""; GENERIC: ""take a moment to think""; GENERIC: ""are you ready""; GENERIC: ""pay attention""; GENERIC: ""listen carefully""","GENERIC: ""here is what you need to know""; GENERIC: ""we use this every day""; GENERIC: ""take a moment to think""; GENERIC: ""are you ready""; GENERIC: ""pay attention""; GENERIC: ""listen carefully""","hello! today we will learn about listening skills together. hello, friend! today we are going to learn about listening skills through shopping - things we buy. are you ready? welcome! our mission is t"
"df707c49-1a1d-420f-94cb-45ececb6e82f","Reading Fluency Practice","reading-fluency-practice","English Language Activities","3.0 Reading","3.1 Paired Reading","Read aloud with increased fluency and expression; self-correct reading errors","PUBLISHED","both","10","10","suspicious","suspicious","suspicious","GENERIC: ""here is what you need to know""; GENERIC: ""we use this every day""; GENERIC: ""take a moment to think""; GENERIC: ""are you ready""; GENERIC: ""listen carefully""","GENERIC: ""here is what you need to know""; GENERIC: ""we use this every day""; GENERIC: ""take a moment to think""; GENERIC: ""are you ready""; GENERIC: ""listen carefully""","hello! today we will learn about reading comprehension together. hello, friend! today we are going to learn about reading comprehension through reading. are you ready? welcome! our mission is to learn"
"bb6d5224-ce6c-470e-af33-a2e13c785255","Understanding What We Read Silently","understanding-what-we-read-silently","English Language Activities","3.0 Reading","3.3 Silent Reading","Predict the meaning of unfamiliar words; answer comprehension questions from texts read silently","PUBLISHED","both","10","10","suspicious","suspicious","suspicious","GENERIC: ""here is what you need to know""; GENERIC: ""this is an example sentence""; GENERIC: ""we use this every day""; GENERIC: ""take a moment to think""; GENERIC: ""are you ready""; GENERIC: ""listen carefully""","GENERIC: ""here is what you need to know""; GENERIC: ""this is an example sentence""; GENERIC: ""we use this every day""; GENERIC: ""take a moment to think""; GENERIC: ""are you ready""; GENERIC: ""listen carefully""","hello! today we will learn about reading comprehension together. hello, friend! today we are going to learn about reading comprehension through everyday life. are you ready? welcome! our mission is to"
"8fb30091-009c-4855-a2ff-d2b315e7be64","Leaping at Low, Medium and High Levels","g2-movement-leaping-at-low-medium-and-high-levels","Movement","Movement: Basic Movement Skills","1.2 Locomotor Skills: Leaping — 12 official lesson(s)","By the end of the lesson, the learner should be able to name body parts used in leaping, perform leaping in different di","PUBLISHED","none","","","empty","empty","empty","","",""
"8ba9a1e9-c4c2-402d-8094-79d964e3da37","Sorting Personal and Shared Items","g2-hygiene-nutrition-sorting-personal-and-shared-items","Hygiene & Nutrition","Personal Hygiene","2.1 Use and Care of Personal Items — 12 official lesson(s)","By the end of the lesson, the learner should be able to identify personal-cleanliness items, explain why they should not","PUBLISHED","none","","","empty","empty","empty","","",""
"b607eeb5-45e9-4fda-9c60-1e85435fc1aa","Number Line: Counting Backward","g2-mathematics-number-line-counting-backward","Mathematics","Numbers","1.2 Whole Numbers","By the end of the lesson, the learner should be able to: appreciate number patterns as they skip on the number line","PUBLISHED","published","10","","suspicious","empty","suspicious","QC_NO_CORRECT_INDEX","","hello! counting patterns are fun. let's find the pattern together! today we count in numbers! like: 1, 2, 3, 4.... let's count! your mission: master this counting pattern! how do we get the next numbe"
"1db4f3a6-94ba-4c69-aaa7-cf2988ce8f2b","Exploring Soil Around Our School","g2-environmental-exploring-soil-around-our-school","Environmental","Environment and its resources","1.3 Soil — exploring soil","By the end of the lesson, the learner should be able to explore different soil samples, model objects with soil, compare","PUBLISHED","none","","","empty","empty","empty","","",""
"8bfba2ee-d668-4276-8e36-1e9b139f25e6","Peer Feedback in Reading","peer-feedback-in-reading","English Language Activities","3.0 Reading","3.1 Paired Reading","Provide constructive feedback on peer reading; appreciate the importance of turn-taking","PUBLISHED","both","10","10","suspicious","suspicious","suspicious","GENERIC: ""here is what you need to know""; GENERIC: ""we use this every day""; GENERIC: ""take a moment to think""; GENERIC: ""are you ready""; GENERIC: ""listen carefully""","GENERIC: ""here is what you need to know""; GENERIC: ""we use this every day""; GENERIC: ""take a moment to think""; GENERIC: ""are you ready""; GENERIC: ""listen carefully""","hello! today we will learn about reading comprehension together. hello, friend! today we are going to learn about reading comprehension through reading. are you ready? welcome! our mission is to learn"
"37ee9ed2-db89-4ea4-bba7-26b8dedc9b87","Kusoma maneno yenye ch na dh","g2-kiswahili-kusoma-maneno-yenye-ch-na-dh","Kiswahili","Sauti na Herufi","Usafiri — Silabi na maneno","By the end of the lesson, the learner should be able to: read simple words containing ch and dh using syllable blending.","PUBLISHED","none","","","empty","empty","empty","","",""
"572f93f4-545e-46c7-ab60-2345ab772bab","Why Personal Items Should Not Be Shared","g2-hygiene-nutrition-why-personal-items-should-not-be-shared","Hygiene & Nutrition","Personal Hygiene","2.1 Use and Care of Personal Items — 12 official lesson(s)","By the end of the lesson, the learner should be able to identify personal-cleanliness items, explain why they should not","PUBLISHED","none","","","empty","empty","empty","","",""
"9e4dcb2a-89ed-408d-bc37-792316e9c172","Shopping - Things We Buy: Vocabulary and Pronunciation","g2-english-shopping-things-we-buy-vocabulary-and-pronunciation","English","Listening and Speaking","1.2 Pronunciation and Vocabulary — Shopping - Things We Buy: Plurals of irregular nouns: -ies, -ves and irregular forms","By the end of the lesson, the learner should be able to: recognise consonant blends, pronounce theme vocabulary correctl","PUBLISHED","both","10","10","suspicious","suspicious","suspicious","GENERIC: ""here is what you need to know""; GENERIC: ""we use this every day""; GENERIC: ""take a moment to think""; GENERIC: ""are you ready""; GENERIC: ""pay attention""; GENERIC: ""listen carefully""","GENERIC: ""here is what you need to know""; GENERIC: ""we use this every day""; GENERIC: ""take a moment to think""; GENERIC: ""are you ready""; GENERIC: ""pay attention""; GENERIC: ""listen carefully""","hello! today we will learn about listening skills together. hello, friend! today we are going to learn about listening skills through shopping - things we buy. are you ready? welcome! our mission is t"
"f181fa77-cd46-47b5-a049-d6b0e8852afa","Leaping While Making Simple Shapes","g2-movement-leaping-while-making-simple-shapes","Movement","Movement: Basic Movement Skills","1.2 Locomotor Skills: Leaping — 12 official lesson(s)","By the end of the lesson, the learner should be able to name body parts used in leaping, perform leaping in different di","PUBLISHED","none","","","empty","empty","empty","","",""
"73991919-8ece-4a89-9e9f-8f4e18d2b743","Finding Details in Texts","finding-details-in-texts","English Language Activities","3.0 Reading","3.4 Answering Comprehension Questions","Locate specific details in response to questions from texts read; determine the meaning of unknown words in context","PUBLISHED","both","10","10","suspicious","suspicious","suspicious","GENERIC: ""here is what you need to know""; GENERIC: ""this is an example sentence""; GENERIC: ""we use this every day""; GENERIC: ""take a moment to think""; GENERIC: ""are you ready""; GENERIC: ""listen carefully""","GENERIC: ""here is what you need to know""; GENERIC: ""this is an example sentence""; GENERIC: ""we use this every day""; GENERIC: ""take a moment to think""; GENERIC: ""are you ready""; GENERIC: ""listen carefully""","hello! today we will learn about reading comprehension together. hello, friend! today we are going to learn about reading comprehension through everyday life. are you ready? welcome! our mission is to"
"3e56c4fa-1fa8-44cf-a985-661e46129185","How to Care for a Toothbrush","g2-hygiene-nutrition-how-to-care-for-a-toothbrush","Hygiene & Nutrition","Personal Hygiene","2.1 Use and Care of Personal Items — 12 official lesson(s)","By the end of the lesson, the learner should be able to identify personal-cleanliness items, explain why they should not","PUBLISHED","none","","","empty","empty","empty","","",""
"9f5bfa58-7077-453a-afb8-736d7376c8a9","Number Line: Skip Counting","g2-mathematics-number-line-skip-counting","Mathematics","Numbers","1.2 Whole Numbers","By the end of the lesson, the learner should be able to: appreciate number patterns as they skip on the number line","PUBLISHED","published","10","","suspicious","empty","suspicious","QC_NO_CORRECT_INDEX","","hello! counting patterns are fun. let's find the pattern together! today we count in numbers! like: 1, 2, 3, 4.... let's count! your mission: master this counting pattern! how do we get the next numbe"
"325917b5-34bf-46d1-9f6a-881890b1fb21","Kutaja vyombo vya usafiri","g2-kiswahili-kutaja-vyombo-vya-usafiri","Kiswahili","Msamiati","Usafiri — Msamiati wa usafiri","By the end of the lesson, the learner should be able to: name common means of transport in Kiswahili.","PUBLISHED","none","","","empty","empty","empty","","",""
"f15c65f6-dfda-4cb9-9d45-ffaa0a0864cb","Summarising What We Read","summarising-what-we-read","English Language Activities","3.0 Reading","3.4 Answering Comprehension Questions","Summarise texts read by identifying main ideas","PUBLISHED","both","10","10","suspicious","suspicious","suspicious","GENERIC: ""here is what you need to know""; GENERIC: ""this is an example sentence""; GENERIC: ""we use this every day""; GENERIC: ""take a moment to think""; GENERIC: ""are you ready""; GENERIC: ""listen carefully""","GENERIC: ""here is what you need to know""; GENERIC: ""this is an example sentence""; GENERIC: ""we use this every day""; GENERIC: ""take a moment to think""; GENERIC: ""are you ready""; GENERIC: ""listen carefully""","hello! today we will learn about reading comprehension together. hello, friend! today we are going to learn about reading comprehension through everyday life. are you ready? welcome! our mission is to"
"5cbfe868-3788-430c-8079-4e2bbda3411d","Leaping with Mirroring and Partner Relationships","g2-movement-leaping-with-mirroring-and-partner-relationships","Movement","Movement: Basic Movement Skills","1.2 Locomotor Skills: Leaping — 12 official lesson(s)","By the end of the lesson, the learner should be able to name body parts used in leaping, perform leaping in different di","PUBLISHED","none","","","empty","empty","empty","","",""
"481fd2a3-9036-4ce9-8d17-9a9481371540","Identifying Clay, Loam and Sand Samples","g2-environmental-identifying-clay-loam-and-sand-samples","Environmental","Environment and its resources","1.3 Soil — exploring soil","By the end of the lesson, the learner should be able to explore different soil samples, model objects with soil, compare","PUBLISHED","none","","","empty","empty","empty","","",""
"d9252274-b0b0-4e8b-9062-089a6c37f320","Shopping - Things We Buy: Plurals of irregular nouns: -ies, -ves and irregular forms","g2-english-shopping-things-we-buy-plurals-of-irregular-nouns-ies-ves-an","English","Listening and Speaking","1.3 Language Structures and Functions — Shopping - Things We Buy: Plurals of irregular nouns: -ies, -ves and irregular forms","By the end of the lesson, the learner should be able to: form and use plural nouns, including -ies, -ves and irregular f","PUBLISHED","both","10","10","suspicious","suspicious","suspicious","GENERIC: ""here is what you need to know""; GENERIC: ""we use this every day""; GENERIC: ""take a moment to think""; GENERIC: ""are you ready""; GENERIC: ""pay attention""; GENERIC: ""listen carefully""","GENERIC: ""here is what you need to know""; GENERIC: ""we use this every day""; GENERIC: ""take a moment to think""; GENERIC: ""are you ready""; GENERIC: ""pay attention""; GENERIC: ""listen carefully""","hello! today we will learn about listening skills together. hello, friend! today we are going to learn about listening skills through shopping - things we buy. are you ready? welcome! our mission is t"
"2ff87ee1-f341-4bdb-91d1-477c47d3e65c","Feeling and Describing Soil Safely","g2-environmental-feeling-and-describing-soil-safely","Environmental","Environment and its resources","1.3 Soil — exploring soil","By the end of the lesson, the learner should be able to explore different soil samples, model objects with soil, compare","PUBLISHED","none","","","empty","empty","empty","","",""
"08271176-b58a-4654-8f48-91bd20e832a1","Shopping - Things We Buy: Reading Short Texts","g2-english-shopping-things-we-buy-reading-short-texts","English","Reading","2.2 Letter-Sound Knowledge / 2.3 Word Reading / 2.4 Fluency — Shopping - Things We Buy: Plurals of irregular nouns: -ies, -ves and irregular forms","By the end of the lesson, the learner should be able to: read grade-level words and short connected texts related to the","PUBLISHED","both","10","10","suspicious","suspicious","suspicious","GENERIC: ""here is what you need to know""; GENERIC: ""we use this every day""; GENERIC: ""take a moment to think""; GENERIC: ""are you ready""; GENERIC: ""listen carefully""","GENERIC: ""here is what you need to know""; GENERIC: ""we use this every day""; GENERIC: ""take a moment to think""; GENERIC: ""are you ready""; GENERIC: ""listen carefully""","hello! today we will learn about reading comprehension together. hello, friend! today we are going to learn about reading comprehension through shopping - things we buy. are you ready? welcome! our mi"
"a7fd8f83-57d0-48e0-b07a-18610edf900b","Kutumia msamiati wa usafiri katika sentensi","g2-kiswahili-kutumia-msamiati-wa-usafiri-katika-sentensi","Kiswahili","Msamiati","Usafiri — Msamiati wa usafiri","By the end of the lesson, the learner should be able to: use transport vocabulary in simple sentences.","PUBLISHED","none","","","empty","empty","empty","","",""
"322dd87e-f4ee-44ee-8f9a-64f923cef918","Combining Direction, Pathway and Level in Leaping","g2-movement-combining-direction-pathway-and-level-in-leaping","Movement","Movement: Basic Movement Skills","1.2 Locomotor Skills: Leaping — 12 official lesson(s)","By the end of the lesson, the learner should be able to name body parts used in leaping, perform leaping in different di","PUBLISHED","none","","","empty","empty","empty","","",""
"35d3eba3-e02a-4829-afc3-c96a571e2cf4","How to Care for a Comb","g2-hygiene-nutrition-how-to-care-for-a-comb","Hygiene & Nutrition","Personal Hygiene","2.1 Use and Care of Personal Items — 12 official lesson(s)","By the end of the lesson, the learner should be able to identify personal-cleanliness items, explain why they should not","PUBLISHED","none","","","empty","empty","empty","","",""
"fb0c5c4f-519a-47d6-a021-2526d6d5a665","Number Patterns: Extending Patterns","g2-mathematics-number-patterns-extending-patterns","Mathematics","Numbers","1.2 Whole Numbers","By the end of the lesson, the learner should be able to: appreciate number patterns as they skip on the number line","PUBLISHED","published","10","","suspicious","empty","suspicious","QC_NO_CORRECT_INDEX","","hello! counting patterns are fun. let's find the pattern together! today we count in numbers! like: 1, 2, 3, 4.... let's count! your mission: master this counting pattern! how do we get the next numbe"
"63979434-e54a-4520-bb7a-437d33077de2","Building Sentences from Words","building-sentences-from-words","English Language Activities","4.0 Writing","4.1 Word and Sentence Formation","Use familiar words and phrases to write simple sentences; use the correct noun and verb form","PUBLISHED","both","10","10","suspicious","suspicious","suspicious","GENERIC: ""here is what you need to know""; GENERIC: ""we use this every day""; GENERIC: ""take a moment to think""; GENERIC: ""are you ready""; GENERIC: ""listen carefully""","GENERIC: ""here is what you need to know""; GENERIC: ""we use this every day""; GENERIC: ""take a moment to think""; GENERIC: ""are you ready""; GENERIC: ""listen carefully""","hello! today we will learn about writing skills together. hello, friend! today we are going to learn about writing skills through word skills. are you ready? welcome! our mission is to learn about wri"
"87519222-2f5c-4fd6-8db1-7732a5142149","Kusimulia safari fupi","g2-kiswahili-kusimulia-safari-fupi","Kiswahili","Kusikiliza na Kuzungumza","Usafiri — Masimulizi","By the end of the lesson, the learner should be able to: narrate a simple travel experience using Kiswahili vocabulary.","PUBLISHED","none","","","empty","empty","empty","","",""
"9743d1f7-15d0-45f1-9b87-d045610895e9","Playing Simple Leaping Games","g2-movement-playing-simple-leaping-games","Movement","Movement: Basic Movement Skills","1.2 Locomotor Skills: Leaping — 12 official lesson(s)","By the end of the lesson, the learner should be able to name body parts used in leaping, perform leaping in different di","PUBLISHED","none","","","empty","empty","empty","","",""
"9dbee1a0-acea-4ddd-a626-1f61406d8329","How to Care for a Face Towel","g2-hygiene-nutrition-how-to-care-for-a-face-towel","Hygiene & Nutrition","Personal Hygiene","2.1 Use and Care of Personal Items — 12 official lesson(s)","By the end of the lesson, the learner should be able to identify personal-cleanliness items, explain why they should not","PUBLISHED","none","","","empty","empty","empty","","",""
"f5bee6a0-8aa0-4a33-a536-dc563b53f4d1","Introduction to Halves Using Circular Cut-outs","g2-mathematics-introduction-to-halves-using-circular-cut-outs","Mathematics","Numbers","1.3 Fractions","By the end of the lesson, the learner should be able to: identify 1/2 as part of a whole","PUBLISHED","both","10","10","contaminated","contaminated","contaminated","FORBIDDEN: ""reading comprehension""; FORBIDDEN: ""read a short passage""; FORBIDDEN: ""good readers""; FORBIDDEN: ""words say""; FORBIDDEN: ""what did you learn about reading""; GENERIC: ""here is what you need to know""; GENERIC: ""this is an example sentence""; GENERIC: ""we use this every day""; GENERIC: ""take a moment to think""; GENERIC: ""are you ready""; GENERIC: ""listen carefully""; REFLECTION_MISMATCH: Math asks about reading","FORBIDDEN: ""reading comprehension""; FORBIDDEN: ""read a short passage""; FORBIDDEN: ""good readers""; FORBIDDEN: ""words say""; FORBIDDEN: ""what did you learn about reading""; GENERIC: ""here is what you need to know""; GENERIC: ""this is an example sentence""; GENERIC: ""we use this every day""; GENERIC: ""take a moment to think""; GENERIC: ""are you ready""; GENERIC: ""listen carefully""; REFLECTION_MISMATCH: Math asks about reading","hello! today we will learn about reading comprehension together. hello, friend! today we are going to learn about reading comprehension through everyday life. are you ready? welcome! our mission is to"
"306418b3-58c1-451b-84cc-e70d4f77d2bc","Making Soil Balls from Different Soils","g2-environmental-making-soil-balls-from-different-soils","Environmental","Environment and its resources","1.3 Soil — exploring soil","By the end of the lesson, the learner should be able to explore different soil samples, model objects with soil, compare","PUBLISHED","none","","","empty","empty","empty","","",""
"df4a3547-5ad0-4ca4-b80b-4704d2462ad6","Rearranging Words into Sentences","rearranging-words-into-sentences","English Language Activities","4.0 Writing","4.1 Word and Sentence Formation","Identify and write upper and lower case letters in words and sentences correctly","PUBLISHED","both","10","10","suspicious","suspicious","suspicious","GENERIC: ""here is what you need to know""; GENERIC: ""we use this every day""; GENERIC: ""take a moment to think""; GENERIC: ""are you ready""; GENERIC: ""listen carefully""","GENERIC: ""here is what you need to know""; GENERIC: ""we use this every day""; GENERIC: ""take a moment to think""; GENERIC: ""are you ready""; GENERIC: ""listen carefully""","hello! today we will learn about writing skills together. hello, friend! today we are going to learn about writing skills through word skills. are you ready? welcome! our mission is to learn about wri"
"25dbd388-7525-43b8-a5c8-1c30cafbef5a","Shopping - Things We Buy: Writing Words and Sentences","g2-english-shopping-things-we-buy-writing-words-and-sentences","English","Writing","3.2 Handwriting / 3.3 Spelling / 3.5 Guided Writing — Shopping - Things We Buy: Plurals of irregular nouns: -ies, -ves and irregular forms","By the end of the lesson, the learner should be able to: spell theme words, write legibly, and write simple meaningful s","PUBLISHED","both","10","10","suspicious","suspicious","suspicious","GENERIC: ""here is what you need to know""; GENERIC: ""we use this every day""; GENERIC: ""take a moment to think""; GENERIC: ""are you ready""; GENERIC: ""listen carefully""","GENERIC: ""here is what you need to know""; GENERIC: ""we use this every day""; GENERIC: ""take a moment to think""; GENERIC: ""are you ready""; GENERIC: ""listen carefully""","hello! today we will learn about writing skills together. hello, friend! today we are going to learn about writing skills through shopping - things we buy. are you ready? welcome! our mission is to le"
"cba25af1-a5ca-4805-bfe7-da91db63bb08","Reading Teams and Peer Support","reading-teams-and-peer-support","English Language Activities","3.0 Reading","3.2 Group Reading","Develop an interest in reading collectively in and out of class","PUBLISHED","both","10","10","suspicious","suspicious","suspicious","GENERIC: ""here is what you need to know""; GENERIC: ""we use this every day""; GENERIC: ""take a moment to think""; GENERIC: ""are you ready""; GENERIC: ""listen carefully""","GENERIC: ""here is what you need to know""; GENERIC: ""we use this every day""; GENERIC: ""take a moment to think""; GENERIC: ""are you ready""; GENERIC: ""listen carefully""","hello! today we will learn about reading comprehension together. hello, friend! today we are going to learn about reading comprehension through reading. are you ready? welcome! our mission is to learn"
"54f62fde-6a44-46d8-81d0-a5f209cbd832","Leaping Practice and Reflection","g2-movement-leaping-practice-and-reflection","Movement","Movement: Basic Movement Skills","1.2 Locomotor Skills: Leaping — 12 official lesson(s)","By the end of the lesson, the learner should be able to name body parts used in leaping, perform leaping in different di","PUBLISHED","none","","","empty","empty","empty","","",""
"c916c21b-6f86-4dfc-a971-2bfc0370a024","Spelling New Words","spelling-new-words","English Language Activities","4.0 Writing","4.2 Spelling Instruction","Write an increasing number of words and spell them correctly; spell words with short and long vowel sounds","PUBLISHED","both","10","10","suspicious","suspicious","suspicious","GENERIC: ""here is what you need to know""; GENERIC: ""we use this every day""; GENERIC: ""take a moment to think""; GENERIC: ""are you ready""; GENERIC: ""listen carefully""","GENERIC: ""here is what you need to know""; GENERIC: ""we use this every day""; GENERIC: ""take a moment to think""; GENERIC: ""are you ready""; GENERIC: ""listen carefully""","hello! today we will learn about spelling together. hello, friend! today we are going to learn about spelling through word skills. are you ready? welcome! our mission is to learn about spelling. spell"
"cc5634cb-11d6-4967-9673-0a187b863ced","Kuzungumza kuhusu usalama wa usafiri","g2-kiswahili-kuzungumza-kuhusu-usalama-wa-usafiri","Kiswahili","Kusikiliza na Kuzungumza","Usafiri — Usalama barabarani","By the end of the lesson, the learner should be able to: discuss simple road safety habits using Kiswahili.","PUBLISHED","none","","","empty","empty","empty","","",""
"a0b00758-89f8-490e-971a-7b1af92b6855","Observing How Soil Balls Break Apart","g2-environmental-observing-how-soil-balls-break-apart","Environmental","Environment and its resources","1.3 Soil — exploring soil","By the end of the lesson, the learner should be able to explore different soil samples, model objects with soil, compare","PUBLISHED","none","","","empty","empty","empty","","",""
"0767b9f0-4a75-4a27-b2a2-fa9833c8dae8","Introduction to Halves Using Rectangular Cut-outs","g2-mathematics-introduction-to-halves-using-rectangular-cut-outs","Mathematics","Numbers","1.3 Fractions","By the end of the lesson, the learner should be able to: identify 1/4 as part of a whole","DRAFT","draft","","10","empty","suspicious","suspicious","","GENERIC: ""let us begin""; GENERIC: ""are you ready""; DUPLICATE: step ""real_life""",""
"33aa1761-2deb-445f-bd1a-721057841584","How to Care for a Handkerchief","g2-hygiene-nutrition-how-to-care-for-a-handkerchief","Hygiene & Nutrition","Personal Hygiene","2.1 Use and Care of Personal Items — 12 official lesson(s)","By the end of the lesson, the learner should be able to identify personal-cleanliness items, explain why they should not","PUBLISHED","none","","","empty","empty","empty","","",""
"84fa8e48-8e5f-4816-8e76-f19402b65f0c","Shopping - Things We Buy: Integrated Review and Assessment","g2-english-shopping-things-we-buy-integrated-review-and-assessment","English","Integrated English Practice","Integrated Review and Formative Assessment — Shopping - Things We Buy: Plurals of irregular nouns: -ies, -ves and irregular forms","By the end of the lesson, the learner should be able to: use listening, speaking, reading and writing skills together to","PUBLISHED","both","10","10","suspicious","suspicious","suspicious","GENERIC: ""here is what you need to know""; GENERIC: ""we use this every day""; GENERIC: ""take a moment to think""; GENERIC: ""are you ready""; GENERIC: ""listen carefully""","GENERIC: ""here is what you need to know""; GENERIC: ""we use this every day""; GENERIC: ""take a moment to think""; GENERIC: ""are you ready""; GENERIC: ""listen carefully""","hello! today we will learn about reading comprehension together. hello, friend! today we are going to learn about reading comprehension through shopping - things we buy. are you ready? welcome! our mi"
"2eef1cc5-d627-4e75-94f7-4206a4bb0058","The Garden: Listening for Key Ideas","g2-english-the-garden-listening-for-key-ideas","English","Listening and Speaking","1.1 Attentive Listening — The Garden: Present continuous tense","By the end of the lesson, the learner should be able to: listen attentively, respond to simple two-directional instructi","PUBLISHED","both","10","10","suspicious","suspicious","suspicious","GENERIC: ""here is what you need to know""; GENERIC: ""we use this every day""; GENERIC: ""take a moment to think""; GENERIC: ""are you ready""; GENERIC: ""pay attention""; GENERIC: ""listen carefully""","GENERIC: ""here is what you need to know""; GENERIC: ""we use this every day""; GENERIC: ""take a moment to think""; GENERIC: ""are you ready""; GENERIC: ""pay attention""; GENERIC: ""listen carefully""","hello! today we will learn about listening skills together. hello, friend! today we are going to learn about listening skills through the garden. are you ready? welcome! our mission is to learn about "
"159f92b9-69c7-45ea-8376-2b15af491360","Identifying 1/2 in Everyday Objects","g2-mathematics-identifying-1-2-in-everyday-objects","Mathematics","Numbers","1.3 Fractions","By the end of the lesson, the learner should be able to: identify 1/4 as part of a whole","PUBLISHED","draft","","10","empty","clean","clean","","",""
"31c81295-7096-42e0-920b-a485d970a93f","Identifying Painting Tools and Materials","g2-movement-identifying-painting-tools-and-materials","Movement","Art and Craft: Paint and Colour","2.1 Paint Shapes from Observation — 3 official lesson(s)","By the end of the lesson, the learner should be able to identify painting materials, mix and apply paint correctly, pain","PUBLISHED","none","","","empty","empty","empty","","",""
"3315147e-4a64-47cc-9bdc-c16a549ed3b3","Kusoma hadithi kuhusu safari","g2-kiswahili-kusoma-hadithi-kuhusu-safari","Kiswahili","Kusoma","Usafiri — Hadithi","By the end of the lesson, the learner should be able to: read a short story about travel and answer comprehension questi","PUBLISHED","none","","","empty","empty","empty","","",""
"b3ac3ce9-eca2-469d-82c1-ace3bc00638c","Using Phonics to Spell","using-phonics-to-spell","English Language Activities","4.0 Writing","4.2 Spelling Instruction","Use phonic knowledge to spell and write familiar and unfamiliar words; use editing strategies to correct spelling","PUBLISHED","both","10","10","suspicious","suspicious","suspicious","GENERIC: ""here is what you need to know""; GENERIC: ""this is an example sentence""; GENERIC: ""we use this every day""; GENERIC: ""take a moment to think""; GENERIC: ""are you ready""; GENERIC: ""listen carefully""","GENERIC: ""here is what you need to know""; GENERIC: ""this is an example sentence""; GENERIC: ""we use this every day""; GENERIC: ""take a moment to think""; GENERIC: ""are you ready""; GENERIC: ""listen carefully""","hello! today we will learn about vocabulary together. hello, friend! today we are going to learn about vocabulary through everyday life. are you ready? welcome! our mission is to learn about vocabular"
"631a3414-0d31-4a7b-8e3e-07cc0ab8315a","Cleaning Personal Items Safely","g2-hygiene-nutrition-cleaning-personal-items-safely","Hygiene & Nutrition","Personal Hygiene","2.1 Use and Care of Personal Items — 12 official lesson(s)","By the end of the lesson, the learner should be able to identify personal-cleanliness items, explain why they should not","PUBLISHED","none","","","empty","empty","empty","","",""
"6f8aecb3-ad9b-4cf4-9717-cbb98c677051","Making Ribbons with Clay Soil","g2-environmental-making-ribbons-with-clay-soil","Environmental","Environment and its resources","1.3 Soil — exploring soil","By the end of the lesson, the learner should be able to explore different soil samples, model objects with soil, compare","PUBLISHED","none","","","empty","empty","empty","","",""
"628c7f36-c5e5-4074-9e8b-1cc509bc5d3c","Peer Teaching: Caring for Personal Items","g2-hygiene-nutrition-peer-teaching-caring-for-personal-items","Hygiene & Nutrition","Personal Hygiene","2.1 Use and Care of Personal Items — 12 official lesson(s)","By the end of the lesson, the learner should be able to identify personal-cleanliness items, explain why they should not","PUBLISHED","both","10","10","suspicious","suspicious","suspicious","GENERIC: ""here is what you need to know""; GENERIC: ""take a moment to think""; GENERIC: ""are you ready""","GENERIC: ""here is what you need to know""; GENERIC: ""take a moment to think""; GENERIC: ""are you ready""","hello! i am owl. let us learn about caring for personal items together! hello, friend! today we will learn about caring for personal items. are you ready? welcome! our mission is to explore caring for"
"caa40557-4e84-487f-9055-77abe9d1c252","Making Ribbons with Loam Soil","g2-environmental-making-ribbons-with-loam-soil","Environmental","Environment and its resources","1.3 Soil — exploring soil","By the end of the lesson, the learner should be able to explore different soil samples, model objects with soil, compare","PUBLISHED","none","","","empty","empty","empty","","",""
"eeda12a1-9a60-4c49-a9b1-64aedaf54aad","Spacing and Punctuation","spacing-and-punctuation","English Language Activities","4.0 Writing","4.3 Handwriting","Use conventional spacing between words; use basic punctuation appropriately","PUBLISHED","both","10","10","suspicious","suspicious","suspicious","GENERIC: ""here is what you need to know""; GENERIC: ""this is an example sentence""; GENERIC: ""we use this every day""; GENERIC: ""take a moment to think""; GENERIC: ""are you ready""; GENERIC: ""listen carefully""","GENERIC: ""here is what you need to know""; GENERIC: ""this is an example sentence""; GENERIC: ""we use this every day""; GENERIC: ""take a moment to think""; GENERIC: ""are you ready""; GENERIC: ""listen carefully""","hello! today we will learn about punctuation together. hello, friend! today we are going to learn about punctuation through everyday life. are you ready? welcome! our mission is to learn about punctua"
"dda4dbd5-13b3-4ce3-a94f-985d3aafc6aa","Introduction to Quarters Using Circular Cut-outs","g2-mathematics-introduction-to-quarters-using-circular-cut-outs","Mathematics","Numbers","1.3 Fractions","By the end of the lesson, the learner should be able to: identify 1/4 as part of a whole","PUBLISHED","both","10","10","contaminated","contaminated","contaminated","FORBIDDEN: ""reading comprehension""; FORBIDDEN: ""read a short passage""; FORBIDDEN: ""good readers""; FORBIDDEN: ""words say""; FORBIDDEN: ""what did you learn about reading""; GENERIC: ""here is what you need to know""; GENERIC: ""this is an example sentence""; GENERIC: ""we use this every day""; GENERIC: ""take a moment to think""; GENERIC: ""are you ready""; GENERIC: ""listen carefully""; REFLECTION_MISMATCH: Math asks about reading","FORBIDDEN: ""reading comprehension""; FORBIDDEN: ""read a short passage""; FORBIDDEN: ""good readers""; FORBIDDEN: ""words say""; FORBIDDEN: ""what did you learn about reading""; GENERIC: ""here is what you need to know""; GENERIC: ""this is an example sentence""; GENERIC: ""we use this every day""; GENERIC: ""take a moment to think""; GENERIC: ""are you ready""; GENERIC: ""listen carefully""; REFLECTION_MISMATCH: Math asks about reading","hello! today we will learn about reading comprehension together. hello, friend! today we are going to learn about reading comprehension through everyday life. are you ready? welcome! our mission is to"
"1e0a8eb5-8ab9-4f7f-b2e7-66b100e244f1","Kutoa muhtasari wa hadithi ya usafiri","g2-kiswahili-kutoa-muhtasari-wa-hadithi-ya-usafiri","Kiswahili","Kusoma","Usafiri — Ufahamu","By the end of the lesson, the learner should be able to: give a short summary of a travel story.","PUBLISHED","none","","","empty","empty","empty","","",""
"61740cfb-5b87-4ae8-9888-088c6e1d3f98","The Garden: Vocabulary and Pronunciation","g2-english-the-garden-vocabulary-and-pronunciation","English","Listening and Speaking","1.2 Pronunciation and Vocabulary — The Garden: Present continuous tense","By the end of the lesson, the learner should be able to: recognise consonant blends, pronounce theme vocabulary correctl","PUBLISHED","both","10","10","suspicious","suspicious","suspicious","GENERIC: ""here is what you need to know""; GENERIC: ""we use this every day""; GENERIC: ""take a moment to think""; GENERIC: ""are you ready""; GENERIC: ""pay attention""; GENERIC: ""listen carefully""","GENERIC: ""here is what you need to know""; GENERIC: ""we use this every day""; GENERIC: ""take a moment to think""; GENERIC: ""are you ready""; GENERIC: ""pay attention""; GENERIC: ""listen carefully""","hello! today we will learn about listening skills together. hello, friend! today we are going to learn about listening skills through the garden. are you ready? welcome! our mission is to learn about "
"4a1711fd-16e0-4627-8268-131aa6f1829e","Sustained Silent Reading","sustained-silent-reading","English Language Activities","3.0 Reading","3.3 Silent Reading","Read silently for enjoyment; develop an interest in reading texts for pleasure","PUBLISHED","both","10","10","suspicious","suspicious","suspicious","GENERIC: ""here is what you need to know""; GENERIC: ""we use this every day""; GENERIC: ""take a moment to think""; GENERIC: ""are you ready""; GENERIC: ""listen carefully""","GENERIC: ""here is what you need to know""; GENERIC: ""we use this every day""; GENERIC: ""take a moment to think""; GENERIC: ""are you ready""; GENERIC: ""listen carefully""","hello! today we will learn about reading comprehension together. hello, friend! today we are going to learn about reading comprehension through reading. are you ready? welcome! our mission is to learn"
"2c898b02-fee3-4713-bfa3-2a9d5d62a588","Painting Organic and Geometric Shapes","g2-movement-painting-organic-and-geometric-shapes","Movement","Art and Craft: Paint and Colour","2.1 Paint Shapes from Observation — 3 official lesson(s)","By the end of the lesson, the learner should be able to identify painting materials, mix and apply paint correctly, pain","PUBLISHED","none","","","empty","empty","empty","","",""
"d92de26a-9d4e-4d6b-b7e4-170074ebad52","The Garden: Present continuous tense","g2-english-the-garden-present-continuous-tense","English","Listening and Speaking","1.3 Language Structures and Functions — The Garden: Present continuous tense","By the end of the lesson, the learner should be able to: use the present continuous tense to talk about ongoing actions,","PUBLISHED","both","10","10","suspicious","suspicious","suspicious","GENERIC: ""here is what you need to know""; GENERIC: ""we use this every day""; GENERIC: ""take a moment to think""; GENERIC: ""are you ready""; GENERIC: ""pay attention""; GENERIC: ""listen carefully""","GENERIC: ""here is what you need to know""; GENERIC: ""we use this every day""; GENERIC: ""take a moment to think""; GENERIC: ""are you ready""; GENERIC: ""pay attention""; GENERIC: ""listen carefully""","hello! today we will learn about listening skills together. hello, friend! today we are going to learn about listening skills through the garden. are you ready? welcome! our mission is to learn about "
"9b887eb8-0a48-4f37-9689-b53113904728","Introduction to Quarters Using Rectangular Cut-outs","g2-mathematics-introduction-to-quarters-using-rectangular-cut-outs","Mathematics","Numbers","1.3 Fractions","By the end of the lesson, the learner should be able to: identify 1/4 as part of a whole","PUBLISHED","draft","","10","empty","likely_clean","likely_clean","","GENERIC: ""are you ready""",""
"7cffcc49-f379-4496-8dcd-5030333008e8","Improvised Materials for Personal Care","g2-hygiene-nutrition-improvised-materials-for-personal-care","Hygiene & Nutrition","Personal Hygiene","2.1 Use and Care of Personal Items — 12 official lesson(s)","By the end of the lesson, the learner should be able to identify personal-cleanliness items, explain why they should not","PUBLISHED","none","","","empty","empty","empty","","",""
"f3c3af2e-f438-413f-b079-7a1cae9a8bbc","Kutambua herufi kubwa mwanzoni mwa sentensi","g2-kiswahili-kutambua-herufi-kubwa-mwanzoni-mwa-sentensi","Kiswahili","Sarufi","Usafiri — Matumizi ya herufi kubwa","By the end of the lesson, the learner should be able to: recognise capital letters at the beginning of sentences and nam","PUBLISHED","none","","","empty","empty","empty","","",""
"902337ec-b839-4610-a3f6-2c929a5cc15c","Trying to Make Ribbons with Sandy Soil","g2-environmental-trying-to-make-ribbons-with-sandy-soil","Environmental","Environment and its resources","1.3 Soil — exploring soil","By the end of the lesson, the learner should be able to explore different soil samples, model objects with soil, compare","PUBLISHED","none","","","empty","empty","empty","","",""
"a1b17621-f7fb-4ae5-a14e-b8b2ddb483c7","Clear and Neat Writing","clear-and-neat-writing","English Language Activities","4.0 Writing","4.3 Handwriting","Join letters to form meaningful words; use capitalization appropriately; appreciate clear and legible handwriting","PUBLISHED","both","10","10","suspicious","suspicious","suspicious","GENERIC: ""here is what you need to know""; GENERIC: ""we use this every day""; GENERIC: ""take a moment to think""; GENERIC: ""are you ready""; GENERIC: ""listen carefully""","GENERIC: ""here is what you need to know""; GENERIC: ""we use this every day""; GENERIC: ""take a moment to think""; GENERIC: ""are you ready""; GENERIC: ""listen carefully""","hello! today we will learn about writing skills together. hello, friend! today we are going to learn about writing skills through writing. are you ready? welcome! our mission is to learn about writing"
"d89df012-9074-4c07-97b7-652bca9ab2fa","Painting the Kenya National Flag","g2-movement-painting-the-kenya-national-flag","Movement","Art and Craft: Paint and Colour","2.1 Paint Shapes from Observation — 3 official lesson(s)","By the end of the lesson, the learner should be able to identify painting materials, mix and apply paint correctly, pain","PUBLISHED","none","","","empty","empty","empty","","",""
"54fc23cc-0f64-495c-931a-382805225abf","Writing Our Own Stories","writing-our-own-stories","English Language Activities","4.0 Writing","4.4 Creative Writing","Apply knowledge of creative writing process to write own texts","PUBLISHED","both","10","10","suspicious","suspicious","suspicious","GENERIC: ""here is what you need to know""; GENERIC: ""we use this every day""; GENERIC: ""take a moment to think""; GENERIC: ""are you ready""; GENERIC: ""listen carefully""","GENERIC: ""here is what you need to know""; GENERIC: ""we use this every day""; GENERIC: ""take a moment to think""; GENERIC: ""are you ready""; GENERIC: ""listen carefully""","hello! today we will learn about writing skills together. hello, friend! today we are going to learn about writing skills through writing. are you ready? welcome! our mission is to learn about writing"
"a0dae9f6-de91-4e34-8f18-75a5f2799077","The Garden: Reading Short Texts","g2-english-the-garden-reading-short-texts","English","Reading","2.2 Letter-Sound Knowledge / 2.3 Word Reading / 2.4 Fluency — The Garden: Present continuous tense","By the end of the lesson, the learner should be able to: read grade-level words and short connected texts related to the","PUBLISHED","both","10","10","suspicious","suspicious","suspicious","GENERIC: ""here is what you need to know""; GENERIC: ""we use this every day""; GENERIC: ""take a moment to think""; GENERIC: ""are you ready""; GENERIC: ""listen carefully""","GENERIC: ""here is what you need to know""; GENERIC: ""we use this every day""; GENERIC: ""take a moment to think""; GENERIC: ""are you ready""; GENERIC: ""listen carefully""","hello! today we will learn about reading comprehension together. hello, friend! today we are going to learn about reading comprehension through the garden. are you ready? welcome! our mission is to le"
"60441bd5-774f-4135-9871-666fc481b13b","Identifying 1/4 in Everyday Objects","g2-mathematics-identifying-1-4-in-everyday-objects","Mathematics","Numbers","1.3 Fractions","By the end of the lesson, the learner should be able to: identify 1/4 as part of a whole","PUBLISHED","draft","","10","empty","clean","clean","","",""
"b353f7c0-2684-4bc7-9602-db43a1172172","Observing Texture Patterns","g2-movement-observing-texture-patterns","Movement","Art and Craft: Pattern Making","3.1 Texture Patterns — 2 official lesson(s)","By the end of the lesson, the learner should be able to observe texture in the environment or digital media, create simp","PUBLISHED","none","","","empty","empty","empty","","",""
"922f2b67-63d0-4cde-9cac-4ec5f3141767","Kuandika sentensi kwa herufi kubwa ifaavyo","g2-kiswahili-kuandika-sentensi-kwa-herufi-kubwa-ifaavyo","Kiswahili","Sarufi","Usafiri — Matumizi ya herufi kubwa","By the end of the lesson, the learner should be able to: write simple sentences using capital letters correctly.","PUBLISHED","none","","","empty","empty","empty","","",""
"384e1576-55b3-49ce-911d-f86091738c8e","Drawing Personal Hygiene Items","g2-hygiene-nutrition-drawing-personal-hygiene-items","Hygiene & Nutrition","Personal Hygiene","2.1 Use and Care of Personal Items — 12 official lesson(s)","By the end of the lesson, the learner should be able to identify personal-cleanliness items, explain why they should not","PUBLISHED","none","","","empty","empty","empty","","",""
"c16bdbb7-6dcd-467b-9b83-a16e5734dc02","Comparing Which Soil Makes the Best Ribbon","g2-environmental-comparing-which-soil-makes-the-best-ribbon","Environmental","Environment and its resources","1.3 Soil — exploring soil","By the end of the lesson, the learner should be able to explore different soil samples, model objects with soil, compare","PUBLISHED","none","","","empty","empty","empty","","",""
"839653eb-cd5e-405b-a483-b6d307fee352","Comparing Fractions: 1/2 and 1/4","g2-mathematics-comparing-fractions-1-2-and-1-4","Mathematics","Numbers","1.3 Fractions","By the end of the lesson, the learner should be able to: identify 1/4 as part of a whole","PUBLISHED","both","10","10","suspicious","likely_clean","suspicious","GENERIC: ""here is what you need to know""; GENERIC: ""take a moment to think""; GENERIC: ""are you ready""","GENERIC: ""are you ready""","hello! i am owl. let us learn about 1/2 and 1/4 together! hello, friend! today we will learn about 1/2 and 1/4. are you ready? welcome! our mission is to explore 1/2 and 1/4 together. by the end of th"
"80e870e3-a169-4e15-b833-e7d8bd391526","Modelling Simple Objects with Soil","g2-environmental-modelling-simple-objects-with-soil","Environmental","Environment and its resources","1.3 Soil — exploring soil","By the end of the lesson, the learner should be able to explore different soil samples, model objects with soil, compare","PUBLISHED","none","","","empty","empty","empty","","",""
"b1c678af-9411-44f9-8592-fc502ba3c419","Word Meanings in Context","word-meanings-in-context","English Language Activities","3.0 Reading","3.4 Answering Comprehension Questions","Use context clues to determine the meaning of unknown words; develop vocabulary through reading","PUBLISHED","both","10","10","suspicious","suspicious","suspicious","GENERIC: ""here is what you need to know""; GENERIC: ""we use this every day""; GENERIC: ""take a moment to think""; GENERIC: ""are you ready""; GENERIC: ""listen carefully""","GENERIC: ""here is what you need to know""; GENERIC: ""we use this every day""; GENERIC: ""take a moment to think""; GENERIC: ""are you ready""; GENERIC: ""listen carefully""","hello! today we will learn about vocabulary together. hello, friend! today we are going to learn about vocabulary through word skills. are you ready? welcome! our mission is to learn about vocabulary."
"3418e049-c4a9-4717-8585-800771f062d5","Personal Items Review and Reflection","g2-hygiene-nutrition-personal-items-review-and-reflection","Hygiene & Nutrition","Personal Hygiene","2.1 Use and Care of Personal Items — 12 official lesson(s)","By the end of the lesson, the learner should be able to identify personal-cleanliness items, explain why they should not","PUBLISHED","none","","","empty","empty","empty","","",""
"524a486b-fe7e-4949-9ac6-7c91fd6faabe","The Garden: Writing Words and Sentences","g2-english-the-garden-writing-words-and-sentences","English","Writing","3.2 Handwriting / 3.3 Spelling / 3.5 Guided Writing — The Garden: Present continuous tense","By the end of the lesson, the learner should be able to: spell theme words, write legibly, and write simple meaningful s","PUBLISHED","both","10","10","suspicious","suspicious","suspicious","GENERIC: ""here is what you need to know""; GENERIC: ""we use this every day""; GENERIC: ""take a moment to think""; GENERIC: ""are you ready""; GENERIC: ""listen carefully""","GENERIC: ""here is what you need to know""; GENERIC: ""we use this every day""; GENERIC: ""take a moment to think""; GENERIC: ""are you ready""; GENERIC: ""listen carefully""","hello! today we will learn about writing skills together. hello, friend! today we are going to learn about writing skills through the garden. are you ready? welcome! our mission is to learn about writ"
"b4bccbcd-573d-4382-9ce4-6a4fa8c9242d","Sequencing and Connecting Ideas","sequencing-and-connecting-ideas","English Language Activities","4.0 Writing","4.4 Creative Writing","Write clearly with variety in sentence structure; use appropriate connecting words to sequence sentences","PUBLISHED","both","10","10","suspicious","suspicious","suspicious","GENERIC: ""here is what you need to know""; GENERIC: ""this is an example sentence""; GENERIC: ""we use this every day""; GENERIC: ""take a moment to think""; GENERIC: ""are you ready""; GENERIC: ""listen carefully""","GENERIC: ""here is what you need to know""; GENERIC: ""this is an example sentence""; GENERIC: ""we use this every day""; GENERIC: ""take a moment to think""; GENERIC: ""are you ready""; GENERIC: ""listen carefully""","hello! today we will learn about writing skills together. hello, friend! today we are going to learn about writing skills through everyday life. are you ready? welcome! our mission is to learn about w"
"2c1435c9-fc6a-4b6d-93f8-38f85ffb287e","Kuandika kuhusu chombo cha usafiri","g2-kiswahili-kuandika-kuhusu-chombo-cha-usafiri","Kiswahili","Kuandika","Usafiri — Sentensi fupi","By the end of the lesson, the learner should be able to: write short neat sentences about a means of transport.","PUBLISHED","none","","","empty","empty","empty","","",""
"309ea17a-dc90-4cdc-8d2b-36bbcd4f209b","Creating Colour Texture Patterns","g2-movement-creating-colour-texture-patterns","Movement","Art and Craft: Pattern Making","3.1 Texture Patterns — 2 official lesson(s)","By the end of the lesson, the learner should be able to observe texture in the environment or digital media, create simp","PUBLISHED","none","","","empty","empty","empty","","",""
"a0a6131f-c54c-46bb-87dd-9f8a3e764d8e","Observing Shapes for Pattern Making","g2-movement-observing-shapes-for-pattern-making","Movement","Art and Craft: Pattern Making","3.2 Shape Patterns — 2 official lesson(s)","By the end of the lesson, the learner should be able to observe shapes in the environment or digital media, create simpl","PUBLISHED","none","","","empty","empty","empty","","",""
"69642ec3-4c19-4b55-9d53-72115b69c2a6","Using Clay to Make Small Pots or Shapes","g2-environmental-using-clay-to-make-small-pots-or-shapes","Environmental","Environment and its resources","1.3 Soil — exploring soil","By the end of the lesson, the learner should be able to explore different soil samples, model objects with soil, compare","PUBLISHED","none","","","empty","empty","empty","","",""
"90a86c5f-9099-444d-bfd0-624879981d81","The Garden: Integrated Review and Assessment","g2-english-the-garden-integrated-review-and-assessment","English","Integrated English Practice","Integrated Review and Formative Assessment — The Garden: Present continuous tense","By the end of the lesson, the learner should be able to: use listening, speaking, reading and writing skills together to","PUBLISHED","both","10","10","suspicious","suspicious","suspicious","GENERIC: ""here is what you need to know""; GENERIC: ""we use this every day""; GENERIC: ""take a moment to think""; GENERIC: ""are you ready""; GENERIC: ""listen carefully""","GENERIC: ""here is what you need to know""; GENERIC: ""we use this every day""; GENERIC: ""take a moment to think""; GENERIC: ""are you ready""; GENERIC: ""listen carefully""","hello! today we will learn about grammar together. hello, friend! today we are going to learn about grammar through the garden. are you ready? welcome! our mission is to learn about grammar. use the r"
"b338ccb3-ac4d-41ae-9269-9c4ed8e69bcf","The Four Basic Tastes of Food","g2-hygiene-nutrition-the-four-basic-tastes-of-food","Hygiene & Nutrition","Foods","3.1 Basic Tastes of Food — 2 official lesson(s)","By the end of the lesson, the learner should be able to identify the four basic tastes of food, classify food according ","PUBLISHED","none","","","empty","empty","empty","","",""
"c8384b29-3fa4-41f2-9202-eb3edd3efc21","Usafiri: Mazoezi na tafakari","g2-kiswahili-usafiri-mazoezi-na-tafakari","Kiswahili","Tathmini","Usafiri — Marudio na tathmini","By the end of the lesson, the learner should be able to: demonstrate understanding of transport vocabulary, ch/dh sounds","PUBLISHED","both","10","10","clean","clean","clean","","","habari! mimi ni owl. leo tutapima yote tuliyojifunza. habari, rafiki! 🌟 leo tutapima yote tuliyojifunza. tutasikiliza, tusome, tuandike, na tuzungumze kwa kiswahili! karibu! lengo letu ni kuonyesha y"
"05517805-c7bd-442a-b0c3-6df583cb4fb2","Fractions in Daily Life: Sharing Food","g2-mathematics-fractions-in-daily-life-sharing-food","Mathematics","Numbers","1.3 Fractions","By the end of the lesson, the learner should be able to: identify 1/4 as part of a whole","PUBLISHED","both","10","10","suspicious","suspicious","suspicious","GENERIC: ""here is what you need to know""; GENERIC: ""take a moment to think""; GENERIC: ""are you ready""","GENERIC: ""here is what you need to know""; GENERIC: ""take a moment to think""; GENERIC: ""are you ready""","hello! i am owl. let us learn about sharing food together! hello, friend! today we will learn about sharing food. are you ready? welcome! our mission is to explore sharing food together. by the end of"
"79d60d40-832d-45b2-8f7d-768e54aee102","Creating Colour Shape Patterns","g2-movement-creating-colour-shape-patterns","Movement","Art and Craft: Pattern Making","3.2 Shape Patterns — 2 official lesson(s)","By the end of the lesson, the learner should be able to observe shapes in the environment or digital media, create simpl","PUBLISHED","none","","","empty","empty","empty","","",""
"380cddb0-85ad-498e-8955-3342216ed106","Kutamka sauti /gh/, /ny/ na /ng'/","g2-kiswahili-kutamka-sauti-gh-ny-na-ng","Kiswahili","Sauti na Herufi","Familia — Sauti za herufi mbili za Kiswahili","By the end of the lesson, the learner should be able to: pronounce /gh/, /ny/ and /ng'/ in simple Kiswahili words.","PUBLISHED","none","","","empty","empty","empty","","",""
"b163de06-c0e5-4a42-8bce-ba7dcab330a9","Making Patterns with Fractions","g2-mathematics-making-patterns-with-fractions","Mathematics","Numbers","1.3 Fractions","By the end of the lesson, the learner should be able to: identify 1/4 as part of a whole","PUBLISHED","draft","","10","empty","clean","clean","","",""
"c0cf39f9-b5cf-4160-92d7-86240a1ed101","Accidents: Listening for Key Ideas","g2-english-accidents-listening-for-key-ideas","English","Listening and Speaking","1.1 Attentive Listening — Accidents: Past continuous tense","By the end of the lesson, the learner should be able to: listen attentively, respond to simple two-directional instructi","PUBLISHED","both","10","10","suspicious","suspicious","suspicious","GENERIC: ""here is what you need to know""; GENERIC: ""we use this every day""; GENERIC: ""take a moment to think""; GENERIC: ""are you ready""; GENERIC: ""pay attention""; GENERIC: ""listen carefully""","GENERIC: ""here is what you need to know""; GENERIC: ""we use this every day""; GENERIC: ""take a moment to think""; GENERIC: ""are you ready""; GENERIC: ""pay attention""; GENERIC: ""listen carefully""","hello! today we will learn about listening skills together. hello, friend! today we are going to learn about listening skills through accidents. are you ready? welcome! our mission is to learn about l"
"11685912-c200-4542-80b9-dc73771c3dcb","Classifying Foods by Taste","g2-hygiene-nutrition-classifying-foods-by-taste","Hygiene & Nutrition","Foods","3.1 Basic Tastes of Food — 2 official lesson(s)","By the end of the lesson, the learner should be able to identify the four basic tastes of food, classify food according ","PUBLISHED","none","","","empty","empty","empty","","",""
"7b76ecb3-1ad5-4f2e-a244-6f50f1628db0","Soil Uses in the School Environment","g2-environmental-soil-uses-in-the-school-environment","Environmental","Environment and its resources","1.3 Soil — exploring soil","By the end of the lesson, the learner should be able to explore different soil samples, model objects with soil, compare","PUBLISHED","none","","","empty","empty","empty","","",""
"dbadac3a-b59b-4f76-bebf-efda6fb3e261","Digital Games with Fractions","g2-mathematics-digital-games-with-fractions","Mathematics","Numbers","1.3 Fractions","By the end of the lesson, the learner should be able to: identify 1/4 as part of a whole","PUBLISHED","draft","","10","empty","clean","clean","","",""
"0d56532a-fa18-4757-b7a3-1aa36b9e62bc","Foods and Drinks Taken by Family and Friends","g2-hygiene-nutrition-foods-and-drinks-taken-by-family-and-friends","Hygiene & Nutrition","Foods","3.2 Eating Habits — 3 official lesson(s)","By the end of the lesson, the learner should be able to mention foods and drinks taken by family and friends, identify f","PUBLISHED","none","","","empty","empty","empty","","",""
"34db39f6-7dbc-4f7e-880b-ac31f50ed57d","Soil Uses in the Community","g2-environmental-soil-uses-in-the-community","Environmental","Environment and its resources","1.3 Soil — exploring soil","By the end of the lesson, the learner should be able to explore different soil samples, model objects with soil, compare","PUBLISHED","none","","","empty","empty","empty","","",""
"0acff83c-979d-4bb3-9821-7e9df4760869","Writing for Pleasure","writing-for-pleasure","English Language Activities","4.0 Writing","4.1 Word and Sentence Formation","Develop an interest in writing for pleasure","PUBLISHED","both","10","10","suspicious","suspicious","suspicious","GENERIC: ""here is what you need to know""; GENERIC: ""we use this every day""; GENERIC: ""take a moment to think""; GENERIC: ""are you ready""; GENERIC: ""listen carefully""","GENERIC: ""here is what you need to know""; GENERIC: ""we use this every day""; GENERIC: ""take a moment to think""; GENERIC: ""are you ready""; GENERIC: ""listen carefully""","hello! today we will learn about writing skills together. hello, friend! today we are going to learn about writing skills through writing. are you ready? welcome! our mission is to learn about writing"
"f438c1b3-9cd9-4b5c-8a7a-3dc32bb1b14d","Naming Body Parts Used in Jumping for Distance","g2-movement-naming-body-parts-used-in-jumping-for-distance","Movement","Movement: Basic Movement Skills","1.3 Locomotor Skill: Jumping for Distance — 12 official lesson(s)","By the end of the lesson, the learner should be able to name body parts used when jumping for distance, perform jumping ","PUBLISHED","none","","","empty","empty","empty","","",""
"8c4501e8-d515-4d2b-9f0c-60e336c43e10","Accidents: Vocabulary and Pronunciation","g2-english-accidents-vocabulary-and-pronunciation","English","Listening and Speaking","1.2 Pronunciation and Vocabulary — Accidents: Past continuous tense","By the end of the lesson, the learner should be able to: recognise consonant blends, pronounce theme vocabulary correctl","PUBLISHED","both","10","10","suspicious","suspicious","suspicious","GENERIC: ""here is what you need to know""; GENERIC: ""we use this every day""; GENERIC: ""take a moment to think""; GENERIC: ""are you ready""; GENERIC: ""pay attention""; GENERIC: ""listen carefully""","GENERIC: ""here is what you need to know""; GENERIC: ""we use this every day""; GENERIC: ""take a moment to think""; GENERIC: ""are you ready""; GENERIC: ""pay attention""; GENERIC: ""listen carefully""","hello! today we will learn about listening skills together. hello, friend! today we are going to learn about listening skills through accidents. are you ready? welcome! our mission is to learn about l"
"c4badb49-55f4-4ab8-a520-25e58d5a88c2","Kusoma maneno yenye gh, ny na ng'","g2-kiswahili-kusoma-maneno-yenye-gh-ny-na-ng","Kiswahili","Sauti na Herufi","Familia — Silabi na maneno","By the end of the lesson, the learner should be able to: read simple words containing gh, ny and ng' using syllables.","PUBLISHED","none","","","empty","empty","empty","","",""
"c94e8eb4-99b5-4e5d-a2f2-0ef2a8966fc7","Accidents: Past continuous tense","g2-english-accidents-past-continuous-tense","English","Listening and Speaking","1.3 Language Structures and Functions — Accidents: Past continuous tense","By the end of the lesson, the learner should be able to: use the past continuous tense to describe actions that were ong","PUBLISHED","both","10","10","suspicious","suspicious","suspicious","GENERIC: ""here is what you need to know""; GENERIC: ""we use this every day""; GENERIC: ""take a moment to think""; GENERIC: ""are you ready""; GENERIC: ""pay attention""; GENERIC: ""listen carefully""","GENERIC: ""here is what you need to know""; GENERIC: ""we use this every day""; GENERIC: ""take a moment to think""; GENERIC: ""are you ready""; GENERIC: ""pay attention""; GENERIC: ""listen carefully""","hello! today we will learn about listening skills together. hello, friend! today we are going to learn about listening skills through accidents. are you ready? welcome! our mission is to learn about l"
"0fd55152-3abb-483c-872e-501000518645","Taking or Drawing Soil Use Pictures","g2-environmental-taking-or-drawing-soil-use-pictures","Environmental","Environment and its resources","1.3 Soil — exploring soil","By the end of the lesson, the learner should be able to explore different soil samples, model objects with soil, compare","PUBLISHED","none","","","empty","empty","empty","","",""
"eb224a66-b6da-49ec-8c2b-7a5d5245840b","Food Likes and Dislikes","g2-hygiene-nutrition-food-likes-and-dislikes","Hygiene & Nutrition","Foods","3.2 Eating Habits — 3 official lesson(s)","By the end of the lesson, the learner should be able to mention foods and drinks taken by family and friends, identify f","PUBLISHED","none","","","empty","empty","empty","","",""
"5a178ae5-2f9b-4471-9a33-f959a500ccd2","Kutambua maneno ya heshima","g2-kiswahili-kutambua-maneno-ya-heshima","Kiswahili","Kusikiliza na Kuzungumza","Familia — Maneno ya heshima na adabu","By the end of the lesson, the learner should be able to: identify polite Kiswahili words used in family and community in","PUBLISHED","none","","","empty","empty","empty","","",""
"c71a49c8-e9c6-41e5-b6ef-ad0aa386a59f","Fractions: Practice and Application","g2-mathematics-fractions-practice-and-application","Mathematics","Numbers","1.3 Fractions","By the end of the lesson, the learner should be able to: identify 1/4 as part of a whole","PUBLISHED","both","10","10","suspicious","clean","suspicious","GENERIC: ""here is what you need to know""; GENERIC: ""take a moment to think""; GENERIC: ""are you ready""","","hello! i am owl. let us learn about practice and application together! hello, friend! today we will learn about practice and application. are you ready? welcome! our mission is to explore practice and"
"d73989ea-e608-4932-84a3-0a4ba8de4c4f","Preparing a Safe Jumping Space","g2-movement-preparing-a-safe-jumping-space","Movement","Movement: Basic Movement Skills","1.3 Locomotor Skill: Jumping for Distance — 12 official lesson(s)","By the end of the lesson, the learner should be able to name body parts used when jumping for distance, perform jumping ","PUBLISHED","none","","","empty","empty","empty","","",""
"29953c69-d3d8-4bab-b38a-63979f805047","Practising Take-Off for Distance Jumping","g2-movement-practising-take-off-for-distance-jumping","Movement","Movement: Basic Movement Skills","1.3 Locomotor Skill: Jumping for Distance — 12 official lesson(s)","By the end of the lesson, the learner should be able to name body parts used when jumping for distance, perform jumping ","PUBLISHED","none","","","empty","empty","empty","","",""
"cc19db1e-d265-4ad5-8b2d-9ecd52754eec","Soil Exploration Review and Reflection","g2-environmental-soil-exploration-review-and-reflection","Environmental","Environment and its resources","1.3 Soil — exploring soil","By the end of the lesson, the learner should be able to explore different soil samples, model objects with soil, compare","PUBLISHED","none","","","empty","empty","empty","","",""
"a5114b24-5601-4180-9e29-8af09b4b40a1","Kutumia maneno ya heshima katika mazungumzo","g2-kiswahili-kutumia-maneno-ya-heshima-katika-mazungumzo","Kiswahili","Kusikiliza na Kuzungumza","Familia — Maneno ya heshima na adabu","By the end of the lesson, the learner should be able to: use polite words appropriately in short dialogues.","PUBLISHED","none","","","empty","empty","empty","","",""
"2e1869d6-f5df-46a1-9d02-b4b53a1062fe","Fractions: Assessment and Reflection","g2-mathematics-fractions-assessment-and-reflection","Mathematics","Numbers","1.3 Fractions","By the end of the lesson, the learner should be able to: identify 1/4 as part of a whole","PUBLISHED","both","10","10","suspicious","clean","suspicious","GENERIC: ""here is what you need to know""; GENERIC: ""take a moment to think""; GENERIC: ""are you ready""","","hello! i am owl. let us learn about assessment and reflection together! hello, friend! today we will learn about assessment and reflection. are you ready? welcome! our mission is to explore assessment"
"0bb4dceb-c6e8-4ab3-96f8-9b73fa46a3b4","Respecting Different Eating Habits","g2-hygiene-nutrition-respecting-different-eating-habits","Hygiene & Nutrition","Foods","3.2 Eating Habits — 3 official lesson(s)","By the end of the lesson, the learner should be able to mention foods and drinks taken by family and friends, identify f","PUBLISHED","none","","","empty","empty","empty","","",""
"81dee2f5-6764-44ab-b262-3d7cc57bdbe3","Accidents: Reading Short Texts","g2-english-accidents-reading-short-texts","English","Reading","2.2 Letter-Sound Knowledge / 2.3 Word Reading / 2.4 Fluency — Accidents: Past continuous tense","By the end of the lesson, the learner should be able to: read grade-level words and short connected texts related to the","PUBLISHED","both","10","10","suspicious","suspicious","suspicious","GENERIC: ""here is what you need to know""; GENERIC: ""we use this every day""; GENERIC: ""take a moment to think""; GENERIC: ""are you ready""; GENERIC: ""listen carefully""","GENERIC: ""here is what you need to know""; GENERIC: ""we use this every day""; GENERIC: ""take a moment to think""; GENERIC: ""are you ready""; GENERIC: ""listen carefully""","hello! today we will learn about reading comprehension together. hello, friend! today we are going to learn about reading comprehension through accidents. are you ready? welcome! our mission is to lea"
"20fa55c7-f58e-48dd-8ff4-376c1ba03c25","Kutaja watu wa familia","g2-kiswahili-kutaja-watu-wa-familia","Kiswahili","Msamiati","Familia — Msamiati wa familia","By the end of the lesson, the learner should be able to: name members of the extended family in Kiswahili.","PUBLISHED","none","","","empty","empty","empty","","",""
"13fc1aa3-f189-4523-92ae-10041d50c20b","Meals We Take in a Day","g2-hygiene-nutrition-meals-we-take-in-a-day","Hygiene & Nutrition","Foods","3.3 Meals and Snacks — 2 official lesson(s)","By the end of the lesson, the learner should be able to tell the number of meals taken in a day, differentiate between a","PUBLISHED","none","","","empty","empty","empty","","",""
"9af87e23-2e4e-43f4-b9a5-a03fa481c28a","Practising Safe Landing After a Jump","g2-movement-practising-safe-landing-after-a-jump","Movement","Movement: Basic Movement Skills","1.3 Locomotor Skill: Jumping for Distance — 12 official lesson(s)","By the end of the lesson, the learner should be able to name body parts used when jumping for distance, perform jumping ","PUBLISHED","none","","","empty","empty","empty","","",""
"5c844138-1e0d-4e6a-964e-b4b02043c93f","Editing and Correcting Spelling","editing-and-correcting-spelling","English Language Activities","4.0 Writing","4.2 Spelling Instruction","Use simple editing strategies to correct spelling in simple sentences; appreciate the importance of correct spelling","PUBLISHED","both","10","10","suspicious","suspicious","suspicious","GENERIC: ""here is what you need to know""; GENERIC: ""we use this every day""; GENERIC: ""take a moment to think""; GENERIC: ""are you ready""; GENERIC: ""listen carefully""","GENERIC: ""here is what you need to know""; GENERIC: ""we use this every day""; GENERIC: ""take a moment to think""; GENERIC: ""are you ready""; GENERIC: ""listen carefully""","hello! today we will learn about spelling together. hello, friend! today we are going to learn about spelling through writing. are you ready? welcome! our mission is to learn about spelling. spell wor"
"898a2054-8648-4492-b5a5-ab8e1244f102","Nature Walk: Looking Closely at Plants","g2-environmental-nature-walk-looking-closely-at-plants","Environmental","Environment and its resources","1.4 Plants — exploring parts of plants","By the end of the lesson, the learner should be able to identify plant parts, draw or photograph plant parts, and show i","PUBLISHED","both","10","10","suspicious","suspicious","suspicious","GENERIC: ""here is what you need to know""; GENERIC: ""take a moment to think""; GENERIC: ""are you ready""","GENERIC: ""here is what you need to know""; GENERIC: ""take a moment to think""; GENERIC: ""are you ready""","hello! i am owl. let us learn about looking closely at plants together! hello, friend! today we will learn about looking closely at plants. are you ready? welcome! our mission is to explore looking cl"
"d576af7e-c7b5-4897-bfe4-bfc2c33b882b","Accidents: Writing Words and Sentences","g2-english-accidents-writing-words-and-sentences","English","Writing","3.2 Handwriting / 3.3 Spelling / 3.5 Guided Writing — Accidents: Past continuous tense","By the end of the lesson, the learner should be able to: spell theme words, write legibly, and write simple meaningful s","PUBLISHED","both","10","10","suspicious","suspicious","suspicious","GENERIC: ""here is what you need to know""; GENERIC: ""we use this every day""; GENERIC: ""take a moment to think""; GENERIC: ""are you ready""; GENERIC: ""listen carefully""","GENERIC: ""here is what you need to know""; GENERIC: ""we use this every day""; GENERIC: ""take a moment to think""; GENERIC: ""are you ready""; GENERIC: ""listen carefully""","hello! today we will learn about writing skills together. hello, friend! today we are going to learn about writing skills through accidents. are you ready? welcome! our mission is to learn about writi"
"ca9a1fe5-99cd-46bd-bb2f-ea1e2c43800a","Adding Single Digit Numbers Horizontally","g2-mathematics-adding-single-digit-numbers-horizontally","Mathematics","Numbers","1.4 Addition","By the end of the lesson, the learner should be able to: add a 2-digit number to a 1-digit number without and with regro","PUBLISHED","both","10","10","contaminated","contaminated","contaminated","FORBIDDEN: ""reading comprehension""; FORBIDDEN: ""read a short passage""; FORBIDDEN: ""good readers""; FORBIDDEN: ""words say""; FORBIDDEN: ""what did you learn about reading""; GENERIC: ""here is what you need to know""; GENERIC: ""this is an example sentence""; GENERIC: ""we use this every day""; GENERIC: ""take a moment to think""; GENERIC: ""are you ready""; GENERIC: ""listen carefully""; REFLECTION_MISMATCH: Math asks about reading","FORBIDDEN: ""reading comprehension""; FORBIDDEN: ""read a short passage""; FORBIDDEN: ""good readers""; FORBIDDEN: ""words say""; FORBIDDEN: ""what did you learn about reading""; GENERIC: ""here is what you need to know""; GENERIC: ""this is an example sentence""; GENERIC: ""we use this every day""; GENERIC: ""take a moment to think""; GENERIC: ""are you ready""; GENERIC: ""listen carefully""; REFLECTION_MISMATCH: Math asks about reading","hello! today we will learn about reading comprehension together. hello, friend! today we are going to learn about reading comprehension through everyday life. are you ready? welcome! our mission is to"
"d300bdf1-094f-481d-9f97-f648ca24250c","Difference Between Meals and Snacks","g2-hygiene-nutrition-difference-between-meals-and-snacks","Hygiene & Nutrition","Foods","3.3 Meals and Snacks — 2 official lesson(s)","By the end of the lesson, the learner should be able to tell the number of meals taken in a day, differentiate between a","PUBLISHED","none","","","empty","empty","empty","","",""
"9a265092-b15f-4785-8315-8b71c6d71150","Kutumia majina ya familia katika sentensi","g2-kiswahili-kutumia-majina-ya-familia-katika-sentensi","Kiswahili","Msamiati","Familia — Msamiati wa familia","By the end of the lesson, the learner should be able to: use family vocabulary in simple oral and written sentences.","PUBLISHED","none","","","empty","empty","empty","","",""
"9fcb3539-3dbd-409e-a515-260391a58912","Accidents: Integrated Review and Assessment","g2-english-accidents-integrated-review-and-assessment","English","Integrated English Practice","Integrated Review and Formative Assessment — Accidents: Past continuous tense","By the end of the lesson, the learner should be able to: use listening, speaking, reading and writing skills together to","PUBLISHED","both","10","10","suspicious","suspicious","suspicious","GENERIC: ""here is what you need to know""; GENERIC: ""we use this every day""; GENERIC: ""take a moment to think""; GENERIC: ""are you ready""; GENERIC: ""listen carefully""","GENERIC: ""here is what you need to know""; GENERIC: ""we use this every day""; GENERIC: ""take a moment to think""; GENERIC: ""are you ready""; GENERIC: ""listen carefully""","hello! today we will learn about grammar together. hello, friend! today we are going to learn about grammar through accidents. are you ready? welcome! our mission is to learn about grammar. use the ri"
"f58faf50-97f7-4340-b17f-9eff6f08e38d","Adding Single Digit Numbers Vertically","g2-mathematics-adding-single-digit-numbers-vertically","Mathematics","Numbers","1.4 Addition","By the end of the lesson, the learner should be able to: add 3-single digit numbers up to a sum of 20","PUBLISHED","draft","","10","empty","clean","clean","","",""
"7d4f7898-7c5d-4aa0-ada1-3aa162b8b9b9","Identifying Roots","g2-environmental-identifying-roots","Environmental","Environment and its resources","1.4 Plants — exploring parts of plants","By the end of the lesson, the learner should be able to identify plant parts, draw or photograph plant parts, and show i","PUBLISHED","none","","","empty","empty","empty","","",""
"e921c560-2c5c-4b29-869c-db79fe058d92","Jumping Forward Over Short Distances","g2-movement-jumping-forward-over-short-distances","Movement","Movement: Basic Movement Skills","1.3 Locomotor Skill: Jumping for Distance — 12 official lesson(s)","By the end of the lesson, the learner should be able to name body parts used when jumping for distance, perform jumping ","PUBLISHED","none","","","empty","empty","empty","","",""
"b14caaf2-e10d-4856-95e4-e973a837cbe9","Foods We Get from Plants","g2-hygiene-nutrition-foods-we-get-from-plants","Hygiene & Nutrition","Foods","3.4 Grouping of Food — 4 official lesson(s)","By the end of the lesson, the learner should be able to identify foods from plant sources, group plant foods by plant pa","PUBLISHED","none","","","empty","empty","empty","","",""
"f59a02a8-3148-48e8-945e-48b7861cf5c9","Identifying Stems","g2-environmental-identifying-stems","Environmental","Environment and its resources","1.4 Plants — exploring parts of plants","By the end of the lesson, the learner should be able to identify plant parts, draw or photograph plant parts, and show i","PUBLISHED","none","","","empty","empty","empty","","",""
"fa9b03f8-3914-47da-975d-6edba92ab657","Classroom: Listening for Key Ideas","g2-english-classroom-listening-for-key-ideas","English","Listening and Speaking","1.1 Attentive Listening — Classroom: Cardinal and ordinal numbers","By the end of the lesson, the learner should be able to: listen attentively, respond to simple two-directional instructi","PUBLISHED","both","10","10","suspicious","suspicious","suspicious","GENERIC: ""here is what you need to know""; GENERIC: ""we use this every day""; GENERIC: ""take a moment to think""; GENERIC: ""are you ready""; GENERIC: ""pay attention""; GENERIC: ""listen carefully""","GENERIC: ""here is what you need to know""; GENERIC: ""we use this every day""; GENERIC: ""take a moment to think""; GENERIC: ""are you ready""; GENERIC: ""pay attention""; GENERIC: ""listen carefully""","hello! today we will learn about listening skills together. hello, friend! today we are going to learn about listening skills through classroom. are you ready? welcome! our mission is to learn about l"
"9db5cc20-3581-4171-9055-91c7dd07676e","Adding 2-Digit and 1-Digit Numbers Without Regrouping","g2-mathematics-adding-2-digit-and-1-digit-numbers-without-regrouping","Mathematics","Numbers","1.4 Addition","By the end of the lesson, the learner should be able to: add a 2-digit number to a 2-digit number without and with regro","PUBLISHED","both","10","10","contaminated","contaminated","contaminated","FORBIDDEN: ""reading comprehension""; FORBIDDEN: ""read a short passage""; FORBIDDEN: ""good readers""; FORBIDDEN: ""words say""; FORBIDDEN: ""what did you learn about reading""; GENERIC: ""here is what you need to know""; GENERIC: ""this is an example sentence""; GENERIC: ""we use this every day""; GENERIC: ""take a moment to think""; GENERIC: ""are you ready""; GENERIC: ""listen carefully""; REFLECTION_MISMATCH: Math asks about reading","FORBIDDEN: ""reading comprehension""; FORBIDDEN: ""read a short passage""; FORBIDDEN: ""good readers""; FORBIDDEN: ""words say""; FORBIDDEN: ""what did you learn about reading""; GENERIC: ""here is what you need to know""; GENERIC: ""this is an example sentence""; GENERIC: ""we use this every day""; GENERIC: ""take a moment to think""; GENERIC: ""are you ready""; GENERIC: ""listen carefully""; REFLECTION_MISMATCH: Math asks about reading","hello! today we will learn about reading comprehension together. hello, friend! today we are going to learn about reading comprehension through everyday life. are you ready? welcome! our mission is to"
"33c38664-6d8d-459a-a48a-02c6f4c770d9","Kusimulia kuhusu familia yangu","g2-kiswahili-kusimulia-kuhusu-familia-yangu","Kiswahili","Kusikiliza na Kuzungumza","Familia — Masimulizi","By the end of the lesson, the learner should be able to: speak about family members clearly and respectfully.","PUBLISHED","none","","","empty","empty","empty","","",""
"c21e7c4f-b94f-4314-a198-d15a958222a0","Jumping Over Safe Markers","g2-movement-jumping-over-safe-markers","Movement","Movement: Basic Movement Skills","1.3 Locomotor Skill: Jumping for Distance — 12 official lesson(s)","By the end of the lesson, the learner should be able to name body parts used when jumping for distance, perform jumping ","PUBLISHED","none","","","empty","empty","empty","","",""
"9a88800b-14a3-4215-b961-fa6c97d6409e","Comparing Near and Far Jumps Safely","g2-movement-comparing-near-and-far-jumps-safely","Movement","Movement: Basic Movement Skills","1.3 Locomotor Skill: Jumping for Distance — 12 official lesson(s)","By the end of the lesson, the learner should be able to name body parts used when jumping for distance, perform jumping ","PUBLISHED","none","","","empty","empty","empty","","",""
"bbc52951-9705-4766-b264-b89c46eed7ba","Classroom: Vocabulary and Pronunciation","g2-english-classroom-vocabulary-and-pronunciation","English","Listening and Speaking","1.2 Pronunciation and Vocabulary — Classroom: Cardinal and ordinal numbers","By the end of the lesson, the learner should be able to: recognise consonant blends, pronounce theme vocabulary correctl","PUBLISHED","both","10","10","suspicious","suspicious","suspicious","GENERIC: ""here is what you need to know""; GENERIC: ""we use this every day""; GENERIC: ""take a moment to think""; GENERIC: ""are you ready""; GENERIC: ""pay attention""; GENERIC: ""listen carefully""","GENERIC: ""here is what you need to know""; GENERIC: ""we use this every day""; GENERIC: ""take a moment to think""; GENERIC: ""are you ready""; GENERIC: ""pay attention""; GENERIC: ""listen carefully""","hello! today we will learn about listening skills together. hello, friend! today we are going to learn about listening skills through classroom. are you ready? welcome! our mission is to learn about l"
"68788758-5a0e-45ff-a68d-11587051876d","Identifying Leaves","g2-environmental-identifying-leaves","Environmental","Environment and its resources","1.4 Plants — exploring parts of plants","By the end of the lesson, the learner should be able to identify plant parts, draw or photograph plant parts, and show i","PUBLISHED","none","","","empty","empty","empty","","",""
"2f528f6b-b4c9-4120-a18e-9d86ea949d3e","Adding 2-Digit and 1-Digit Numbers With Regrouping","g2-mathematics-adding-2-digit-and-1-digit-numbers-with-regrouping","Mathematics","","","","PUBLISHED","draft","","10","empty","clean","clean","","",""
"ff0eab7b-753b-4373-9af1-a8d307e2ab55","Grouping Plant Foods by Plant Part","g2-hygiene-nutrition-grouping-plant-foods-by-plant-part","Hygiene & Nutrition","Foods","3.4 Grouping of Food — 4 official lesson(s)","By the end of the lesson, the learner should be able to identify foods from plant sources, group plant foods by plant pa","PUBLISHED","none","","","empty","empty","empty","","",""
"666490ca-246d-43eb-ac00-dc49c7553c12","Kusoma hadithi kuhusu familia","g2-kiswahili-kusoma-hadithi-kuhusu-familia","Kiswahili","Kusoma","Familia — Hadithi","By the end of the lesson, the learner should be able to: read a short story about family and identify key details.","PUBLISHED","none","","","empty","empty","empty","","",""
"c3fe4f73-5e58-41b0-8607-daac5195c475","Handwriting Practice and Contests","handwriting-practice-and-contests","English Language Activities","4.0 Writing","4.3 Handwriting","Develop an interest in writing for pleasure; exhibit artistic expression through writing","PUBLISHED","both","10","10","suspicious","suspicious","suspicious","GENERIC: ""here is what you need to know""; GENERIC: ""we use this every day""; GENERIC: ""take a moment to think""; GENERIC: ""are you ready""; GENERIC: ""listen carefully""","GENERIC: ""here is what you need to know""; GENERIC: ""we use this every day""; GENERIC: ""take a moment to think""; GENERIC: ""are you ready""; GENERIC: ""listen carefully""","hello! today we will learn about writing skills together. hello, friend! today we are going to learn about writing skills through writing. are you ready? welcome! our mission is to learn about writing"
"b49d445e-49f9-4119-86ed-22a9131348f9","Identifying Flowers","g2-environmental-identifying-flowers","Environmental","Environment and its resources","1.4 Plants — exploring parts of plants","By the end of the lesson, the learner should be able to identify plant parts, draw or photograph plant parts, and show i","PUBLISHED","none","","","empty","empty","empty","","",""
"2e597c3b-b39f-455e-8d88-80eaa1445d01","Foods We Get from Animals","g2-hygiene-nutrition-foods-we-get-from-animals","Hygiene & Nutrition","Foods","3.4 Grouping of Food — 4 official lesson(s)","By the end of the lesson, the learner should be able to identify foods from plant sources, group plant foods by plant pa","PUBLISHED","none","","","empty","empty","empty","","",""
"8529ca9e-cdea-406e-a541-35ed768747cb","Classroom: Cardinal and ordinal numbers","g2-english-classroom-cardinal-and-ordinal-numbers","English","Listening and Speaking","1.3 Language Structures and Functions — Classroom: Cardinal and ordinal numbers","By the end of the lesson, the learner should be able to: use cardinal and ordinal numbers correctly when talking about c","PUBLISHED","both","10","10","suspicious","suspicious","suspicious","GENERIC: ""here is what you need to know""; GENERIC: ""we use this every day""; GENERIC: ""take a moment to think""; GENERIC: ""are you ready""; GENERIC: ""pay attention""; GENERIC: ""listen carefully""","GENERIC: ""here is what you need to know""; GENERIC: ""we use this every day""; GENERIC: ""take a moment to think""; GENERIC: ""are you ready""; GENERIC: ""pay attention""; GENERIC: ""listen carefully""","hello! today we will learn about listening skills together. hello, friend! today we are going to learn about listening skills through classroom. are you ready? welcome! our mission is to learn about l"
"4fa40ac0-f60d-4f98-9d23-f85566b28af6","Adding Using the Number Line","g2-mathematics-adding-using-the-number-line","Mathematics","Numbers","1.4 Addition","By the end of the lesson, the learner should be able to: work out missing numbers in patterns involving addition of whol","PUBLISHED","draft","","10","empty","clean","clean","","",""
"fef79089-2f13-4a2f-8185-088c956a5ba7","Kueleza ujumbe wa hadithi ya familia","g2-kiswahili-kueleza-ujumbe-wa-hadithi-ya-familia","Kiswahili","Kusoma","Familia — Ufahamu","By the end of the lesson, the learner should be able to: explain the main message from a family story.","PUBLISHED","none","","","empty","empty","empty","","",""
"111ffd7a-ba2e-40c9-bf78-bb2e0c6ba22e","Jumping in Pairs and Groups","g2-movement-jumping-in-pairs-and-groups","Movement","Movement: Basic Movement Skills","1.3 Locomotor Skill: Jumping for Distance — 12 official lesson(s)","By the end of the lesson, the learner should be able to name body parts used when jumping for distance, perform jumping ","PUBLISHED","none","","","empty","empty","empty","","",""
"02c1de58-3ce6-497b-8c1f-c7365daf3099","Plant and Animal Food Sources Review","g2-hygiene-nutrition-plant-and-animal-food-sources-review","Hygiene & Nutrition","Foods","3.4 Grouping of Food — 4 official lesson(s)","By the end of the lesson, the learner should be able to identify foods from plant sources, group plant foods by plant pa","PUBLISHED","none","","","empty","empty","empty","","",""
"110513ef-2e92-4b54-abe0-64df6d8d388a","Identifying Fruits on Plants","g2-environmental-identifying-fruits-on-plants","Environmental","Environment and its resources","1.4 Plants — exploring parts of plants","By the end of the lesson, the learner should be able to identify plant parts, draw or photograph plant parts, and show i","PUBLISHED","none","","","empty","empty","empty","","",""
"e107ba9d-6db4-4e3a-a3c4-e6f62e3f498a","Combining Balance and Distance in Jumping","g2-movement-combining-balance-and-distance-in-jumping","Movement","Movement: Basic Movement Skills","1.3 Locomotor Skill: Jumping for Distance — 12 official lesson(s)","By the end of the lesson, the learner should be able to name body parts used when jumping for distance, perform jumping ","PUBLISHED","none","","","empty","empty","empty","","",""
"8dd7a935-2be6-4477-b1c7-ff79a6687233","Classroom: Reading Short Texts","g2-english-classroom-reading-short-texts","English","Reading","2.2 Letter-Sound Knowledge / 2.3 Word Reading / 2.4 Fluency — Classroom: Cardinal and ordinal numbers","By the end of the lesson, the learner should be able to: read grade-level words and short connected texts related to the","PUBLISHED","both","10","10","suspicious","suspicious","suspicious","GENERIC: ""here is what you need to know""; GENERIC: ""we use this every day""; GENERIC: ""take a moment to think""; GENERIC: ""are you ready""; GENERIC: ""listen carefully""","GENERIC: ""here is what you need to know""; GENERIC: ""we use this every day""; GENERIC: ""take a moment to think""; GENERIC: ""are you ready""; GENERIC: ""listen carefully""","hello! today we will learn about reading comprehension together. hello, friend! today we are going to learn about reading comprehension through classroom. are you ready? welcome! our mission is to lea"
"49816eb2-be9d-4d51-88c0-b8ef15a25f58","Kutambua vitendo katika sentensi","g2-kiswahili-kutambua-vitendo-katika-sentensi","Kiswahili","Sarufi","Familia — Vitendo katika sentensi","By the end of the lesson, the learner should be able to: identify action words in simple Kiswahili sentences.","PUBLISHED","none","","","empty","empty","empty","","",""
"5f1f7551-1c06-40d2-a10d-14cdece75151","Adding 3 Single Digit Numbers Horizontally","g2-mathematics-adding-3-single-digit-numbers-horizontally","Mathematics","Numbers","1.4 Addition","By the end of the lesson, the learner should be able to: work out missing numbers in patterns involving addition of whol","PUBLISHED","draft","","10","empty","clean","clean","","",""
"4bc1559e-6702-4b3f-ab59-ea41df5b8da6","Creative Story Writing","creative-story-writing","English Language Activities","4.0 Writing","4.4 Creative Writing","Exhibit artistic expression through writing","PUBLISHED","both","10","10","suspicious","suspicious","suspicious","GENERIC: ""here is what you need to know""; GENERIC: ""we use this every day""; GENERIC: ""take a moment to think""; GENERIC: ""are you ready""; GENERIC: ""listen carefully""","GENERIC: ""here is what you need to know""; GENERIC: ""we use this every day""; GENERIC: ""take a moment to think""; GENERIC: ""are you ready""; GENERIC: ""listen carefully""","hello! today we will learn about writing skills together. hello, friend! today we are going to learn about writing skills through stories. are you ready? welcome! our mission is to learn about writing"
"92c79e3a-9333-4859-a8fe-eb3d4a44842f","Foods Eaten by School-Going Children","g2-hygiene-nutrition-foods-eaten-by-school-going-children","Hygiene & Nutrition","Foods","3.5 Food for School-Going Children — 2 official lesson(s)","By the end of the lesson, the learner should be able to mention foods eaten by school-going children, identify suitable ","PUBLISHED","none","","","empty","empty","empty","","",""
"70fdce2b-3284-4c89-8497-036aee7d9207","Adding 3 Single Digit Numbers Vertically","g2-mathematics-adding-3-single-digit-numbers-vertically","Mathematics","Numbers","1.4 Addition","By the end of the lesson, the learner should be able to: work out missing numbers in patterns involving addition of whol","PUBLISHED","draft","","10","empty","clean","clean","","",""
"794483be-a4d9-4fc0-af65-4b97f19cb1b0","Classroom: Writing Words and Sentences","g2-english-classroom-writing-words-and-sentences","English","Writing","3.2 Handwriting / 3.3 Spelling / 3.5 Guided Writing — Classroom: Cardinal and ordinal numbers","By the end of the lesson, the learner should be able to: spell theme words, write legibly, and write simple meaningful s","PUBLISHED","both","10","10","suspicious","suspicious","suspicious","GENERIC: ""here is what you need to know""; GENERIC: ""we use this every day""; GENERIC: ""take a moment to think""; GENERIC: ""are you ready""; GENERIC: ""listen carefully""","GENERIC: ""here is what you need to know""; GENERIC: ""we use this every day""; GENERIC: ""take a moment to think""; GENERIC: ""are you ready""; GENERIC: ""listen carefully""","hello! today we will learn about writing skills together. hello, friend! today we are going to learn about writing skills through classroom. are you ready? welcome! our mission is to learn about writi"
"f82df719-4d6b-4125-97da-ca1bf1276e9e","Playing Safe Distance Jumping Games","g2-movement-playing-safe-distance-jumping-games","Movement","Movement: Basic Movement Skills","1.3 Locomotor Skill: Jumping for Distance — 12 official lesson(s)","By the end of the lesson, the learner should be able to name body parts used when jumping for distance, perform jumping ","PUBLISHED","none","","","empty","empty","empty","","",""
"be4c651a-96eb-4eab-8d79-565aed748df4","Matching Plant Parts to Pictures","g2-environmental-matching-plant-parts-to-pictures","Environmental","Environment and its resources","1.4 Plants — exploring parts of plants","By the end of the lesson, the learner should be able to identify plant parts, draw or photograph plant parts, and show i","PUBLISHED","none","","","empty","empty","empty","","",""
"8beea3c7-4dde-4389-8956-91778fba7fe2","Kuandika sentensi kuhusu familia","g2-kiswahili-kuandika-sentensi-kuhusu-familia","Kiswahili","Kuandika","Familia — Sentensi fupi","By the end of the lesson, the learner should be able to: write neat sentences about family using correct vocabulary and ","PUBLISHED","none","","","empty","empty","empty","","",""
"682ff066-1729-433b-9058-26b71e8598fa","Classroom: Integrated Review and Assessment","g2-english-classroom-integrated-review-and-assessment","English","Integrated English Practice","Integrated Review and Formative Assessment — Classroom: Cardinal and ordinal numbers","By the end of the lesson, the learner should be able to: use listening, speaking, reading and writing skills together to","PUBLISHED","both","10","10","suspicious","suspicious","suspicious","GENERIC: ""here is what you need to know""; GENERIC: ""we use this every day""; GENERIC: ""take a moment to think""; GENERIC: ""are you ready""; GENERIC: ""listen carefully""","GENERIC: ""here is what you need to know""; GENERIC: ""we use this every day""; GENERIC: ""take a moment to think""; GENERIC: ""are you ready""; GENERIC: ""listen carefully""","hello! today we will learn about reading comprehension together. hello, friend! today we are going to learn about reading comprehension through classroom. are you ready? welcome! our mission is to lea"
"7ebae2e0-731b-4b25-b899-01e9958f995d","Talking About Plant Parts in Groups","g2-environmental-talking-about-plant-parts-in-groups","Environmental","Environment and its resources","1.4 Plants — exploring parts of plants","By the end of the lesson, the learner should be able to identify plant parts, draw or photograph plant parts, and show i","PUBLISHED","none","","","empty","empty","empty","","",""
"04ace7c5-69d3-4462-81b7-12b642aa3436","Independent Creative Writing","independent-creative-writing","English Language Activities","4.0 Writing","4.4 Creative Writing","Choose to write independently during free choice activities","PUBLISHED","both","10","10","suspicious","suspicious","suspicious","GENERIC: ""here is what you need to know""; GENERIC: ""we use this every day""; GENERIC: ""take a moment to think""; GENERIC: ""are you ready""; GENERIC: ""listen carefully""","GENERIC: ""here is what you need to know""; GENERIC: ""we use this every day""; GENERIC: ""take a moment to think""; GENERIC: ""are you ready""; GENERIC: ""listen carefully""","hello! today we will learn about writing skills together. hello, friend! today we are going to learn about writing skills through writing. are you ready? welcome! our mission is to learn about writing"
"f180b46d-d0ce-4161-8ab7-7f435d246950","Eating Enough Food for Good Health","g2-hygiene-nutrition-eating-enough-food-for-good-health","Hygiene & Nutrition","Foods","3.5 Food for School-Going Children — 2 official lesson(s)","By the end of the lesson, the learner should be able to mention foods eaten by school-going children, identify suitable ","PUBLISHED","none","","","empty","empty","empty","","",""
"5cea9ba8-0047-466b-a4eb-6c1e80b3c92a","Breaking Numbers Apart to Make 10","g2-mathematics-breaking-numbers-apart-to-make-10","Mathematics","Numbers","1.4 Addition","By the end of the lesson, the learner should be able to: work out missing numbers in patterns involving addition of whol","PUBLISHED","draft","","10","empty","clean","clean","","",""
"ed77d803-ca97-4cc6-87df-08ff6dbd4938","Familia: Mazoezi na tafakari","g2-kiswahili-familia-mazoezi-na-tafakari","Kiswahili","Tathmini","Familia — Marudio na tathmini","By the end of the lesson, the learner should be able to: demonstrate understanding of family vocabulary, polite words, t","PUBLISHED","both","10","10","clean","clean","clean","","","habari! mimi ni owl. leo tutapima yote tuliyojifunza. habari, rafiki! 🌟 leo tutapima yote tuliyojifunza. tutasikiliza, tusome, tuandike, na tuzungumze kwa kiswahili! karibu! lengo letu ni kuonyesha y"
"fc0abacd-c3dd-463d-8386-ab866e8d0600","Observing Rules During Jumping Activities","g2-movement-observing-rules-during-jumping-activities","Movement","Movement: Basic Movement Skills","1.3 Locomotor Skill: Jumping for Distance — 12 official lesson(s)","By the end of the lesson, the learner should be able to name body parts used when jumping for distance, perform jumping ","PUBLISHED","none","","","empty","empty","empty","","",""
"af51bd6e-b42a-4a17-b832-3a718e5fae43","Drawing a Plant from the Environment","g2-environmental-drawing-a-plant-from-the-environment","Environmental","Environment and its resources","1.4 Plants — exploring parts of plants","By the end of the lesson, the learner should be able to identify plant parts, draw or photograph plant parts, and show i","PUBLISHED","none","","","empty","empty","empty","","",""
"c6b7497d-a330-4268-a04c-2b80d4bb3b89","Jumping for Distance Practice and Reflection","g2-movement-jumping-for-distance-practice-and-reflection","Movement","Movement: Basic Movement Skills","1.3 Locomotor Skill: Jumping for Distance — 12 official lesson(s)","By the end of the lesson, the learner should be able to name body parts used when jumping for distance, perform jumping ","PUBLISHED","none","","","empty","empty","empty","","",""
"7fe4e4f8-25d2-4aab-b06f-34120a06d946","Word Problems: Single Digit Addition","g2-mathematics-word-problems-single-digit-addition","Mathematics","Numbers","1.4 Addition","By the end of the lesson, the learner should be able to: work out missing numbers in patterns involving addition of whol","PUBLISHED","published","10","","suspicious","empty","suspicious","QC_NO_CORRECT_INDEX","","hello! word problems are stories with numbers. read carefully, find the math! today we solve word problems! stories with math inside. we put together to find the answer. story problems! your mission: "
"6f03aa5e-2719-40be-86b4-77f91754e360","Apportioning Food on a Plate","g2-hygiene-nutrition-apportioning-food-on-a-plate","Hygiene & Nutrition","Foods","3.6 Good Eating Habits — 2 official lesson(s)","By the end of the lesson, the learner should be able to describe how food is apportioned on a plate, explain the importa","PUBLISHED","none","","","empty","empty","empty","","",""
"df27ca1f-b44c-4387-83db-a18e1baf2dc6","The Farm: Listening for Key Ideas","g2-english-the-farm-listening-for-key-ideas","English","Listening and Speaking","1.1 Attentive Listening — The Farm: Word sets: gender sets for animals/people and opposites","By the end of the lesson, the learner should be able to: listen attentively, respond to simple two-directional instructi","PUBLISHED","both","10","10","suspicious","suspicious","suspicious","GENERIC: ""here is what you need to know""; GENERIC: ""this is an example sentence""; GENERIC: ""we use this every day""; GENERIC: ""take a moment to think""; GENERIC: ""are you ready""; GENERIC: ""pay attention""; GENERIC: ""listen carefully""","GENERIC: ""here is what you need to know""; GENERIC: ""this is an example sentence""; GENERIC: ""we use this every day""; GENERIC: ""take a moment to think""; GENERIC: ""are you ready""; GENERIC: ""pay attention""; GENERIC: ""listen carefully""","hello! today we will learn about listening skills together. hello, friend! today we are going to learn about listening skills through the farm. are you ready? welcome! our mission is to learn about li"
"1abaa187-e586-48f1-9318-3fa13cc7e1e8","Kutamka sauti /sh/ na /th/","g2-kiswahili-kutamka-sauti-sh-na-th","Kiswahili","Sauti na Herufi","Usalama Wangu — Sauti za herufi mbili","By the end of the lesson, the learner should be able to: pronounce /sh/ and /th/ clearly in simple Kiswahili words.","PUBLISHED","none","","","empty","empty","empty","","",""
"67524a58-0f26-48f8-8304-4a976a562e5f","Labelling Roots, Stem, Leaves, Flowers and Fruits","g2-environmental-labelling-roots-stem-leaves-flowers-and-fruits","Environmental","Environment and its resources","1.4 Plants — exploring parts of plants","By the end of the lesson, the learner should be able to identify plant parts, draw or photograph plant parts, and show i","PUBLISHED","none","","","empty","empty","empty","","",""
"f9f30de5-3674-4b8c-a8bc-66a663f3ee50","Finding Letter Shapes Around Us","g2-movement-finding-letter-shapes-around-us","Movement","Art and Craft: Pattern Making","3.3 Letter Patterns — 2 official lesson(s)","By the end of the lesson, the learner should be able to observe letters in the environment or digital media, create simp","PUBLISHED","none","","","empty","empty","empty","","",""
"7993c880-07eb-4b67-b0de-71af2f600fef","Word Problems: 2-Digit and 1-Digit Addition","g2-mathematics-word-problems-2-digit-and-1-digit-addition","Mathematics","Numbers","1.4 Addition","By the end of the lesson, the learner should be able to: work out missing numbers in patterns involving addition of whol","PUBLISHED","published","10","","suspicious","empty","suspicious","QC_NO_CORRECT_INDEX","","hello! word problems are stories with numbers. read carefully, find the math! today we solve word problems! stories with math inside. we put together to find the answer. story problems! your mission: "
"10bb1a62-1553-45a5-a992-dd13e01b649d","Using Variety and the Right Amount of Food","g2-hygiene-nutrition-using-variety-and-the-right-amount-of-food","Hygiene & Nutrition","Foods","3.6 Good Eating Habits — 2 official lesson(s)","By the end of the lesson, the learner should be able to describe how food is apportioned on a plate, explain the importa","PUBLISHED","none","","","empty","empty","empty","","",""
"fd195895-42eb-4871-bc5d-bf03961e8689","Kusoma maneno yenye sh na th","g2-kiswahili-kusoma-maneno-yenye-sh-na-th","Kiswahili","Sauti na Herufi","Usalama Wangu — Silabi na maneno","By the end of the lesson, the learner should be able to: read simple words containing sh and th using syllable strategie","PUBLISHED","none","","","empty","empty","empty","","",""
"4e735e28-a1bd-4c1d-9890-2cf88a1641ec","The Farm: Vocabulary and Pronunciation","g2-english-the-farm-vocabulary-and-pronunciation","English","Listening and Speaking","1.2 Pronunciation and Vocabulary — The Farm: Word sets: gender sets for animals/people and opposites","By the end of the lesson, the learner should be able to: recognise consonant blends, pronounce theme vocabulary correctl","PUBLISHED","both","10","10","suspicious","suspicious","suspicious","GENERIC: ""here is what you need to know""; GENERIC: ""this is an example sentence""; GENERIC: ""we use this every day""; GENERIC: ""take a moment to think""; GENERIC: ""are you ready""; GENERIC: ""pay attention""; GENERIC: ""listen carefully""","GENERIC: ""here is what you need to know""; GENERIC: ""this is an example sentence""; GENERIC: ""we use this every day""; GENERIC: ""take a moment to think""; GENERIC: ""are you ready""; GENERIC: ""pay attention""; GENERIC: ""listen carefully""","hello! today we will learn about listening skills together. hello, friend! today we are going to learn about listening skills through the farm. are you ready? welcome! our mission is to learn about li"
"161bac5f-8d88-4b0e-942a-8132731f718e","Taking or Choosing Plant Part Photographs","g2-environmental-taking-or-choosing-plant-part-photographs","Environmental","Environment and its resources","1.4 Plants — exploring parts of plants","By the end of the lesson, the learner should be able to identify plant parts, draw or photograph plant parts, and show i","PUBLISHED","none","","","empty","empty","empty","","",""
"f2a264e6-56cf-44bc-ba18-82b8f4087170","Kutaja msamiati wa usalama","g2-kiswahili-kutaja-msamiati-wa-usalama","Kiswahili","Msamiati","Usalama Wangu — Msamiati wa usalama","By the end of the lesson, the learner should be able to: identify safety vocabulary used in everyday situations.","PUBLISHED","none","","","empty","empty","empty","","",""
"f8a92a1b-d23c-4e88-b469-4abfe87c872e","What Is a Food Advertisement?","g2-hygiene-nutrition-what-is-a-food-advertisement","Hygiene & Nutrition","Foods","3.7 Food Advertisement — 3 official lesson(s)","By the end of the lesson, the learner should be able to explain food advertisement, identify food advertisements, descri","PUBLISHED","none","","","empty","empty","empty","","",""
"fd1f610e-c225-46d9-b115-007d87c9eda3","The Farm: Word sets: gender sets for animals/people and opposites","g2-english-the-farm-word-sets-gender-sets-for-animals-people-and-opposi","English","Listening and Speaking","1.3 Language Structures and Functions — The Farm: Word sets: gender sets for animals/people and opposites","By the end of the lesson, the learner should be able to: use gender sets and opposites correctly when talking about anim","PUBLISHED","both","10","10","suspicious","suspicious","suspicious","GENERIC: ""here is what you need to know""; GENERIC: ""this is an example sentence""; GENERIC: ""we use this every day""; GENERIC: ""take a moment to think""; GENERIC: ""are you ready""; GENERIC: ""pay attention""; GENERIC: ""listen carefully""","GENERIC: ""here is what you need to know""; GENERIC: ""this is an example sentence""; GENERIC: ""we use this every day""; GENERIC: ""take a moment to think""; GENERIC: ""are you ready""; GENERIC: ""pay attention""; GENERIC: ""listen carefully""","hello! today we will learn about listening skills together. hello, friend! today we are going to learn about listening skills through the farm. are you ready? welcome! our mission is to learn about li"
"981b27eb-9d0d-4450-9bed-e76f1ba54c96","Adding Two 2-Digit Numbers Without Regrouping","g2-mathematics-adding-two-2-digit-numbers-without-regrouping","Mathematics","Numbers","1.4 Addition","By the end of the lesson, the learner should be able to: work out missing numbers in patterns involving addition of whol","PUBLISHED","draft","","10","empty","clean","clean","","",""
"375b6814-11a8-441f-af4b-2b531599847e","Creating Colour Letter Patterns","g2-movement-creating-colour-letter-patterns","Movement","Art and Craft: Pattern Making","3.3 Letter Patterns — 2 official lesson(s)","By the end of the lesson, the learner should be able to observe letters in the environment or digital media, create simp","PUBLISHED","none","","","empty","empty","empty","","",""
"484e2bac-9f47-4eff-a3aa-d27674805360","Kutumia msamiati wa usalama katika sentensi","g2-kiswahili-kutumia-msamiati-wa-usalama-katika-sentensi","Kiswahili","Msamiati","Usalama Wangu — Msamiati wa usalama","By the end of the lesson, the learner should be able to: use safety vocabulary in simple sentences.","PUBLISHED","none","","","empty","empty","empty","","",""
"2c3fa3ab-1474-4f56-88db-0725ccde0fd7","Comparing Parts of Different Plants","g2-environmental-comparing-parts-of-different-plants","Environmental","Environment and its resources","1.4 Plants — exploring parts of plants","By the end of the lesson, the learner should be able to identify plant parts, draw or photograph plant parts, and show i","PUBLISHED","none","","","empty","empty","empty","","",""
"d7cdedaa-4fc1-42fa-8f28-7aef3761a645","Adding Two 2-Digit Numbers With Regrouping","g2-mathematics-adding-two-2-digit-numbers-with-regrouping","Mathematics","Numbers","1.4 Addition","By the end of the lesson, the learner should be able to: work out missing numbers in patterns involving addition of whol","PUBLISHED","draft","","10","empty","clean","clean","","",""
"e591d05f-12aa-4daf-b2cc-fa54cbf2f249","Collecting Materials for Collage","g2-movement-collecting-materials-for-collage","Movement","Art and Craft: Mounting Techniques","4.1 Collage — 3 official lesson(s)","By the end of the lesson, the learner should be able to collect materials from the environment, create simple pictures i","PUBLISHED","none","","","empty","empty","empty","","",""
"0ed946df-d137-4ac3-98d2-6ce29f871286","The Farm: Reading Short Texts","g2-english-the-farm-reading-short-texts","English","Reading","2.2 Letter-Sound Knowledge / 2.3 Word Reading / 2.4 Fluency — The Farm: Word sets: gender sets for animals/people and opposites","By the end of the lesson, the learner should be able to: read grade-level words and short connected texts related to the","PUBLISHED","both","10","10","suspicious","suspicious","suspicious","GENERIC: ""here is what you need to know""; GENERIC: ""this is an example sentence""; GENERIC: ""we use this every day""; GENERIC: ""take a moment to think""; GENERIC: ""are you ready""; GENERIC: ""listen carefully""","GENERIC: ""here is what you need to know""; GENERIC: ""this is an example sentence""; GENERIC: ""we use this every day""; GENERIC: ""take a moment to think""; GENERIC: ""are you ready""; GENERIC: ""listen carefully""","hello! today we will learn about reading comprehension together. hello, friend! today we are going to learn about reading comprehension through the farm. are you ready? welcome! our mission is to lear"
"2dd5e2aa-c065-46c9-9445-b740e2bdff07","How Food Advertisements Make Us Feel","g2-hygiene-nutrition-how-food-advertisements-make-us-feel","Hygiene & Nutrition","Foods","3.7 Food Advertisement — 3 official lesson(s)","By the end of the lesson, the learner should be able to explain food advertisement, identify food advertisements, descri","PUBLISHED","none","","","empty","empty","empty","","",""
"915d8eec-2abe-40a3-b9ca-90015d51da59","Displaying Plant Drawings for Peer Review","g2-environmental-displaying-plant-drawings-for-peer-review","Environmental","Environment and its resources","1.4 Plants — exploring parts of plants","By the end of the lesson, the learner should be able to identify plant parts, draw or photograph plant parts, and show i","PUBLISHED","none","","","empty","empty","empty","","",""
"fb4b2338-6139-4c88-b802-5c30d45db453","Kusimulia kuhusu kuepuka ajali","g2-kiswahili-kusimulia-kuhusu-kuepuka-ajali","Kiswahili","Kusikiliza na Kuzungumza","Usalama Wangu — Masimulizi","By the end of the lesson, the learner should be able to: narrate simple ways of avoiding accidents.","PUBLISHED","none","","","empty","empty","empty","","",""
"81b91c3a-e803-4403-ba20-63612ae150d7","Addition Patterns up to 100","g2-mathematics-addition-patterns-up-to-100","Mathematics","Numbers","1.4 Addition","By the end of the lesson, the learner should be able to: work out missing numbers in patterns involving addition of whol","PUBLISHED","both","10","10","contaminated","contaminated","contaminated","FORBIDDEN: ""reading comprehension""; FORBIDDEN: ""read a short passage""; FORBIDDEN: ""good readers""; FORBIDDEN: ""words say""; FORBIDDEN: ""what did you learn about reading""; GENERIC: ""here is what you need to know""; GENERIC: ""this is an example sentence""; GENERIC: ""we use this every day""; GENERIC: ""take a moment to think""; GENERIC: ""are you ready""; GENERIC: ""listen carefully""; REFLECTION_MISMATCH: Math asks about reading","FORBIDDEN: ""reading comprehension""; FORBIDDEN: ""read a short passage""; FORBIDDEN: ""good readers""; FORBIDDEN: ""words say""; FORBIDDEN: ""what did you learn about reading""; GENERIC: ""here is what you need to know""; GENERIC: ""this is an example sentence""; GENERIC: ""we use this every day""; GENERIC: ""take a moment to think""; GENERIC: ""are you ready""; GENERIC: ""listen carefully""; REFLECTION_MISMATCH: Math asks about reading","hello! today we will learn about reading comprehension together. hello, friend! today we are going to learn about reading comprehension through everyday life. are you ready? welcome! our mission is to"
"da0d4114-0eed-45db-9ed4-a6de79c96f46","Making Healthy Choices Despite Advertisements","g2-hygiene-nutrition-making-healthy-choices-despite-advertisements","Hygiene & Nutrition","Foods","3.7 Food Advertisement — 3 official lesson(s)","By the end of the lesson, the learner should be able to explain food advertisement, identify food advertisements, descri","PUBLISHED","none","","","empty","empty","empty","","",""
"78efd5d0-6938-4697-ae28-effa845278a0","Creating a Simple Collage Picture","g2-movement-creating-a-simple-collage-picture","Movement","Art and Craft: Mounting Techniques","4.1 Collage — 3 official lesson(s)","By the end of the lesson, the learner should be able to collect materials from the environment, create simple pictures i","PUBLISHED","none","","","empty","empty","empty","","",""
"2ee98fb8-7751-49ba-be93-6ab1e806a614","The Farm: Writing Words and Sentences","g2-english-the-farm-writing-words-and-sentences","English","Writing","3.2 Handwriting / 3.3 Spelling / 3.5 Guided Writing — The Farm: Word sets: gender sets for animals/people and opposites","By the end of the lesson, the learner should be able to: spell theme words, write legibly, and write simple meaningful s","PUBLISHED","both","10","10","suspicious","suspicious","suspicious","GENERIC: ""here is what you need to know""; GENERIC: ""this is an example sentence""; GENERIC: ""we use this every day""; GENERIC: ""take a moment to think""; GENERIC: ""are you ready""; GENERIC: ""listen carefully""","GENERIC: ""here is what you need to know""; GENERIC: ""this is an example sentence""; GENERIC: ""we use this every day""; GENERIC: ""take a moment to think""; GENERIC: ""are you ready""; GENERIC: ""listen carefully""","hello! today we will learn about writing skills together. hello, friend! today we are going to learn about writing skills through the farm. are you ready? welcome! our mission is to learn about writin"
"7907d6b2-bd61-4a52-a4f5-0d94c0547be4","Hygiene When Handling Cooked Food","g2-hygiene-nutrition-hygiene-when-handling-cooked-food","Hygiene & Nutrition","Foods and Safety Education","3.8 Food Safety: Handling Cooked Food — 4 official lesson(s)","By the end of the lesson, the learner should be able to mention hygiene practices when handling cooked food, identify fa","PUBLISHED","none","","","empty","empty","empty","","",""
"03707cc5-9be3-4465-8ed1-382eb65283c7","The Farm: Integrated Review and Assessment","g2-english-the-farm-integrated-review-and-assessment","English","Integrated English Practice","Integrated Review and Formative Assessment — The Farm: Word sets: gender sets for animals/people and opposites","By the end of the lesson, the learner should be able to: use listening, speaking, reading and writing skills together to","PUBLISHED","both","10","10","suspicious","suspicious","suspicious","GENERIC: ""here is what you need to know""; GENERIC: ""this is an example sentence""; GENERIC: ""we use this every day""; GENERIC: ""take a moment to think""; GENERIC: ""are you ready""; GENERIC: ""listen carefully""","GENERIC: ""here is what you need to know""; GENERIC: ""this is an example sentence""; GENERIC: ""we use this every day""; GENERIC: ""take a moment to think""; GENERIC: ""are you ready""; GENERIC: ""listen carefully""","hello! today we will learn about vocabulary together. hello, friend! today we are going to learn about vocabulary through the farm. are you ready? welcome! our mission is to learn about vocabulary. le"
"a669d5eb-9e51-4270-a439-7cd2568c5daf","Addition: Practice and Application","g2-mathematics-addition-practice-and-application","Mathematics","Numbers","1.4 Addition","By the end of the lesson, the learner should be able to: work out missing numbers in patterns involving addition of whol","PUBLISHED","published","10","","contaminated","empty","contaminated","FORBIDDEN: ""jump""; QC_NO_CORRECT_INDEX","","hello! every problem makes you stronger! today you practice all your addition skills! practice makes perfect! practice, practice, practice! practice different types of addition. choose the best strate"
"aaafa8be-7d45-4ae5-b650-f7ac8fe4af9c","Displaying and Discussing Collage Work","g2-movement-displaying-and-discussing-collage-work","Movement","Art and Craft: Mounting Techniques","4.1 Collage — 3 official lesson(s)","By the end of the lesson, the learner should be able to collect materials from the environment, create simple pictures i","PUBLISHED","none","","","empty","empty","empty","","",""
"a4c623fd-00ec-401a-9e97-efb0c0b72de9","Plant Parts in Our Daily Life","g2-environmental-plant-parts-in-our-daily-life","Environmental","Environment and its resources","1.4 Plants — exploring parts of plants","By the end of the lesson, the learner should be able to identify plant parts, draw or photograph plant parts, and show i","PUBLISHED","none","","","empty","empty","empty","","",""
"6e072808-bef4-46e4-8394-4867f71b64c3","Kusoma hadithi kuhusu usalama","g2-kiswahili-kusoma-hadithi-kuhusu-usalama","Kiswahili","Kusoma","Usalama Wangu — Hadithi","By the end of the lesson, the learner should be able to: read a short story about safety and answer questions.","PUBLISHED","none","","","empty","empty","empty","","",""
"029b94d1-1c89-415e-8e66-61e0810ac7a0","Kueleza ujumbe wa hadithi ya usalama","g2-kiswahili-kueleza-ujumbe-wa-hadithi-ya-usalama","Kiswahili","Kusoma","Usalama Wangu — Ufahamu","By the end of the lesson, the learner should be able to: explain the lesson learned from a safety story.","PUBLISHED","none","","","empty","empty","empty","","",""
"47b79134-a316-4b1c-a4e5-499ca05138cc","Observing Decorated Egg Shells","g2-movement-observing-decorated-egg-shells","Movement","Art and Craft: Decorating Forms","5.1 Decorating Egg Shells — 3 official lesson(s)","By the end of the lesson, the learner should be able to observe decorated egg shell samples, decorate egg shells by pain","PUBLISHED","none","","","empty","empty","empty","","",""
"60062075-c50d-4f24-bb2e-ab7ddfde33c7","Positions and Directions: Listening for Key Ideas","g2-english-positions-and-directions-listening-for-key-ideas","English","Listening and Speaking","1.1 Attentive Listening — Positions and Directions: Prepositions: beside, above, over, through, below, across, to, at","By the end of the lesson, the learner should be able to: listen attentively, respond to simple two-directional instructi","PUBLISHED","both","10","10","suspicious","suspicious","suspicious","GENERIC: ""here is what you need to know""; GENERIC: ""this is an example sentence""; GENERIC: ""we use this every day""; GENERIC: ""take a moment to think""; GENERIC: ""are you ready""; GENERIC: ""pay attention""; GENERIC: ""listen carefully""","GENERIC: ""here is what you need to know""; GENERIC: ""this is an example sentence""; GENERIC: ""we use this every day""; GENERIC: ""take a moment to think""; GENERIC: ""are you ready""; GENERIC: ""pay attention""; GENERIC: ""listen carefully""","hello! today we will learn about listening skills together. hello, friend! today we are going to learn about listening skills through positions and directions. are you ready? welcome! our mission is t"
"a509ac8a-eee9-4453-bf1d-b445aa26682d","Keeping Cooked Food Covered and Clean","g2-hygiene-nutrition-keeping-cooked-food-covered-and-clean","Hygiene & Nutrition","Foods and Safety Education","3.8 Food Safety: Handling Cooked Food — 4 official lesson(s)","By the end of the lesson, the learner should be able to mention hygiene practices when handling cooked food, identify fa","PUBLISHED","none","","","empty","empty","empty","","",""
"dc30f896-a721-456e-b591-c28e1065788a","Plant Parts Review and Reflection","g2-environmental-plant-parts-review-and-reflection","Environmental","Environment and its resources","1.4 Plants — exploring parts of plants","By the end of the lesson, the learner should be able to identify plant parts, draw or photograph plant parts, and show i","PUBLISHED","none","","","empty","empty","empty","","",""
"3b7a611d-0908-42c8-a0f2-394fdac48db3","Addition: Digital Games","g2-mathematics-addition-digital-games","Mathematics","Numbers","1.4 Addition","By the end of the lesson, the learner should be able to: work out missing numbers in patterns involving addition of whol","PUBLISHED","published","10","","suspicious","empty","suspicious","QC_NO_CORRECT_INDEX","","hello! games make addition fun! today you practice addition through digital games! play and learn! play and learn! practice addition through games — digital or traditional! your mission games teach nu"
"7f18f7cf-95c9-46c5-91ea-2ffd84088d97","Positions and Directions: Vocabulary and Pronunciation","g2-english-positions-and-directions-vocabulary-and-pronunciation","English","Listening and Speaking","1.2 Pronunciation and Vocabulary — Positions and Directions: Prepositions: beside, above, over, through, below, across, to, at","By the end of the lesson, the learner should be able to: recognise consonant blends, pronounce theme vocabulary correctl","PUBLISHED","both","10","10","suspicious","suspicious","suspicious","GENERIC: ""here is what you need to know""; GENERIC: ""this is an example sentence""; GENERIC: ""we use this every day""; GENERIC: ""take a moment to think""; GENERIC: ""are you ready""; GENERIC: ""pay attention""; GENERIC: ""listen carefully""","GENERIC: ""here is what you need to know""; GENERIC: ""this is an example sentence""; GENERIC: ""we use this every day""; GENERIC: ""take a moment to think""; GENERIC: ""are you ready""; GENERIC: ""pay attention""; GENERIC: ""listen carefully""","hello! today we will learn about listening skills together. hello, friend! today we are going to learn about listening skills through positions and directions. are you ready? welcome! our mission is t"
"ce61d967-8fb1-4636-941f-1021a0d73436","What to Look for When Buying Food from Vendors","g2-hygiene-nutrition-what-to-look-for-when-buying-food-from-vendors","Hygiene & Nutrition","Foods and Safety Education","3.8 Food Safety: Handling Cooked Food — 4 official lesson(s)","By the end of the lesson, the learner should be able to mention hygiene practices when handling cooked food, identify fa","PUBLISHED","none","","","empty","empty","empty","","",""
"66d20ca6-857d-437e-b3e8-fbd9c3ab6d1e","Kutumia huyo katika sentensi","g2-kiswahili-kutumia-huyo-katika-sentensi","Kiswahili","Sarufi","Usalama Wangu — Matumizi ya huyo na hao","By the end of the lesson, the learner should be able to: use huyo correctly when referring to one person nearby or alrea","PUBLISHED","none","","","empty","empty","empty","","",""
"0f23169f-b325-40a9-9145-488f5115142b","Addition: Word Problems with 2-Digit Numbers","g2-mathematics-addition-word-problems-with-2-digit-numbers","Mathematics","Numbers","1.4 Addition","By the end of the lesson, the learner should be able to: work out missing numbers in patterns involving addition of whol","PUBLISHED","published","10","","contaminated","empty","contaminated","FORBIDDEN: ""plant""; QC_NO_CORRECT_INDEX","","hello! read carefully, find the numbers, add! today you solve word problems — addition hidden in stories! story problems! read, think, add! read, understand, and solve 2-digit addition word problems. "
"a3089b72-6d20-4a45-9fcd-b36f798f6136","Animals Found in the Immediate Environment","g2-environmental-animals-found-in-the-immediate-environment","Environmental","Environment and its resources","1.5 Animals — categorizing animals and handling animals safely","By the end of the lesson, the learner should be able to recognize animals in the environment, categorize them using simp","PUBLISHED","none","","","empty","empty","empty","","",""
"85cddae1-a719-497e-970a-bed91b54b9f7","Painting and Pasting on Egg Shells","g2-movement-painting-and-pasting-on-egg-shells","Movement","Art and Craft: Decorating Forms","5.1 Decorating Egg Shells — 3 official lesson(s)","By the end of the lesson, the learner should be able to observe decorated egg shell samples, decorate egg shells by pain","PUBLISHED","none","","","empty","empty","empty","","",""
"0c1f7dbb-2c5d-401c-b439-b5a9fb927348","Decorated Egg Shell Display","g2-movement-decorated-egg-shell-display","Movement","Art and Craft: Decorating Forms","5.1 Decorating Egg Shells — 3 official lesson(s)","By the end of the lesson, the learner should be able to observe decorated egg shell samples, decorate egg shells by pain","PUBLISHED","none","","","empty","empty","empty","","",""
"a2d48696-f896-4690-ae9c-dcdc67697489","Kutumia hao katika sentensi","g2-kiswahili-kutumia-hao-katika-sentensi","Kiswahili","Sarufi","Usalama Wangu — Matumizi ya huyo na hao","By the end of the lesson, the learner should be able to: use hao correctly when referring to more than one person.","PUBLISHED","none","","","empty","empty","empty","","",""
"4db719cc-28b2-4a24-82f3-71509f643d54","Addition: Assessment and Review","g2-mathematics-addition-assessment-and-review","Mathematics","Numbers","1.4 Addition","By the end of the lesson, the learner should be able to: work out missing numbers in patterns involving addition of whol","PUBLISHED","published","10","","suspicious","empty","suspicious","QC_NO_CORRECT_INDEX","","hello! you have learned so much. let's review together! today you review all your addition skills. time to shine! show what you know! show what you can do! you are ready! review and practice all addit"
"f0d98482-3d81-4c73-95cc-aab34b328172","Positions and Directions: Prepositions: beside, above, over, through, below, across, to, at","g2-english-positions-and-directions-prepositions-beside-above-over-thro","English","Listening and Speaking","1.3 Language Structures and Functions — Positions and Directions: Prepositions: beside, above, over, through, below, across, to, at","By the end of the lesson, the learner should be able to: use simple prepositions accurately to describe position, locati","PUBLISHED","both","10","10","suspicious","suspicious","suspicious","GENERIC: ""here is what you need to know""; GENERIC: ""this is an example sentence""; GENERIC: ""we use this every day""; GENERIC: ""take a moment to think""; GENERIC: ""are you ready""; GENERIC: ""pay attention""; GENERIC: ""listen carefully""","GENERIC: ""here is what you need to know""; GENERIC: ""this is an example sentence""; GENERIC: ""we use this every day""; GENERIC: ""take a moment to think""; GENERIC: ""are you ready""; GENERIC: ""pay attention""; GENERIC: ""listen carefully""","hello! today we will learn about listening skills together. hello, friend! today we are going to learn about listening skills through positions and directions. are you ready? welcome! our mission is t"
"f4fdabc7-25c9-426b-9241-a8d57676a52f","Food Vendor Hygiene Role-Play","g2-hygiene-nutrition-food-vendor-hygiene-role-play","Hygiene & Nutrition","Foods and Safety Education","3.8 Food Safety: Handling Cooked Food — 4 official lesson(s)","By the end of the lesson, the learner should be able to mention hygiene practices when handling cooked food, identify fa","PUBLISHED","none","","","empty","empty","empty","","",""
"b53b626a-2012-473b-b83c-0ceb04cbd92a","Sorting Domestic and Wild Animals","g2-environmental-sorting-domestic-and-wild-animals","Environmental","Environment and its resources","1.5 Animals — categorizing animals and handling animals safely","By the end of the lesson, the learner should be able to recognize animals in the environment, categorize them using simp","PUBLISHED","none","","","empty","empty","empty","","",""
"cb552dcd-f2e3-4623-bf3a-700675711d89","Types of Waste Found in the Classroom","g2-hygiene-nutrition-types-of-waste-found-in-the-classroom","Hygiene & Nutrition","Safety Education","4.1 Waste Disposal in the Classroom — 3 official lesson(s)","By the end of the lesson, the learner should be able to identify classroom waste, identify containers used for waste, pr","PUBLISHED","none","","","empty","empty","empty","","",""
"a5e9e58e-6c6a-40fe-a7a9-5dbc55218e18","Sorting Harmful and Non-Harmful Animals","g2-environmental-sorting-harmful-and-non-harmful-animals","Environmental","Environment and its resources","1.5 Animals — categorizing animals and handling animals safely","By the end of the lesson, the learner should be able to recognize animals in the environment, categorize them using simp","PUBLISHED","none","","","empty","empty","empty","","",""
"4da16052-0c43-48f6-8413-b802526461f0","Addition: Missing Numbers in Patterns","g2-mathematics-addition-missing-numbers-in-patterns","Mathematics","Numbers","1.4 Addition","By the end of the lesson, the learner should be able to: work out missing numbers in patterns involving addition of whol","PUBLISHED","published","10","","suspicious","empty","suspicious","QC_NO_CORRECT_INDEX","","hello! numbers are hiding. find them! today you are a number detective. find missing numbers in patterns! find the missing number! be a number detective! find missing numbers in addition patterns. you"
"1684b1a5-c927-47e8-8232-182f62795ef8","Kuandika sentensi kuhusu usalama","g2-kiswahili-kuandika-sentensi-kuhusu-usalama","Kiswahili","Kuandika","Usalama Wangu — Sentensi fupi","By the end of the lesson, the learner should be able to: write short clear sentences about personal safety.","PUBLISHED","none","","","empty","empty","empty","","",""
"dce093db-3fd6-4442-b487-5142b1f82a6e","Watching Pulling and Pushing Activities","g2-movement-watching-pulling-and-pushing-activities","Movement","Movement: Basic Movement Skills","2.1 Non-Locomotor Skills: Pulling and Pushing — 12 official lesson(s)","By the end of the lesson, the learner should be able to perform pulling and pushing in different ways, practise for stre","PUBLISHED","none","","","empty","empty","empty","","",""
"a49324bb-5db8-4fa6-ac01-c4fc6cd9f785","Positions and Directions: Reading Short Texts","g2-english-positions-and-directions-reading-short-texts","English","Reading","2.2 Letter-Sound Knowledge / 2.3 Word Reading / 2.4 Fluency — Positions and Directions: Prepositions: beside, above, over, through, below, across, to, at","By the end of the lesson, the learner should be able to: read grade-level words and short connected texts related to the","PUBLISHED","both","10","10","suspicious","suspicious","suspicious","GENERIC: ""here is what you need to know""; GENERIC: ""this is an example sentence""; GENERIC: ""we use this every day""; GENERIC: ""take a moment to think""; GENERIC: ""are you ready""; GENERIC: ""listen carefully""","GENERIC: ""here is what you need to know""; GENERIC: ""this is an example sentence""; GENERIC: ""we use this every day""; GENERIC: ""take a moment to think""; GENERIC: ""are you ready""; GENERIC: ""listen carefully""","hello! today we will learn about reading comprehension together. hello, friend! today we are going to learn about reading comprehension through positions and directions. are you ready? welcome! our mi"
"fe6f4998-52b5-40eb-8e39-2e8e3432b8ab","Addition: Creating Number Patterns","g2-mathematics-addition-creating-number-patterns","Mathematics","Numbers","1.4 Addition","By the end of the lesson, the learner should be able to: work out missing numbers in patterns involving addition of whol","PUBLISHED","published","10","","suspicious","empty","suspicious","QC_NO_CORRECT_INDEX","","hello! you are a pattern artist. choose a start number and a rule! today you create number patterns — you make the rules! create your own patterns! be a pattern creator! create your own addition patte"
"dce6e753-33c1-4ab1-a5f1-9f7f76d194d3","Sorting Large and Small Animals","g2-environmental-sorting-large-and-small-animals","Environmental","Environment and its resources","1.5 Animals — categorizing animals and handling animals safely","By the end of the lesson, the learner should be able to recognize animals in the environment, categorize them using simp","PUBLISHED","none","","","empty","empty","empty","","",""
"cc55124b-7320-43fd-bdd0-8c89d06393f1","Containers Used for Classroom Waste","g2-hygiene-nutrition-containers-used-for-classroom-waste","Hygiene & Nutrition","Safety Education","4.1 Waste Disposal in the Classroom — 3 official lesson(s)","By the end of the lesson, the learner should be able to identify classroom waste, identify containers used for waste, pr","PUBLISHED","none","","","empty","empty","empty","","",""
"f19f9b2f-5bb2-4932-b9bb-c73dfff47e38","Naming Body Parts Used for Pulling and Pushing","g2-movement-naming-body-parts-used-for-pulling-and-pushing","Movement","Movement: Basic Movement Skills","2.1 Non-Locomotor Skills: Pulling and Pushing — 12 official lesson(s)","By the end of the lesson, the learner should be able to perform pulling and pushing in different ways, practise for stre","PUBLISHED","none","","","empty","empty","empty","","",""
"a8a9dfe6-148e-4bad-a716-8cdb7a471d8a","Positions and Directions: Writing Words and Sentences","g2-english-positions-and-directions-writing-words-and-sentences","English","Writing","3.2 Handwriting / 3.3 Spelling / 3.5 Guided Writing — Positions and Directions: Prepositions: beside, above, over, through, below, across, to, at","By the end of the lesson, the learner should be able to: spell theme words, write legibly, and write simple meaningful s","PUBLISHED","both","10","10","suspicious","suspicious","suspicious","GENERIC: ""here is what you need to know""; GENERIC: ""this is an example sentence""; GENERIC: ""we use this every day""; GENERIC: ""take a moment to think""; GENERIC: ""are you ready""; GENERIC: ""listen carefully""","GENERIC: ""here is what you need to know""; GENERIC: ""this is an example sentence""; GENERIC: ""we use this every day""; GENERIC: ""take a moment to think""; GENERIC: ""are you ready""; GENERIC: ""listen carefully""","hello! today we will learn about writing skills together. hello, friend! today we are going to learn about writing skills through positions and directions. are you ready? welcome! our mission is to le"
"86fee50b-673f-48e0-8e44-5c2aa2c22d3f","Kusoma na kuzungumza kuhusu usalama","g2-kiswahili-kusoma-na-kuzungumza-kuhusu-usalama","Kiswahili","Tathmini","Usalama Wangu — Mazoezi ya usalama","By the end of the lesson, the learner should be able to: use learned vocabulary and grammar to talk about safety.","PUBLISHED","none","","","empty","empty","empty","","",""
"b797317a-6f66-4db5-b647-d169c556f03d","Positions and Directions: Integrated Review and Assessment","g2-english-positions-and-directions-integrated-review-and-assessment","English","Integrated English Practice","Integrated Review and Formative Assessment — Positions and Directions: Prepositions: beside, above, over, through, below, across, to, at","By the end of the lesson, the learner should be able to: use listening, speaking, reading and writing skills together to","PUBLISHED","both","10","10","suspicious","suspicious","suspicious","GENERIC: ""here is what you need to know""; GENERIC: ""this is an example sentence""; GENERIC: ""we use this every day""; GENERIC: ""take a moment to think""; GENERIC: ""are you ready""; GENERIC: ""listen carefully""","GENERIC: ""here is what you need to know""; GENERIC: ""this is an example sentence""; GENERIC: ""we use this every day""; GENERIC: ""take a moment to think""; GENERIC: ""are you ready""; GENERIC: ""listen carefully""","hello! today we will learn about reading comprehension together. hello, friend! today we are going to learn about reading comprehension through positions and directions. are you ready? welcome! our mi"
"05adca61-e6a0-4d37-98cb-9a7c082d790d","Proper Waste Collection and Disposal in Class","g2-hygiene-nutrition-proper-waste-collection-and-disposal-in-class","Hygiene & Nutrition","Safety Education","4.1 Waste Disposal in the Classroom — 3 official lesson(s)","By the end of the lesson, the learner should be able to identify classroom waste, identify containers used for waste, pr","PUBLISHED","none","","","empty","empty","empty","","",""
"d3d026fb-e5bd-4402-9652-d41a3237fafe","Usalama Wangu: Mazoezi na tafakari","g2-kiswahili-usalama-wangu-mazoezi-na-tafakari","Kiswahili","Tathmini","Usalama Wangu — Marudio na tathmini","By the end of the lesson, the learner should be able to: demonstrate understanding of safety vocabulary, sh/th sounds, r","PUBLISHED","both","10","10","clean","clean","clean","","","habari! mimi ni owl. leo tutapima yote tuliyojifunza. habari, rafiki! 🌟 leo tutapima yote tuliyojifunza. tutasikiliza, tusome, tuandike, na tuzungumze kwa kiswahili! karibu! lengo letu ni kuonyesha y"
"627e0732-926b-4f12-9f0c-a13f170e747a","Addition: Community Application","g2-mathematics-addition-community-application","Mathematics","Numbers","1.4 Addition","By the end of the lesson, the learner should be able to: work out missing numbers in patterns involving addition of whol","PUBLISHED","published","10","","suspicious","empty","suspicious","QC_NO_CORRECT_INDEX","","hello! people use addition every day — at home, school, market! today you solve real problems from your community! addition in our community! be a community mathematician! solve addition problems from"
"1176bbb8-b886-4e18-80cc-bce395b5e0e3","Modelling Animals with Clay or Paper","g2-environmental-modelling-animals-with-clay-or-paper","Environmental","Environment and its resources","1.5 Animals — categorizing animals and handling animals safely","By the end of the lesson, the learner should be able to recognize animals in the environment, categorize them using simp","PUBLISHED","none","","","empty","empty","empty","","",""
"149c74e2-7fc6-428a-b12f-d06782a2fa8b","Pulling Safely with a Rope","g2-movement-pulling-safely-with-a-rope","Movement","Movement: Basic Movement Skills","2.1 Non-Locomotor Skills: Pulling and Pushing — 12 official lesson(s)","By the end of the lesson, the learner should be able to perform pulling and pushing in different ways, practise for stre","PUBLISHED","none","","","empty","empty","empty","","",""
"f84c26e5-539f-4f91-bd16-c2bb9f5bc088","Kusoma alfabeti ya Kiswahili","g2-kiswahili-kusoma-alfabeti-ya-kiswahili","Kiswahili","Alfabeti","Hali ya Anga — Alfabeti ya Kiswahili","By the end of the lesson, the learner should be able to: read the Kiswahili alphabet in correct sequence.","PUBLISHED","none","","","empty","empty","empty","","",""
"0a6d5853-3571-402a-a7d4-432b6f713a99","Environment - Taking a Walk: Listening for Key Ideas","g2-english-environment-taking-a-walk-listening-for-key-ideas","English","Listening and Speaking","1.1 Attentive Listening — Environment - Taking a Walk: Articles: a, an and the","By the end of the lesson, the learner should be able to: listen attentively, respond to simple two-directional instructi","PUBLISHED","both","10","10","suspicious","suspicious","suspicious","GENERIC: ""here is what you need to know""; GENERIC: ""this is an example sentence""; GENERIC: ""we use this every day""; GENERIC: ""take a moment to think""; GENERIC: ""are you ready""; GENERIC: ""pay attention""; GENERIC: ""listen carefully""","GENERIC: ""here is what you need to know""; GENERIC: ""this is an example sentence""; GENERIC: ""we use this every day""; GENERIC: ""take a moment to think""; GENERIC: ""are you ready""; GENERIC: ""pay attention""; GENERIC: ""listen carefully""","hello! today we will learn about listening skills together. hello, friend! today we are going to learn about listening skills through environment - taking a walk. are you ready? welcome! our mission i"
"0616dd2c-2d88-4e8c-8ac4-2c49d59b0a30","Sharing Experiences About Handling Animals","g2-environmental-sharing-experiences-about-handling-animals","Environmental","Environment and its resources","1.5 Animals — categorizing animals and handling animals safely","By the end of the lesson, the learner should be able to recognize animals in the environment, categorize them using simp","PUBLISHED","none","","","empty","empty","empty","","",""
"11d88b45-b1a6-4143-9c04-42e88e57d080","Subtracting Single Digit Numbers","g2-mathematics-subtracting-single-digit-numbers","Mathematics","Numbers","1.5 Subtraction","By the end of the lesson, the learner should be able to: subtract up to 2-digit numbers without regrouping","PUBLISHED","draft","","10","empty","clean","clean","","",""
"f10b5c9b-ce1a-4f70-b545-84cb990266d6","Common Accidents in the Classroom","g2-hygiene-nutrition-common-accidents-in-the-classroom","Hygiene & Nutrition","Safety Education","4.2 Common Accidents and Basic First Aid — 6 official lesson(s)","By the end of the lesson, the learner should be able to identify common classroom accidents, name causes, mention ways o","PUBLISHED","none","","","empty","empty","empty","","",""
"49cb13ef-0b33-4ff6-8e1d-cadff79f2873","Pushing Safely with a Partner","g2-movement-pushing-safely-with-a-partner","Movement","Movement: Basic Movement Skills","2.1 Non-Locomotor Skills: Pulling and Pushing — 12 official lesson(s)","By the end of the lesson, the learner should be able to perform pulling and pushing in different ways, practise for stre","PUBLISHED","none","","","empty","empty","empty","","",""
"c46bfb38-8eaf-4e9a-bc7b-6d53ab43d0bf","Kutofautisha irabu na konsonanti","g2-kiswahili-kutofautisha-irabu-na-konsonanti","Kiswahili","Alfabeti","Hali ya Anga — Irabu na konsonanti","By the end of the lesson, the learner should be able to: distinguish Kiswahili vowels from consonants.","PUBLISHED","none","","","empty","empty","empty","","",""
"ba702273-f49b-4172-80f2-5134e11a6592","Possible Dangers When Handling Animals","g2-environmental-possible-dangers-when-handling-animals","Environmental","Environment and its resources","1.5 Animals — categorizing animals and handling animals safely","By the end of the lesson, the learner should be able to recognize animals in the environment, categorize them using simp","PUBLISHED","none","","","empty","empty","empty","","",""
"3be0933f-423e-40fd-af23-e06a2d8d7b89","Environment - Taking a Walk: Vocabulary and Pronunciation","g2-english-environment-taking-a-walk-vocabulary-and-pronunciation","English","Listening and Speaking","1.2 Pronunciation and Vocabulary — Environment - Taking a Walk: Articles: a, an and the","By the end of the lesson, the learner should be able to: recognise consonant blends, pronounce theme vocabulary correctl","PUBLISHED","both","10","10","suspicious","suspicious","suspicious","GENERIC: ""here is what you need to know""; GENERIC: ""this is an example sentence""; GENERIC: ""we use this every day""; GENERIC: ""take a moment to think""; GENERIC: ""are you ready""; GENERIC: ""pay attention""; GENERIC: ""listen carefully""","GENERIC: ""here is what you need to know""; GENERIC: ""this is an example sentence""; GENERIC: ""we use this every day""; GENERIC: ""take a moment to think""; GENERIC: ""are you ready""; GENERIC: ""pay attention""; GENERIC: ""listen carefully""","hello! today we will learn about listening skills together. hello, friend! today we are going to learn about listening skills through environment - taking a walk. are you ready? welcome! our mission i"
"cd917ced-dc59-492f-ac35-fd9a3d93856d","Pulling and Pushing Forward and Backward","g2-movement-pulling-and-pushing-forward-and-backward","Movement","Movement: Basic Movement Skills","2.1 Non-Locomotor Skills: Pulling and Pushing — 12 official lesson(s)","By the end of the lesson, the learner should be able to perform pulling and pushing in different ways, practise for stre","PUBLISHED","none","","","empty","empty","empty","","",""
"bec50c90-2129-4275-8cdb-abb06296e4cf","Subtracting Using the Number Line","g2-mathematics-subtracting-using-the-number-line","Mathematics","Numbers","1.5 Subtraction","By the end of the lesson, the learner should be able to: use the relationship between addition and subtraction in workin","PUBLISHED","draft","","10","empty","clean","clean","","",""
"02f88efc-7fd9-4d68-a14c-6bbd9f6fff81","Causes of Classroom Accidents","g2-hygiene-nutrition-causes-of-classroom-accidents","Hygiene & Nutrition","Safety Education","4.2 Common Accidents and Basic First Aid — 6 official lesson(s)","By the end of the lesson, the learner should be able to identify common classroom accidents, name causes, mention ways o","PUBLISHED","none","","","empty","empty","empty","","",""
"b546d836-3292-48a1-b445-134e85b30e20","Subtracting 2-Digit Numbers Without Regrouping (Horizontal)","g2-mathematics-subtracting-2-digit-numbers-without-regrouping-horizontal","Mathematics","Numbers","1.5 Subtraction","By the end of the lesson, the learner should be able to: work out missing numbers in subtraction of up to 2-digit number","PUBLISHED","draft","","10","empty","clean","clean","","",""
"230bd039-50b8-4805-8dbe-2088b3bb5844","Safe Ways to Handle Animals","g2-environmental-safe-ways-to-handle-animals","Environmental","Environment and its resources","1.5 Animals — categorizing animals and handling animals safely","By the end of the lesson, the learner should be able to recognize animals in the environment, categorize them using simp","PUBLISHED","none","","","empty","empty","empty","","",""
"b7effcc0-b1f5-4031-beea-11f9e6afa118","Environment - Taking a Walk: Articles: a, an and the","g2-english-environment-taking-a-walk-articles-a-an-and-the","English","Listening and Speaking","1.3 Language Structures and Functions — Environment - Taking a Walk: Articles: a, an and the","By the end of the lesson, the learner should be able to: use a, an and the correctly when talking about things in the en","PUBLISHED","both","10","10","suspicious","suspicious","suspicious","GENERIC: ""here is what you need to know""; GENERIC: ""this is an example sentence""; GENERIC: ""we use this every day""; GENERIC: ""take a moment to think""; GENERIC: ""are you ready""; GENERIC: ""pay attention""; GENERIC: ""listen carefully""","GENERIC: ""here is what you need to know""; GENERIC: ""this is an example sentence""; GENERIC: ""we use this every day""; GENERIC: ""take a moment to think""; GENERIC: ""are you ready""; GENERIC: ""pay attention""; GENERIC: ""listen carefully""","hello! today we will learn about listening skills together. hello, friend! today we are going to learn about listening skills through environment - taking a walk. are you ready? welcome! our mission i"
"72e24754-fdd3-445c-be7a-a0fcb4c872f3","Kutaja hali mbalimbali za anga","g2-kiswahili-kutaja-hali-mbalimbali-za-anga","Kiswahili","Msamiati","Hali ya Anga — Msamiati wa hali ya anga","By the end of the lesson, the learner should be able to: name common weather conditions in Kiswahili.","PUBLISHED","none","","","empty","empty","empty","","",""
"d1e613c5-38be-40e1-b074-9150268a9e33","Pulling and Pushing to the Right and Left","g2-movement-pulling-and-pushing-to-the-right-and-left","Movement","Movement: Basic Movement Skills","2.1 Non-Locomotor Skills: Pulling and Pushing — 12 official lesson(s)","By the end of the lesson, the learner should be able to perform pulling and pushing in different ways, practise for stre","PUBLISHED","none","","","empty","empty","empty","","",""
"7d09732e-5946-4526-a4d6-c4097e9902cf","Ways to Prevent Classroom Accidents","g2-hygiene-nutrition-ways-to-prevent-classroom-accidents","Hygiene & Nutrition","Safety Education","4.2 Common Accidents and Basic First Aid — 6 official lesson(s)","By the end of the lesson, the learner should be able to identify common classroom accidents, name causes, mention ways o","PUBLISHED","none","","","empty","empty","empty","","",""
"17d7857a-a622-4b09-8524-db7be78977f8","Subtracting 2-Digit Numbers Without Regrouping (Vertical)","g2-mathematics-subtracting-2-digit-numbers-without-regrouping-vertical","Mathematics","Numbers","1.5 Subtraction","By the end of the lesson, the learner should be able to: work out missing numbers in patterns involving subtraction up t","PUBLISHED","draft","","10","empty","clean","clean","","",""
"6f9636ed-03f9-43c6-9507-f0f629577d89","Kutumia msamiati wa hali ya anga katika sentensi","g2-kiswahili-kutumia-msamiati-wa-hali-ya-anga-katika-sentensi","Kiswahili","Msamiati","Hali ya Anga — Msamiati wa hali ya anga","By the end of the lesson, the learner should be able to: use weather vocabulary correctly in simple sentences.","PUBLISHED","none","","","empty","empty","empty","","",""
"08df47c1-b046-4f5f-bfdd-3ea9423fc952","Simple First Aid Awareness for Classroom Accidents","g2-hygiene-nutrition-simple-first-aid-awareness-for-classroom-accidents","Hygiene & Nutrition","Safety Education","4.2 Common Accidents and Basic First Aid — 6 official lesson(s)","By the end of the lesson, the learner should be able to identify common classroom accidents, name causes, mention ways o","PUBLISHED","none","","","empty","empty","empty","","",""
"6dc0aa64-5504-4f8d-a83b-7fcb5a044aad","Pulling and Pushing at Low, Medium and High Levels","g2-movement-pulling-and-pushing-at-low-medium-and-high-levels","Movement","Movement: Basic Movement Skills","2.1 Non-Locomotor Skills: Pulling and Pushing — 12 official lesson(s)","By the end of the lesson, the learner should be able to perform pulling and pushing in different ways, practise for stre","PUBLISHED","none","","","empty","empty","empty","","",""
"223a5b63-d52a-43ac-93f9-34c80ec64283","Animal Safety Role-Play","g2-environmental-animal-safety-role-play","Environmental","Environment and its resources","1.5 Animals — categorizing animals and handling animals safely","By the end of the lesson, the learner should be able to recognize animals in the environment, categorize them using simp","PUBLISHED","none","","","empty","empty","empty","","",""
"ee4ce618-c45a-44bd-bc7a-b10b4a20fd33","Environment - Taking a Walk: Reading Short Texts","g2-english-environment-taking-a-walk-reading-short-texts","English","Reading","2.2 Letter-Sound Knowledge / 2.3 Word Reading / 2.4 Fluency — Environment - Taking a Walk: Articles: a, an and the","By the end of the lesson, the learner should be able to: read grade-level words and short connected texts related to the","PUBLISHED","both","10","10","suspicious","suspicious","suspicious","GENERIC: ""here is what you need to know""; GENERIC: ""this is an example sentence""; GENERIC: ""we use this every day""; GENERIC: ""take a moment to think""; GENERIC: ""are you ready""; GENERIC: ""listen carefully""","GENERIC: ""here is what you need to know""; GENERIC: ""this is an example sentence""; GENERIC: ""we use this every day""; GENERIC: ""take a moment to think""; GENERIC: ""are you ready""; GENERIC: ""listen carefully""","hello! today we will learn about reading comprehension together. hello, friend! today we are going to learn about reading comprehension through environment - taking a walk. are you ready? welcome! our"
"cd845a68-f275-4f7f-b8a8-7d4887b95cda","Relationship Between Addition and Subtraction","g2-mathematics-relationship-between-addition-and-subtraction","Mathematics","Numbers","1.5 Subtraction","By the end of the lesson, the learner should be able to: work out missing numbers in patterns involving subtraction up t","PUBLISHED","both","10","10","contaminated","contaminated","contaminated","FORBIDDEN: ""reading comprehension""; FORBIDDEN: ""read a short passage""; FORBIDDEN: ""good readers""; FORBIDDEN: ""words say""; FORBIDDEN: ""what did you learn about reading""; GENERIC: ""here is what you need to know""; GENERIC: ""this is an example sentence""; GENERIC: ""we use this every day""; GENERIC: ""take a moment to think""; GENERIC: ""are you ready""; GENERIC: ""listen carefully""; REFLECTION_MISMATCH: Math asks about reading","FORBIDDEN: ""reading comprehension""; FORBIDDEN: ""read a short passage""; FORBIDDEN: ""good readers""; FORBIDDEN: ""words say""; FORBIDDEN: ""what did you learn about reading""; GENERIC: ""here is what you need to know""; GENERIC: ""this is an example sentence""; GENERIC: ""we use this every day""; GENERIC: ""take a moment to think""; GENERIC: ""are you ready""; GENERIC: ""listen carefully""; REFLECTION_MISMATCH: Math asks about reading","hello! today we will learn about reading comprehension together. hello, friend! today we are going to learn about reading comprehension through everyday life. are you ready? welcome! our mission is to"
"cc9ee536-b73c-4523-a89d-50e38ee1de3b","Environment - Taking a Walk: Writing Words and Sentences","g2-english-environment-taking-a-walk-writing-words-and-sentences","English","Writing","3.2 Handwriting / 3.3 Spelling / 3.5 Guided Writing — Environment - Taking a Walk: Articles: a, an and the","By the end of the lesson, the learner should be able to: spell theme words, write legibly, and write simple meaningful s","PUBLISHED","both","10","10","suspicious","suspicious","suspicious","GENERIC: ""here is what you need to know""; GENERIC: ""this is an example sentence""; GENERIC: ""we use this every day""; GENERIC: ""take a moment to think""; GENERIC: ""are you ready""; GENERIC: ""listen carefully""","GENERIC: ""here is what you need to know""; GENERIC: ""this is an example sentence""; GENERIC: ""we use this every day""; GENERIC: ""take a moment to think""; GENERIC: ""are you ready""; GENERIC: ""listen carefully""","hello! today we will learn about writing skills together. hello, friend! today we are going to learn about writing skills through environment - taking a walk. are you ready? welcome! our mission is to"
"0bcf771c-97d7-4fe1-a9db-b893f3b220f7","Pulling and Pushing Slowly and Quickly","g2-movement-pulling-and-pushing-slowly-and-quickly","Movement","Movement: Basic Movement Skills","2.1 Non-Locomotor Skills: Pulling and Pushing — 12 official lesson(s)","By the end of the lesson, the learner should be able to perform pulling and pushing in different ways, practise for stre","PUBLISHED","none","","","empty","empty","empty","","",""
"aa94ad25-3b8b-43a9-8ab3-819ff2f78b7a","Reporting Dangers in the Classroom","g2-hygiene-nutrition-reporting-dangers-in-the-classroom","Hygiene & Nutrition","Safety Education","4.2 Common Accidents and Basic First Aid — 6 official lesson(s)","By the end of the lesson, the learner should be able to identify common classroom accidents, name causes, mention ways o","PUBLISHED","none","","","empty","empty","empty","","",""
"3958b979-617c-4305-8505-a235a92ecdf9","Kusimulia kuhusu hali ya anga","g2-kiswahili-kusimulia-kuhusu-hali-ya-anga","Kiswahili","Kusikiliza na Kuzungumza","Hali ya Anga — Masimulizi","By the end of the lesson, the learner should be able to: talk about different weather conditions using Kiswahili.","PUBLISHED","none","","","empty","empty","empty","","",""
"19ec3930-de82-416a-aef3-76a1b89f45b9","Animals Review: Categorize and Stay Safe","g2-environmental-animals-review-categorize-and-stay-safe","Environmental","Environment and its resources","1.5 Animals — categorizing animals and handling animals safely","By the end of the lesson, the learner should be able to recognize animals in the environment, categorize them using simp","PUBLISHED","both","10","10","suspicious","suspicious","suspicious","GENERIC: ""here is what you need to know""; GENERIC: ""take a moment to think""; GENERIC: ""are you ready""","GENERIC: ""here is what you need to know""; GENERIC: ""take a moment to think""; GENERIC: ""are you ready""","hello! i am owl. let us learn about categorize and stay safe together! hello, friend! today we will learn about categorize and stay safe. are you ready? welcome! our mission is to explore categorize a"
"e20dbfd4-eba4-402d-8743-8e24e00475a2","Using Number Families for Subtraction","g2-mathematics-using-number-families-for-subtraction","Mathematics","Numbers","1.5 Subtraction","By the end of the lesson, the learner should be able to: work out missing numbers in patterns involving subtraction up t","PUBLISHED","draft","","10","empty","clean","clean","","",""
"1bda2458-0943-4d9a-8342-2599c8795d10","Working in Teams During Pulling and Pushing","g2-movement-working-in-teams-during-pulling-and-pushing","Movement","Movement: Basic Movement Skills","2.1 Non-Locomotor Skills: Pulling and Pushing — 12 official lesson(s)","By the end of the lesson, the learner should be able to perform pulling and pushing in different ways, practise for stre","PUBLISHED","none","","","empty","empty","empty","","",""
"36e8f92b-6a81-4f02-ad5f-e04cd5bbb16d","Naming Sources of Light","g2-environmental-naming-sources-of-light","Environmental","Environment and its resources","1.7 Energy: Light — sources, shadows and precautions","By the end of the lesson, the learner should be able to identify sources of light, explore shadow formation, categorize ","PUBLISHED","none","","","empty","empty","empty","","",""
"b9d664e8-27f9-47f9-b1c8-82c0e01c7428","Kusoma hadithi kuhusu hali ya anga","g2-kiswahili-kusoma-hadithi-kuhusu-hali-ya-anga","Kiswahili","Kusoma","Hali ya Anga — Hadithi","By the end of the lesson, the learner should be able to: read a short story about weather and identify important details","PUBLISHED","none","","","empty","empty","empty","","",""
"75503105-e574-421c-8ed8-48f1823c0ff5","Classroom Safety Review and Reflection","g2-hygiene-nutrition-classroom-safety-review-and-reflection","Hygiene & Nutrition","Safety Education","4.2 Common Accidents and Basic First Aid — 6 official lesson(s)","By the end of the lesson, the learner should be able to identify common classroom accidents, name causes, mention ways o","PUBLISHED","none","","","empty","empty","empty","","",""
"5dc98afa-b849-4b57-a116-dabbe4e0d459","Environment - Taking a Walk: Integrated Review and Assessment","g2-english-environment-taking-a-walk-integrated-review-and-assessment","English","Integrated English Practice","Integrated Review and Formative Assessment — Environment - Taking a Walk: Articles: a, an and the","By the end of the lesson, the learner should be able to: use listening, speaking, reading and writing skills together to","PUBLISHED","both","10","10","suspicious","suspicious","suspicious","GENERIC: ""here is what you need to know""; GENERIC: ""this is an example sentence""; GENERIC: ""we use this every day""; GENERIC: ""take a moment to think""; GENERIC: ""are you ready""; GENERIC: ""listen carefully""","GENERIC: ""here is what you need to know""; GENERIC: ""this is an example sentence""; GENERIC: ""we use this every day""; GENERIC: ""take a moment to think""; GENERIC: ""are you ready""; GENERIC: ""listen carefully""","hello! today we will learn about reading comprehension together. hello, friend! today we are going to learn about reading comprehension through environment - taking a walk. are you ready? welcome! our"
"57b06b8d-6d1a-4e40-a19d-a2898713397d","Kutoa muhtasari wa hadithi ya hali ya anga","g2-kiswahili-kutoa-muhtasari-wa-hadithi-ya-hali-ya-anga","Kiswahili","Kusoma","Hali ya Anga — Ufahamu","By the end of the lesson, the learner should be able to: give a short summary of a weather story.","PUBLISHED","none","","","empty","empty","empty","","",""
"657cb29c-3096-477e-af05-2f090631fd70","Technology: Listening for Key Ideas","g2-english-technology-listening-for-key-ideas","English","Listening and Speaking","1.1 Attentive Listening — Technology: Possessives: mine, yours, ours, hers, his","By the end of the lesson, the learner should be able to: listen attentively, respond to simple two-directional instructi","PUBLISHED","both","10","10","suspicious","suspicious","suspicious","GENERIC: ""here is what you need to know""; GENERIC: ""this is an example sentence""; GENERIC: ""we use this every day""; GENERIC: ""take a moment to think""; GENERIC: ""are you ready""; GENERIC: ""pay attention""; GENERIC: ""listen carefully""","GENERIC: ""here is what you need to know""; GENERIC: ""this is an example sentence""; GENERIC: ""we use this every day""; GENERIC: ""take a moment to think""; GENERIC: ""are you ready""; GENERIC: ""pay attention""; GENERIC: ""listen carefully""","hello! today we will learn about listening skills together. hello, friend! today we are going to learn about listening skills through technology. are you ready? welcome! our mission is to learn about "
"66cdd3b3-858d-4be2-a451-b2f2340bc852","Missing Numbers in Subtraction","g2-mathematics-missing-numbers-in-subtraction","Mathematics","Numbers","1.5 Subtraction","By the end of the lesson, the learner should be able to: work out missing numbers in patterns involving subtraction up t","PUBLISHED","draft","","10","empty","clean","clean","","",""
"43850721-2e58-453a-a4d9-0e71bd18b927","Natural Sources of Light","g2-environmental-natural-sources-of-light","Environmental","Environment and its resources","1.7 Energy: Light — sources, shadows and precautions","By the end of the lesson, the learner should be able to identify sources of light, explore shadow formation, categorize ","PUBLISHED","none","","","empty","empty","empty","","",""
"6d391bc8-6515-4dc8-adbb-cf150d940370","Playing Pulling and Pushing Games","g2-movement-playing-pulling-and-pushing-games","Movement","Movement: Basic Movement Skills","2.1 Non-Locomotor Skills: Pulling and Pushing — 12 official lesson(s)","By the end of the lesson, the learner should be able to perform pulling and pushing in different ways, practise for stre","PUBLISHED","none","","","empty","empty","empty","","",""
"8ed44ea0-4c10-4268-aeb0-505d5d558e6a","Artificial Sources of Light at Home and School","g2-environmental-artificial-sources-of-light-at-home-and-school","Environmental","Environment and its resources","1.7 Energy: Light — sources, shadows and precautions","By the end of the lesson, the learner should be able to identify sources of light, explore shadow formation, categorize ","PUBLISHED","none","","","empty","empty","empty","","",""
"56636cc8-6055-45f1-ae13-378169635451","Kutambua wewe na nyinyi wakati uliopita","g2-kiswahili-kutambua-wewe-na-nyinyi-wakati-uliopita","Kiswahili","Sarufi","Hali ya Anga — Nafsi ya pili wakati uliopita","By the end of the lesson, the learner should be able to: recognise second person forms in the past tense.","PUBLISHED","none","","","empty","empty","empty","","",""
"93e1418a-7f84-4a4c-864a-be2e6b12cdfb","Word Problems: Subtraction Within 100","g2-mathematics-word-problems-subtraction-within-100","Mathematics","Numbers","1.5 Subtraction","By the end of the lesson, the learner should be able to: work out missing numbers in patterns involving subtraction up t","PUBLISHED","published","10","","suspicious","empty","suspicious","QC_NO_CORRECT_INDEX","","hello! subtraction means taking away. let's learn together! today we learn subtraction! we take away to find what's left. like: 8 - 3 = 5 means start with 8, take away 3, 5 are left. let's subtract! y"
"d34b371e-d016-4a44-b9bd-e7e82a4fdfbf","Technology: Vocabulary and Pronunciation","g2-english-technology-vocabulary-and-pronunciation","English","Listening and Speaking","1.2 Pronunciation and Vocabulary — Technology: Possessives: mine, yours, ours, hers, his","By the end of the lesson, the learner should be able to: recognise consonant blends, pronounce theme vocabulary correctl","PUBLISHED","both","10","10","suspicious","suspicious","suspicious","GENERIC: ""here is what you need to know""; GENERIC: ""this is an example sentence""; GENERIC: ""we use this every day""; GENERIC: ""take a moment to think""; GENERIC: ""are you ready""; GENERIC: ""pay attention""; GENERIC: ""listen carefully""","GENERIC: ""here is what you need to know""; GENERIC: ""this is an example sentence""; GENERIC: ""we use this every day""; GENERIC: ""take a moment to think""; GENERIC: ""are you ready""; GENERIC: ""pay attention""; GENERIC: ""listen carefully""","hello! today we will learn about listening skills together. hello, friend! today we are going to learn about listening skills through technology. are you ready? welcome! our mission is to learn about "
"7616b836-daa0-4155-a517-6945838a9760","Safety Rules for Pulling and Pushing","g2-movement-safety-rules-for-pulling-and-pushing","Movement","Movement: Basic Movement Skills","2.1 Non-Locomotor Skills: Pulling and Pushing — 12 official lesson(s)","By the end of the lesson, the learner should be able to perform pulling and pushing in different ways, practise for stre","PUBLISHED","none","","","empty","empty","empty","","",""
"98178508-631b-480e-aa6a-8fd9b086b682","Producing Light Safely with Teacher Guidance","g2-environmental-producing-light-safely-with-teacher-guidance","Environmental","Environment and its resources","1.7 Energy: Light — sources, shadows and precautions","By the end of the lesson, the learner should be able to identify sources of light, explore shadow formation, categorize ","PUBLISHED","none","","","empty","empty","empty","","",""
"5c161f1d-673a-4166-a322-07285363ab56","Pulling and Pushing Practice and Reflection","g2-movement-pulling-and-pushing-practice-and-reflection","Movement","Movement: Basic Movement Skills","2.1 Non-Locomotor Skills: Pulling and Pushing — 12 official lesson(s)","By the end of the lesson, the learner should be able to perform pulling and pushing in different ways, practise for stre","PUBLISHED","none","","","empty","empty","empty","","",""
"9f79f5ed-0df6-4c18-8fff-f65af35d4f94","Kutumia wewe uli- katika sentensi","g2-kiswahili-kutumia-wewe-uli-katika-sentensi","Kiswahili","Sarufi","Hali ya Anga — Nafsi ya pili wakati uliopita","By the end of the lesson, the learner should be able to: use wewe uli- correctly in simple past tense sentences.","PUBLISHED","none","","","empty","empty","empty","","",""
"e94bfe6c-926b-458f-b4bb-ca74a697b5b5","Subtraction Patterns up to 100","g2-mathematics-subtraction-patterns-up-to-100","Mathematics","Numbers","1.5 Subtraction","By the end of the lesson, the learner should be able to: work out missing numbers in patterns involving subtraction up t","PUBLISHED","both","10","10","contaminated","contaminated","contaminated","FORBIDDEN: ""reading comprehension""; FORBIDDEN: ""read a short passage""; FORBIDDEN: ""good readers""; FORBIDDEN: ""words say""; FORBIDDEN: ""what did you learn about reading""; GENERIC: ""here is what you need to know""; GENERIC: ""this is an example sentence""; GENERIC: ""we use this every day""; GENERIC: ""take a moment to think""; GENERIC: ""are you ready""; GENERIC: ""listen carefully""; REFLECTION_MISMATCH: Math asks about reading","FORBIDDEN: ""reading comprehension""; FORBIDDEN: ""read a short passage""; FORBIDDEN: ""good readers""; FORBIDDEN: ""words say""; FORBIDDEN: ""what did you learn about reading""; GENERIC: ""here is what you need to know""; GENERIC: ""this is an example sentence""; GENERIC: ""we use this every day""; GENERIC: ""take a moment to think""; GENERIC: ""are you ready""; GENERIC: ""listen carefully""; REFLECTION_MISMATCH: Math asks about reading","hello! today we will learn about reading comprehension together. hello, friend! today we are going to learn about reading comprehension through everyday life. are you ready? welcome! our mission is to"
"d197451f-133d-42cc-8495-447bb92e4bd1","Technology: Possessives: mine, yours, ours, hers, his","g2-english-technology-possessives-mine-yours-ours-hers-his","English","Listening and Speaking","1.3 Language Structures and Functions — Technology: Possessives: mine, yours, ours, hers, his","By the end of the lesson, the learner should be able to: use possessives correctly to show ownership in simple technolog","PUBLISHED","both","10","10","suspicious","suspicious","suspicious","GENERIC: ""here is what you need to know""; GENERIC: ""this is an example sentence""; GENERIC: ""we use this every day""; GENERIC: ""take a moment to think""; GENERIC: ""are you ready""; GENERIC: ""pay attention""; GENERIC: ""listen carefully""","GENERIC: ""here is what you need to know""; GENERIC: ""this is an example sentence""; GENERIC: ""we use this every day""; GENERIC: ""take a moment to think""; GENERIC: ""are you ready""; GENERIC: ""pay attention""; GENERIC: ""listen carefully""","hello! today we will learn about listening skills together. hello, friend! today we are going to learn about listening skills through technology. are you ready? welcome! our mission is to learn about "
"74811dcb-a210-4152-b81a-651f720023ef","Observing Shadows Around the School","g2-environmental-observing-shadows-around-the-school","Environmental","Environment and its resources","1.7 Energy: Light — sources, shadows and precautions","By the end of the lesson, the learner should be able to identify sources of light, explore shadow formation, categorize ","PUBLISHED","none","","","empty","empty","empty","","",""
"7feda5da-aefb-42f1-9c49-931799d7e8f9","Kutumia nyinyi mli- katika sentensi","g2-kiswahili-kutumia-nyinyi-mli-katika-sentensi","Kiswahili","Sarufi","Hali ya Anga — Nafsi ya pili wakati uliopita","By the end of the lesson, the learner should be able to: use nyinyi mli- correctly in simple past tense sentences.","PUBLISHED","none","","","empty","empty","empty","","",""
"4df91b2e-f49a-4f64-954d-b11d17d27ab4","Observing Decorated Plastic Containers","g2-movement-observing-decorated-plastic-containers","Movement","Art and Craft: Decorating Forms","5.2 Decorating Plastic Containers — 3 official lesson(s)","By the end of the lesson, the learner should be able to observe decorated plastic container samples, decorate plastic co","PUBLISHED","none","","","empty","empty","empty","","",""
"a2c19258-4fce-4d87-bb6b-c92e5d79e3b2","Subtraction: Practice and Application","g2-mathematics-subtraction-practice-and-application","Mathematics","Numbers","1.5 Subtraction","By the end of the lesson, the learner should be able to: work out missing numbers in patterns involving subtraction up t","PUBLISHED","published","10","","suspicious","empty","suspicious","QC_NO_CORRECT_INDEX","","hello! subtraction means taking away. let's learn together! today we learn subtraction! we take away to find what's left. like: 8 - 3 = 5 means start with 8, take away 3, 5 are left. let's subtract! y"
"00ec5283-1bdd-4753-885a-97d7d263b1fa","Technology: Reading Short Texts","g2-english-technology-reading-short-texts","English","Reading","2.2 Letter-Sound Knowledge / 2.3 Word Reading / 2.4 Fluency — Technology: Possessives: mine, yours, ours, hers, his","By the end of the lesson, the learner should be able to: read grade-level words and short connected texts related to the","PUBLISHED","both","10","10","suspicious","suspicious","suspicious","GENERIC: ""here is what you need to know""; GENERIC: ""this is an example sentence""; GENERIC: ""we use this every day""; GENERIC: ""take a moment to think""; GENERIC: ""are you ready""; GENERIC: ""listen carefully""","GENERIC: ""here is what you need to know""; GENERIC: ""this is an example sentence""; GENERIC: ""we use this every day""; GENERIC: ""take a moment to think""; GENERIC: ""are you ready""; GENERIC: ""listen carefully""","hello! today we will learn about reading comprehension together. hello, friend! today we are going to learn about reading comprehension through technology. are you ready? welcome! our mission is to le"
"1bb9d70b-0761-4669-8e0e-7980954b9c46","How Shadows Are Formed","g2-environmental-how-shadows-are-formed","Environmental","Environment and its resources","1.7 Energy: Light — sources, shadows and precautions","By the end of the lesson, the learner should be able to identify sources of light, explore shadow formation, categorize ","PUBLISHED","none","","","empty","empty","empty","","",""
"f24c4ab7-c753-4dc4-9c58-c04260a74a44","Kuandika sentensi kuhusu hali ya anga","g2-kiswahili-kuandika-sentensi-kuhusu-hali-ya-anga","Kiswahili","Kuandika","Hali ya Anga — Sentensi fupi","By the end of the lesson, the learner should be able to: write simple sentences about weather using learned vocabulary a","PUBLISHED","none","","","empty","empty","empty","","",""
"a295ff53-4930-4a82-b76d-38b0f6acd3ec","Subtraction: Digital Games","g2-mathematics-subtraction-digital-games","Mathematics","Numbers","1.5 Subtraction","By the end of the lesson, the learner should be able to: work out missing numbers in patterns involving subtraction up t","PUBLISHED","published","10","","suspicious","empty","suspicious","QC_NO_CORRECT_INDEX","","hello! subtraction means taking away. let's learn together! today we learn subtraction! we take away to find what's left. like: 8 - 3 = 5 means start with 8, take away 3, 5 are left. let's subtract! y"
"f47e1d5a-a004-4ea4-b2ef-005f777391af","Decorating Plastic Containers with Paint and Paper","g2-movement-decorating-plastic-containers-with-paint-and-paper","Movement","Art and Craft: Decorating Forms","5.2 Decorating Plastic Containers — 3 official lesson(s)","By the end of the lesson, the learner should be able to observe decorated plastic container samples, decorate plastic co","PUBLISHED","none","","","empty","empty","empty","","",""
"1900128b-5a18-4403-9103-f53a292387a2","Technology: Writing Words and Sentences","g2-english-technology-writing-words-and-sentences","English","Writing","3.2 Handwriting / 3.3 Spelling / 3.5 Guided Writing — Technology: Possessives: mine, yours, ours, hers, his","By the end of the lesson, the learner should be able to: spell theme words, write legibly, and write simple meaningful s","PUBLISHED","both","10","10","suspicious","suspicious","suspicious","GENERIC: ""here is what you need to know""; GENERIC: ""this is an example sentence""; GENERIC: ""we use this every day""; GENERIC: ""take a moment to think""; GENERIC: ""are you ready""; GENERIC: ""listen carefully""","GENERIC: ""here is what you need to know""; GENERIC: ""this is an example sentence""; GENERIC: ""we use this every day""; GENERIC: ""take a moment to think""; GENERIC: ""are you ready""; GENERIC: ""listen carefully""","hello! today we will learn about writing skills together. hello, friend! today we are going to learn about writing skills through technology. are you ready? welcome! our mission is to learn about writ"
"c6bb3650-4995-47df-98ac-e3e34411aff4","Subtraction: Word Problems","g2-mathematics-subtraction-word-problems","Mathematics","Numbers","1.5 Subtraction","By the end of the lesson, the learner should be able to: work out missing numbers in patterns involving subtraction up t","PUBLISHED","published","10","","suspicious","empty","suspicious","QC_NO_CORRECT_INDEX","","hello! subtraction means taking away. let's learn together! today we learn subtraction! we take away to find what's left. like: 8 - 3 = 5 means start with 8, take away 3, 5 are left. let's subtract! y"
"bfe0cb21-1bb2-466d-b1fc-54f269e19493","Hali ya Anga: Mazoezi na tafakari","g2-kiswahili-hali-ya-anga-mazoezi-na-tafakari","Kiswahili","Tathmini","Hali ya Anga — Marudio na tathmini","By the end of the lesson, the learner should be able to: demonstrate understanding of the Kiswahili alphabet, weather vo","PUBLISHED","both","10","10","clean","clean","clean","","","habari! mimi ni owl. leo tutapima yote tuliyojifunza. habari, rafiki! 🌟 leo tutapima yote tuliyojifunza. tutasikiliza, tusome, tuandike, na tuzungumze kwa kiswahili! karibu! lengo letu ni kuonyesha y"
"9452f2ba-8ab5-40f6-b069-d510350f1dbb","Decorated Container Display and Reflection","g2-movement-decorated-container-display-and-reflection","Movement","Art and Craft: Decorating Forms","5.2 Decorating Plastic Containers — 3 official lesson(s)","By the end of the lesson, the learner should be able to observe decorated plastic container samples, decorate plastic co","PUBLISHED","none","","","empty","empty","empty","","",""
"93733f22-ae31-4ab8-8fbf-e0a0ffd114fa","Objects That Form Shadows","g2-environmental-objects-that-form-shadows","Environmental","Environment and its resources","1.7 Energy: Light — sources, shadows and precautions","By the end of the lesson, the learner should be able to identify sources of light, explore shadow formation, categorize ","PUBLISHED","none","","","empty","empty","empty","","",""
"79834944-284a-4c2c-acc1-5eec3418c124","Technology: Integrated Review and Assessment","g2-english-technology-integrated-review-and-assessment","English","Integrated English Practice","Integrated Review and Formative Assessment — Technology: Possessives: mine, yours, ours, hers, his","By the end of the lesson, the learner should be able to: use listening, speaking, reading and writing skills together to","PUBLISHED","both","10","10","suspicious","suspicious","suspicious","GENERIC: ""here is what you need to know""; GENERIC: ""this is an example sentence""; GENERIC: ""we use this every day""; GENERIC: ""take a moment to think""; GENERIC: ""are you ready""; GENERIC: ""listen carefully""","GENERIC: ""here is what you need to know""; GENERIC: ""this is an example sentence""; GENERIC: ""we use this every day""; GENERIC: ""take a moment to think""; GENERIC: ""are you ready""; GENERIC: ""listen carefully""","hello! today we will learn about reading comprehension together. hello, friend! today we are going to learn about reading comprehension through technology. are you ready? welcome! our mission is to le"
"0f436d68-253d-4fa5-93b3-cc156805cbfe","Observing Double Strand Necklaces","g2-movement-observing-double-strand-necklaces","Movement","Art and Craft: Ornaments","6.1 Double Strand Necklaces — 3 official lesson(s)","By the end of the lesson, the learner should be able to observe beaded ornaments, experiment with local materials, creat","PUBLISHED","none","","","empty","empty","empty","","",""
"de91c09f-bdf7-4d0d-a67e-9a80c840c490","Subtraction: Assessment and Review","g2-mathematics-subtraction-assessment-and-review","Mathematics","Numbers","1.5 Subtraction","By the end of the lesson, the learner should be able to: work out missing numbers in patterns involving subtraction up t","PUBLISHED","published","10","","suspicious","empty","suspicious","QC_NO_CORRECT_INDEX","","hello! subtraction means taking away. let's learn together! today we learn subtraction! we take away to find what's left. like: 8 - 3 = 5 means start with 8, take away 3, 5 are left. let's subtract! y"
"406c62c7-0893-4063-8d07-3e467231cf54","Kutaja vyakula vinavyofaidi mwili","g2-kiswahili-kutaja-vyakula-vinavyofaidi-mwili","Kiswahili","Msamiati","Lishe Bora — Msamiati wa lishe bora","By the end of the lesson, the learner should be able to: name foods that help the body and use simple Kiswahili food voc","PUBLISHED","none","","","empty","empty","empty","","",""
"192fb69f-96c0-4e21-b0ab-bde38c1bf6ef","Objects That Do Not Form Clear Shadows","g2-environmental-objects-that-do-not-form-clear-shadows","Environmental","Environment and its resources","1.7 Energy: Light — sources, shadows and precautions","By the end of the lesson, the learner should be able to identify sources of light, explore shadow formation, categorize ","PUBLISHED","none","","","empty","empty","empty","","",""
"bc8d528d-a891-4ff6-98eb-c16a3e99abb6","Cultural Activities: Listening for Key Ideas","g2-english-cultural-activities-listening-for-key-ideas","English","Listening and Speaking","1.1 Attentive Listening — Cultural Activities: Wh-questions: what, where, when, whose","By the end of the lesson, the learner should be able to: listen attentively, respond to simple two-directional instructi","PUBLISHED","both","10","10","suspicious","suspicious","suspicious","GENERIC: ""here is what you need to know""; GENERIC: ""this is an example sentence""; GENERIC: ""we use this every day""; GENERIC: ""take a moment to think""; GENERIC: ""are you ready""; GENERIC: ""pay attention""; GENERIC: ""listen carefully""","GENERIC: ""here is what you need to know""; GENERIC: ""this is an example sentence""; GENERIC: ""we use this every day""; GENERIC: ""take a moment to think""; GENERIC: ""are you ready""; GENERIC: ""pay attention""; GENERIC: ""listen carefully""","hello! today we will learn about listening skills together. hello, friend! today we are going to learn about listening skills through cultural activities. are you ready? welcome! our mission is to lea"
"7a0a98dd-9540-47fc-9fc5-7d8af38527df","Subtraction: Missing Numbers in Patterns","g2-mathematics-subtraction-missing-numbers-in-patterns","Mathematics","Numbers","1.5 Subtraction","By the end of the lesson, the learner should be able to: work out missing numbers in patterns involving subtraction up t","PUBLISHED","published","10","","suspicious","empty","suspicious","QC_NO_CORRECT_INDEX","","hello! subtraction means taking away. let's learn together! today we learn subtraction! we take away to find what's left. like: 8 - 3 = 5 means start with 8, take away 3, 5 are left. let's subtract! y"
"b4ce7672-380d-405f-9789-ff80bc640501","Cultural Activities: Vocabulary and Pronunciation","g2-english-cultural-activities-vocabulary-and-pronunciation","English","Listening and Speaking","1.2 Pronunciation and Vocabulary — Cultural Activities: Wh-questions: what, where, when, whose","By the end of the lesson, the learner should be able to: recognise consonant blends, pronounce theme vocabulary correctl","PUBLISHED","both","10","10","suspicious","suspicious","suspicious","GENERIC: ""here is what you need to know""; GENERIC: ""this is an example sentence""; GENERIC: ""we use this every day""; GENERIC: ""take a moment to think""; GENERIC: ""are you ready""; GENERIC: ""pay attention""; GENERIC: ""listen carefully""","GENERIC: ""here is what you need to know""; GENERIC: ""this is an example sentence""; GENERIC: ""we use this every day""; GENERIC: ""take a moment to think""; GENERIC: ""are you ready""; GENERIC: ""pay attention""; GENERIC: ""listen carefully""","hello! today we will learn about listening skills together. hello, friend! today we are going to learn about listening skills through cultural activities. are you ready? welcome! our mission is to lea"
"497bfe37-578c-4c7f-95af-7b056802c80a","Kutofautisha vyakula vinavyofaidi na vinavyodhuru","g2-kiswahili-kutofautisha-vyakula-vinavyofaidi-na-vinavyodhuru","Kiswahili","Msamiati","Lishe Bora — Msamiati wa lishe bora","By the end of the lesson, the learner should be able to: distinguish foods that benefit the body from those that can har","PUBLISHED","none","","","empty","empty","empty","","",""
"779430a4-3d93-4681-9c2b-910829127a3d","Choosing Local Materials for Necklaces","g2-movement-choosing-local-materials-for-necklaces","Movement","Art and Craft: Ornaments","6.1 Double Strand Necklaces — 3 official lesson(s)","By the end of the lesson, the learner should be able to observe beaded ornaments, experiment with local materials, creat","PUBLISHED","none","","","empty","empty","empty","","",""
"b3214750-8db1-4500-bbab-3ee176e09b4d","Light Practices That Can Harm Our Eyes","g2-environmental-light-practices-that-can-harm-our-eyes","Environmental","Environment and its resources","1.7 Energy: Light — sources, shadows and precautions","By the end of the lesson, the learner should be able to identify sources of light, explore shadow formation, categorize ","PUBLISHED","none","","","empty","empty","empty","","",""
"8345c47c-b061-4d23-bd3a-a21fc0f1fb51","Kusimulia kuhusu chakula ninachopenda","g2-kiswahili-kusimulia-kuhusu-chakula-ninachopenda","Kiswahili","Kusikiliza na Kuzungumza","Lishe Bora — Masimulizi","By the end of the lesson, the learner should be able to: talk about preferred foods and explain how they help the body.","PUBLISHED","none","","","empty","empty","empty","","",""
"23d35317-4c2b-4118-ae0e-11c80e8c85ea","Subtraction: Creating Patterns","g2-mathematics-subtraction-creating-patterns","Mathematics","Numbers","1.5 Subtraction","By the end of the lesson, the learner should be able to: work out missing numbers in patterns involving subtraction up t","PUBLISHED","published","10","","suspicious","empty","suspicious","QC_NO_CORRECT_INDEX","","hello! subtraction means taking away. let's learn together! today we learn subtraction! we take away to find what's left. like: 8 - 3 = 5 means start with 8, take away 3, 5 are left. let's subtract! y"
"1415075d-eecb-4549-a307-a80a3df35121","Cultural Activities: Wh-questions: what, where, when, whose","g2-english-cultural-activities-wh-questions-what-where-when-whose","English","Listening and Speaking","1.3 Language Structures and Functions — Cultural Activities: Wh-questions: what, where, when, whose","By the end of the lesson, the learner should be able to: ask and answer what, where, when and whose questions correctly ","PUBLISHED","both","10","10","suspicious","suspicious","suspicious","GENERIC: ""here is what you need to know""; GENERIC: ""this is an example sentence""; GENERIC: ""we use this every day""; GENERIC: ""take a moment to think""; GENERIC: ""are you ready""; GENERIC: ""pay attention""; GENERIC: ""listen carefully""","GENERIC: ""here is what you need to know""; GENERIC: ""this is an example sentence""; GENERIC: ""we use this every day""; GENERIC: ""take a moment to think""; GENERIC: ""are you ready""; GENERIC: ""pay attention""; GENERIC: ""listen carefully""","hello! today we will learn about listening skills together. hello, friend! today we are going to learn about listening skills through cultural activities. are you ready? welcome! our mission is to lea"
"22977da2-e971-418d-9d4e-354e31c14e93","Making a Double Strand Necklace","g2-movement-making-a-double-strand-necklace","Movement","Art and Craft: Ornaments","6.1 Double Strand Necklaces — 3 official lesson(s)","By the end of the lesson, the learner should be able to observe beaded ornaments, experiment with local materials, creat","PUBLISHED","none","","","empty","empty","empty","","",""
"1bbec668-c87b-4051-a7da-9a1352002deb","Creating Light Safety Messages","g2-environmental-creating-light-safety-messages","Environmental","Environment and its resources","1.7 Energy: Light — sources, shadows and precautions","By the end of the lesson, the learner should be able to identify sources of light, explore shadow formation, categorize ","PUBLISHED","none","","","empty","empty","empty","","",""
"360cd2c3-48d2-46a0-81ec-c28ae043b548","Kusoma hadithi kuhusu lishe bora","g2-kiswahili-kusoma-hadithi-kuhusu-lishe-bora","Kiswahili","Kusoma","Lishe Bora — Hadithi","By the end of the lesson, the learner should be able to: read a short story about healthy eating and answer simple quest","PUBLISHED","none","","","empty","empty","empty","","",""
"1df175e0-07d0-497f-9f43-ee8217368ffa","Main Features Between Home and School","g2-environmental-main-features-between-home-and-school","Environmental","Social environment","2.1 School environment and its neighbourhood","By the end of the lesson, the learner should be able to identify features around school, keep the school environment cle","PUBLISHED","none","","","empty","empty","empty","","",""
"5aba42cc-c158-44f2-9c43-603c08c4e00f","Cultural Activities: Reading Short Texts","g2-english-cultural-activities-reading-short-texts","English","Reading","2.2 Letter-Sound Knowledge / 2.3 Word Reading / 2.4 Fluency — Cultural Activities: Wh-questions: what, where, when, whose","By the end of the lesson, the learner should be able to: read grade-level words and short connected texts related to the","PUBLISHED","both","10","10","suspicious","suspicious","suspicious","GENERIC: ""here is what you need to know""; GENERIC: ""this is an example sentence""; GENERIC: ""we use this every day""; GENERIC: ""take a moment to think""; GENERIC: ""are you ready""; GENERIC: ""listen carefully""","GENERIC: ""here is what you need to know""; GENERIC: ""this is an example sentence""; GENERIC: ""we use this every day""; GENERIC: ""take a moment to think""; GENERIC: ""are you ready""; GENERIC: ""listen carefully""","hello! today we will learn about reading comprehension together. hello, friend! today we are going to learn about reading comprehension through cultural activities. are you ready? welcome! our mission"
"85f7ad4c-a8d7-4aea-b5fc-b8d372d37a3f","Subtraction: Comparing Groups","g2-mathematics-subtraction-comparing-groups","Mathematics","Numbers","1.5 Subtraction","By the end of the lesson, the learner should be able to: work out missing numbers in patterns involving subtraction up t","PUBLISHED","published","10","","suspicious","empty","suspicious","QC_NO_CORRECT_INDEX","","hello! subtraction means taking away. let's learn together! today we learn subtraction! we take away to find what's left. like: 8 - 3 = 5 means start with 8, take away 3, 5 are left. let's subtract! y"
"91983e86-d8e4-4cb3-964c-5db281231fcf","Watching and Naming Turning Movements","g2-movement-watching-and-naming-turning-movements","Movement","Movement: Basic Movement Skills","2.2 Non-Locomotor Skills: Turning — 3 official lesson(s)","By the end of the lesson, the learner should be able to perform turning in different ways, practise quarter turns, half ","PUBLISHED","none","","","empty","empty","empty","","",""
"0017bc55-178f-4f36-a44a-e530169fa9de","Practising Quarter, Half and Full Turns","g2-movement-practising-quarter-half-and-full-turns","Movement","Movement: Basic Movement Skills","2.2 Non-Locomotor Skills: Turning — 3 official lesson(s)","By the end of the lesson, the learner should be able to perform turning in different ways, practise quarter turns, half ","PUBLISHED","none","","","empty","empty","empty","","",""
"a46b0919-05c8-4440-82c3-71cb8168e4dd","Kueleza ujumbe wa hadithi ya lishe bora","g2-kiswahili-kueleza-ujumbe-wa-hadithi-ya-lishe-bora","Kiswahili","Kusoma","Lishe Bora — Ufahamu","By the end of the lesson, the learner should be able to: explain the main message in a story about healthy eating.","PUBLISHED","none","","","empty","empty","empty","","",""
"de73686a-f4c3-4c95-a016-b24aaf754ce0","Subtraction: Real-Life Applications","g2-mathematics-subtraction-real-life-applications","Mathematics","Numbers","1.5 Subtraction","By the end of the lesson, the learner should be able to: work out missing numbers in patterns involving subtraction up t","PUBLISHED","published","10","","suspicious","empty","suspicious","QC_NO_CORRECT_INDEX","","hello! subtraction means taking away. let's learn together! today we learn subtraction! we take away to find what's left. like: 8 - 3 = 5 means start with 8, take away 3, 5 are left. let's subtract! y"
"41bcb543-6dda-46d2-9446-4936392017f9","Physical Features Around the School","g2-environmental-physical-features-around-the-school","Environmental","Social environment","2.1 School environment and its neighbourhood","By the end of the lesson, the learner should be able to identify features around school, keep the school environment cle","PUBLISHED","none","","","empty","empty","empty","","",""
"100b88fc-a2d2-427d-a61c-f64652dd281a","Cultural Activities: Writing Words and Sentences","g2-english-cultural-activities-writing-words-and-sentences","English","Writing","3.2 Handwriting / 3.3 Spelling / 3.5 Guided Writing — Cultural Activities: Wh-questions: what, where, when, whose","By the end of the lesson, the learner should be able to: spell theme words, write legibly, and write simple meaningful s","PUBLISHED","both","10","10","suspicious","suspicious","suspicious","GENERIC: ""here is what you need to know""; GENERIC: ""this is an example sentence""; GENERIC: ""we use this every day""; GENERIC: ""take a moment to think""; GENERIC: ""are you ready""; GENERIC: ""listen carefully""","GENERIC: ""here is what you need to know""; GENERIC: ""this is an example sentence""; GENERIC: ""we use this every day""; GENERIC: ""take a moment to think""; GENERIC: ""are you ready""; GENERIC: ""listen carefully""","hello! today we will learn about writing skills together. hello, friend! today we are going to learn about writing skills through cultural activities. are you ready? welcome! our mission is to learn a"
"586e3ab6-8380-4725-a9ed-e7ecc4a2667a","Built Features Around the School","g2-environmental-built-features-around-the-school","Environmental","Social environment","2.1 School environment and its neighbourhood","By the end of the lesson, the learner should be able to identify features around school, keep the school environment cle","PUBLISHED","none","","","empty","empty","empty","","",""
"44d73d5c-3c63-4b3b-8594-a8a5b3a91727","Turning Games Practice and Reflection","g2-movement-turning-games-practice-and-reflection","Movement","Movement: Basic Movement Skills","2.2 Non-Locomotor Skills: Turning — 3 official lesson(s)","By the end of the lesson, the learner should be able to perform turning in different ways, practise quarter turns, half ","PUBLISHED","none","","","empty","empty","empty","","",""
"54d40989-42ac-4220-9204-2a90fe73aa35","Subtraction: Community Service","g2-mathematics-subtraction-community-service","Mathematics","Numbers","1.5 Subtraction","By the end of the lesson, the learner should be able to: work out missing numbers in patterns involving subtraction up t","PUBLISHED","published","10","","suspicious","empty","suspicious","QC_NO_CORRECT_INDEX","","hello! subtraction means taking away. let's learn together! today we learn subtraction! we take away to find what's left. like: 8 - 3 = 5 means start with 8, take away 3, 5 are left. let's subtract! y"
"4cd710e5-ec8d-477f-a194-b2dfa0c5393b","Kutumia hiki katika sentensi","g2-kiswahili-kutumia-hiki-katika-sentensi","Kiswahili","Sarufi","Lishe Bora — Matumizi ya hiki na hivi","By the end of the lesson, the learner should be able to: use hiki correctly in simple Kiswahili sentences.","PUBLISHED","none","","","empty","empty","empty","","",""
"d0d93e28-c921-463a-b12f-bd77ec3406f0","Cultural Activities: Integrated Review and Assessment","g2-english-cultural-activities-integrated-review-and-assessment","English","Integrated English Practice","Integrated Review and Formative Assessment — Cultural Activities: Wh-questions: what, where, when, whose","By the end of the lesson, the learner should be able to: use listening, speaking, reading and writing skills together to","PUBLISHED","both","10","10","suspicious","suspicious","suspicious","GENERIC: ""here is what you need to know""; GENERIC: ""this is an example sentence""; GENERIC: ""we use this every day""; GENERIC: ""take a moment to think""; GENERIC: ""are you ready""; GENERIC: ""listen carefully""","GENERIC: ""here is what you need to know""; GENERIC: ""this is an example sentence""; GENERIC: ""we use this every day""; GENERIC: ""take a moment to think""; GENERIC: ""are you ready""; GENERIC: ""listen carefully""","hello! today we will learn about reading comprehension together. hello, friend! today we are going to learn about reading comprehension through cultural activities. are you ready? welcome! our mission"
"490713c4-7cd5-4c5a-bc45-b03f26ef67e4","Child Labour: Listening for Key Ideas","g2-english-child-labour-listening-for-key-ideas","English","Listening and Speaking","1.1 Attentive Listening — Child Labour: Describing words: size, colour and shape","By the end of the lesson, the learner should be able to: listen attentively, respond to simple two-directional instructi","PUBLISHED","both","10","10","suspicious","suspicious","suspicious","GENERIC: ""here is what you need to know""; GENERIC: ""this is an example sentence""; GENERIC: ""we use this every day""; GENERIC: ""take a moment to think""; GENERIC: ""are you ready""; GENERIC: ""pay attention""; GENERIC: ""listen carefully""","GENERIC: ""here is what you need to know""; GENERIC: ""this is an example sentence""; GENERIC: ""we use this every day""; GENERIC: ""take a moment to think""; GENERIC: ""are you ready""; GENERIC: ""pay attention""; GENERIC: ""listen carefully""","hello! today we will learn about listening skills together. hello, friend! today we are going to learn about listening skills through child labour. are you ready? welcome! our mission is to learn abou"
"643f24ae-1990-41e6-8795-96a4e6e2f027","Using Key Features to Locate Places","g2-environmental-using-key-features-to-locate-places","Environmental","Social environment","2.1 School environment and its neighbourhood","By the end of the lesson, the learner should be able to identify features around school, keep the school environment cle","PUBLISHED","none","","","empty","empty","empty","","",""
"174ac138-f8e8-4469-bd3c-f416f57c0e71","Observing Double Strand Bracelets","g2-movement-observing-double-strand-bracelets","Movement","Art and Craft: Ornaments","6.2 Double Strand Bracelets — 3 official lesson(s)","By the end of the lesson, the learner should be able to observe bracelet samples, experiment with local materials, creat","PUBLISHED","none","","","empty","empty","empty","","",""
"34576e67-e722-4e35-a407-698d2a46a970","Kutumia hivi katika sentensi","g2-kiswahili-kutumia-hivi-katika-sentensi","Kiswahili","Sarufi","Lishe Bora — Matumizi ya hiki na hivi","By the end of the lesson, the learner should be able to: use hivi correctly in simple Kiswahili sentences.","PUBLISHED","none","","","empty","empty","empty","","",""
"01f283c3-2b7c-44ea-9d2a-8d7782a8cb1a","Subtraction: Review and Reflection","g2-mathematics-subtraction-review-and-reflection","Mathematics","Numbers","1.5 Subtraction","By the end of the lesson, the learner should be able to: work out missing numbers in patterns involving subtraction up t","PUBLISHED","published","10","","suspicious","empty","suspicious","QC_NO_CORRECT_INDEX","","hello! subtraction means taking away. let's learn together! today we learn subtraction! we take away to find what's left. like: 8 - 3 = 5 means start with 8, take away 3, 5 are left. let's subtract! y"
"691a24c5-b84e-4434-9c94-6e5f9cf2f29b","Making a Simple Route Sketch Map","g2-environmental-making-a-simple-route-sketch-map","Environmental","Social environment","2.1 School environment and its neighbourhood","By the end of the lesson, the learner should be able to identify features around school, keep the school environment cle","PUBLISHED","none","","","empty","empty","empty","","",""
"026ca056-1faa-4588-9682-44f6a3ed44c4","Choosing Materials for Bracelets","g2-movement-choosing-materials-for-bracelets","Movement","Art and Craft: Ornaments","6.2 Double Strand Bracelets — 3 official lesson(s)","By the end of the lesson, the learner should be able to observe bracelet samples, experiment with local materials, creat","PUBLISHED","none","","","empty","empty","empty","","",""
"e07b1754-ab5f-4568-9e5c-017697420e8f","Kuandika sentensi kuhusu lishe bora","g2-kiswahili-kuandika-sentensi-kuhusu-lishe-bora","Kiswahili","Kuandika","Lishe Bora — Sentensi fupi","By the end of the lesson, the learner should be able to: write short neat sentences about healthy food choices.","PUBLISHED","none","","","empty","empty","empty","","",""
"11e76f93-f5ab-4866-b5c3-f0080500d010","Child Labour: Vocabulary and Pronunciation","g2-english-child-labour-vocabulary-and-pronunciation","English","Listening and Speaking","1.2 Pronunciation and Vocabulary — Child Labour: Describing words: size, colour and shape","By the end of the lesson, the learner should be able to: recognise consonant blends, pronounce theme vocabulary correctl","PUBLISHED","both","10","10","suspicious","suspicious","suspicious","GENERIC: ""here is what you need to know""; GENERIC: ""this is an example sentence""; GENERIC: ""we use this every day""; GENERIC: ""take a moment to think""; GENERIC: ""are you ready""; GENERIC: ""pay attention""; GENERIC: ""listen carefully""","GENERIC: ""here is what you need to know""; GENERIC: ""this is an example sentence""; GENERIC: ""we use this every day""; GENERIC: ""take a moment to think""; GENERIC: ""are you ready""; GENERIC: ""pay attention""; GENERIC: ""listen carefully""","hello! today we will learn about listening skills together. hello, friend! today we are going to learn about listening skills through child labour. are you ready? welcome! our mission is to learn abou"
"f4dfc669-06e9-4bea-a6db-a8f601437f76","Subtraction: Final Assessment","g2-mathematics-subtraction-final-assessment","Mathematics","Numbers","1.5 Subtraction","By the end of the lesson, the learner should be able to: work out missing numbers in patterns involving subtraction up t","PUBLISHED","published","10","","suspicious","empty","suspicious","QC_NO_CORRECT_INDEX","","hello! subtraction means taking away. let's learn together! today we learn subtraction! we take away to find what's left. like: 8 - 3 = 5 means start with 8, take away 3, 5 are left. let's subtract! y"
"c5503a46-26ed-49c2-bad5-d90e204048b8","Child Labour: Describing words: size, colour and shape","g2-english-child-labour-describing-words-size-colour-and-shape","English","Listening and Speaking","1.3 Language Structures and Functions — Child Labour: Describing words: size, colour and shape","By the end of the lesson, the learner should be able to: use describing words for size, colour and shape accurately when","PUBLISHED","both","10","10","suspicious","suspicious","suspicious","GENERIC: ""here is what you need to know""; GENERIC: ""this is an example sentence""; GENERIC: ""we use this every day""; GENERIC: ""take a moment to think""; GENERIC: ""are you ready""; GENERIC: ""pay attention""; GENERIC: ""listen carefully""","GENERIC: ""here is what you need to know""; GENERIC: ""this is an example sentence""; GENERIC: ""we use this every day""; GENERIC: ""take a moment to think""; GENERIC: ""are you ready""; GENERIC: ""pay attention""; GENERIC: ""listen carefully""","hello! today we will learn about listening skills together. hello, friend! today we are going to learn about listening skills through child labour. are you ready? welcome! our mission is to learn abou"
"6c4f60d2-f577-45cd-a25b-ca8f9eefc6e4","Introduction to Multiplication as Repeated Addition","g2-mathematics-introduction-to-multiplication-as-repeated-addition","Mathematics","Numbers","1.6 Multiplication","By the end of the lesson, the learner should be able to: represent multiplication as repeated addition using numbers 1, ","PUBLISHED","both","10","10","contaminated","contaminated","contaminated","FORBIDDEN: ""reading comprehension""; FORBIDDEN: ""read a short passage""; FORBIDDEN: ""good readers""; FORBIDDEN: ""words say""; FORBIDDEN: ""what did you learn about reading""; GENERIC: ""here is what you need to know""; GENERIC: ""this is an example sentence""; GENERIC: ""we use this every day""; GENERIC: ""take a moment to think""; GENERIC: ""are you ready""; GENERIC: ""listen carefully""; REFLECTION_MISMATCH: Math asks about reading","FORBIDDEN: ""reading comprehension""; FORBIDDEN: ""read a short passage""; FORBIDDEN: ""good readers""; FORBIDDEN: ""words say""; FORBIDDEN: ""what did you learn about reading""; GENERIC: ""here is what you need to know""; GENERIC: ""this is an example sentence""; GENERIC: ""we use this every day""; GENERIC: ""take a moment to think""; GENERIC: ""are you ready""; GENERIC: ""listen carefully""; REFLECTION_MISMATCH: Math asks about reading","hello! today we will learn about reading comprehension together. hello, friend! today we are going to learn about reading comprehension through everyday life. are you ready? welcome! our mission is to"
"9529fd56-06ee-42ef-b682-2437f3cd7d73","Lishe Bora: Mazoezi na tafakari","g2-kiswahili-lishe-bora-mazoezi-na-tafakari","Kiswahili","Tathmini","Lishe Bora — Marudio na tathmini","By the end of the lesson, the learner should be able to: demonstrate understanding of healthy food vocabulary, reading a","PUBLISHED","both","10","10","clean","clean","clean","","","habari! mimi ni owl. leo tutapima yote tuliyojifunza. habari, rafiki! 🌟 leo tutapima yote tuliyojifunza. tutasikiliza, tusome, tuandike, na tuzungumze kwa kiswahili! karibu! lengo letu ni kuonyesha y"
"1d7de236-e2cc-4780-81a1-00764d427d7c","Making a Double Strand Bracelet","g2-movement-making-a-double-strand-bracelet","Movement","Art and Craft: Ornaments","6.2 Double Strand Bracelets — 3 official lesson(s)","By the end of the lesson, the learner should be able to observe bracelet samples, experiment with local materials, creat","PUBLISHED","none","","","empty","empty","empty","","",""
"29307c8c-072e-4af0-8c1f-d84e95bc6ef6","What Makes the School Environment Dirty?","g2-environmental-what-makes-the-school-environment-dirty","Environmental","Social environment","2.1 School environment and its neighbourhood","By the end of the lesson, the learner should be able to identify features around school, keep the school environment cle","PUBLISHED","none","","","empty","empty","empty","","",""
"b0c38507-b852-4a4c-8767-c0234ef9b89c","Multiplication as Repeated Addition Using Counters","g2-mathematics-multiplication-as-repeated-addition-using-counters","Mathematics","Numbers","1.6 Multiplication","By the end of the lesson, the learner should be able to: write repeated addition sentences as multiplication, using '×' ","PUBLISHED","draft","","10","empty","clean","clean","","",""
"23a18282-fd24-4d8b-a2df-9459ad259ac0","Naming Safe Items and Body Parts for Kicking","g2-movement-naming-safe-items-and-body-parts-for-kicking","Movement","Movement: Basic Movement Skills","3.1 Manipulative Skills: Kicking — 12 official lesson(s)","By the end of the lesson, the learner should be able to name body parts used when kicking, perform kicking in different ","PUBLISHED","none","","","empty","empty","empty","","",""
"3ba2c6ed-90ca-4f28-9a11-88f53aa3bce0","Child Labour: Reading Short Texts","g2-english-child-labour-reading-short-texts","English","Reading","2.2 Letter-Sound Knowledge / 2.3 Word Reading / 2.4 Fluency — Child Labour: Describing words: size, colour and shape","By the end of the lesson, the learner should be able to: read grade-level words and short connected texts related to the","PUBLISHED","both","10","10","suspicious","suspicious","suspicious","GENERIC: ""here is what you need to know""; GENERIC: ""this is an example sentence""; GENERIC: ""we use this every day""; GENERIC: ""take a moment to think""; GENERIC: ""are you ready""; GENERIC: ""listen carefully""","GENERIC: ""here is what you need to know""; GENERIC: ""this is an example sentence""; GENERIC: ""we use this every day""; GENERIC: ""take a moment to think""; GENERIC: ""are you ready""; GENERIC: ""listen carefully""","hello! today we will learn about reading comprehension together. hello, friend! today we are going to learn about reading comprehension through child labour. are you ready? welcome! our mission is to "
"6f24e77e-a1fb-441c-809a-3ca4f5ea0e44","Ways to Keep the School Environment Clean","g2-environmental-ways-to-keep-the-school-environment-clean","Environmental","Social environment","2.1 School environment and its neighbourhood","By the end of the lesson, the learner should be able to identify features around school, keep the school environment cle","PUBLISHED","none","","","empty","empty","empty","","",""
"13884479-7dd2-4ff4-9b6e-fa92509575d8","Kutaja wanyama wa nyumbani","g2-kiswahili-kutaja-wanyama-wa-nyumbani","Kiswahili","Msamiati","Mnyama Nimpendaye — Msamiati wa wanyama","By the end of the lesson, the learner should be able to: name common domestic animals in Kiswahili.","PUBLISHED","none","","","empty","empty","empty","","",""
"8713f8d6-5d07-4b7d-82ae-5ddfffe39385","Kutumia msamiati wa kutunza wanyama","g2-kiswahili-kutumia-msamiati-wa-kutunza-wanyama","Kiswahili","Msamiati","Mnyama Nimpendaye — Utunzaji wa wanyama","By the end of the lesson, the learner should be able to: use animal-care vocabulary in simple oral sentences.","PUBLISHED","none","","","empty","empty","empty","","",""
"4f60d032-fe8d-4fa5-b872-17634aaea15c","Watching and Discussing Kicking in Games","g2-movement-watching-and-discussing-kicking-in-games","Movement","Movement: Basic Movement Skills","3.1 Manipulative Skills: Kicking — 12 official lesson(s)","By the end of the lesson, the learner should be able to name body parts used when kicking, perform kicking in different ","PUBLISHED","none","","","empty","empty","empty","","",""
"f3e92483-c349-4553-ba43-fd277cf2be73","Multiplication as Repeated Addition Using Number Lines","g2-mathematics-multiplication-as-repeated-addition-using-number-lines","Mathematics","Numbers","1.6 Multiplication","By the end of the lesson, the learner should be able to: multiply single digit numbers by 1, 2, 3, 4, 5 and 10","PUBLISHED","draft","","10","empty","clean","clean","","",""
"11fb0677-7b3d-4c4d-b674-120b5685afed","Why a Clean School Environment Matters","g2-environmental-why-a-clean-school-environment-matters","Environmental","Social environment","2.1 School environment and its neighbourhood","By the end of the lesson, the learner should be able to identify features around school, keep the school environment cle","PUBLISHED","none","","","empty","empty","empty","","",""
"b56712fe-ae5c-4771-9f93-655179cd501f","Child Labour: Writing Words and Sentences","g2-english-child-labour-writing-words-and-sentences","English","Writing","3.2 Handwriting / 3.3 Spelling / 3.5 Guided Writing — Child Labour: Describing words: size, colour and shape","By the end of the lesson, the learner should be able to: spell theme words, write legibly, and write simple meaningful s","PUBLISHED","both","10","10","suspicious","suspicious","suspicious","GENERIC: ""here is what you need to know""; GENERIC: ""this is an example sentence""; GENERIC: ""we use this every day""; GENERIC: ""take a moment to think""; GENERIC: ""are you ready""; GENERIC: ""listen carefully""","GENERIC: ""here is what you need to know""; GENERIC: ""this is an example sentence""; GENERIC: ""we use this every day""; GENERIC: ""take a moment to think""; GENERIC: ""are you ready""; GENERIC: ""listen carefully""","hello! today we will learn about writing skills together. hello, friend! today we are going to learn about writing skills through child labour. are you ready? welcome! our mission is to learn about wr"
"60d1b044-9a0c-4f64-b106-f97915701f31","Identifying Possible Dangers in School","g2-environmental-identifying-possible-dangers-in-school","Environmental","Social environment","2.1 School environment and its neighbourhood","By the end of the lesson, the learner should be able to identify features around school, keep the school environment cle","PUBLISHED","none","","","empty","empty","empty","","",""
"0115172e-c7ea-4216-ae24-35ec3bb7a396","Kicking Forward and Backward","g2-movement-kicking-forward-and-backward","Movement","Movement: Basic Movement Skills","3.1 Manipulative Skills: Kicking — 12 official lesson(s)","By the end of the lesson, the learner should be able to name body parts used when kicking, perform kicking in different ","PUBLISHED","none","","","empty","empty","empty","","",""
"74c3c365-e3bf-4b80-b272-69a6b1c7070f","Child Labour: Integrated Review and Assessment","g2-english-child-labour-integrated-review-and-assessment","English","Integrated English Practice","Integrated Review and Formative Assessment — Child Labour: Describing words: size, colour and shape","By the end of the lesson, the learner should be able to: use listening, speaking, reading and writing skills together to","PUBLISHED","both","10","10","suspicious","suspicious","suspicious","GENERIC: ""here is what you need to know""; GENERIC: ""this is an example sentence""; GENERIC: ""we use this every day""; GENERIC: ""take a moment to think""; GENERIC: ""are you ready""; GENERIC: ""listen carefully""","GENERIC: ""here is what you need to know""; GENERIC: ""this is an example sentence""; GENERIC: ""we use this every day""; GENERIC: ""take a moment to think""; GENERIC: ""are you ready""; GENERIC: ""listen carefully""","hello! today we will learn about vocabulary together. hello, friend! today we are going to learn about vocabulary through child labour. are you ready? welcome! our mission is to learn about vocabulary"
"9836c63a-fd91-4098-a538-70dcaa424345","Kusimulia kuhusu mnyama nimpendaye","g2-kiswahili-kusimulia-kuhusu-mnyama-nimpendaye","Kiswahili","Kusikiliza na Kuzungumza","Mnyama Nimpendaye — Masimulizi","By the end of the lesson, the learner should be able to: speak about a favourite domestic animal clearly and respectfull","PUBLISHED","none","","","empty","empty","empty","","",""
"cff3b7c1-2468-454d-b2da-fe35d49e2456","Writing Multiplication Sentences Using the × Sign","g2-mathematics-writing-multiplication-sentences-using-the-sign","Mathematics","Numbers","1.6 Multiplication","By the end of the lesson, the learner should be able to: multiply single digit numbers by 1, 2, 3, 4, 5 and 10","PUBLISHED","draft","","10","empty","clean","clean","","",""
"1dc0739d-7275-4b29-9780-165c41ee7962","Caring for Others: Listening for Key Ideas","g2-english-caring-for-others-listening-for-key-ideas","English","Listening and Speaking","1.1 Attentive Listening — Caring for Others: Conjunctions: and, but, because","By the end of the lesson, the learner should be able to: listen attentively, respond to simple two-directional instructi","PUBLISHED","both","10","10","suspicious","suspicious","suspicious","GENERIC: ""here is what you need to know""; GENERIC: ""this is an example sentence""; GENERIC: ""we use this every day""; GENERIC: ""take a moment to think""; GENERIC: ""are you ready""; GENERIC: ""pay attention""; GENERIC: ""listen carefully""","GENERIC: ""here is what you need to know""; GENERIC: ""this is an example sentence""; GENERIC: ""we use this every day""; GENERIC: ""take a moment to think""; GENERIC: ""are you ready""; GENERIC: ""pay attention""; GENERIC: ""listen carefully""","hello! today we will learn about listening skills together. hello, friend! today we are going to learn about listening skills through caring for others. are you ready? welcome! our mission is to learn"
"f507dbfb-936a-4b8c-bf32-7bd086907bb2","Kueleza jinsi ya kumtunza mnyama","g2-kiswahili-kueleza-jinsi-ya-kumtunza-mnyama","Kiswahili","Kusikiliza na Kuzungumza","Mnyama Nimpendaye — Utunzaji","By the end of the lesson, the learner should be able to: explain simple ways of caring for a domestic animal.","PUBLISHED","none","","","empty","empty","empty","","",""
"9681b2f7-1169-4c90-9fdd-2aa92f949843","Ways to Keep Safe and Secure in School","g2-environmental-ways-to-keep-safe-and-secure-in-school","Environmental","Social environment","2.1 School environment and its neighbourhood","By the end of the lesson, the learner should be able to identify features around school, keep the school environment cle","PUBLISHED","none","","","empty","empty","empty","","",""
"427f358e-cf42-447e-925f-db7890a6c5ec","Multiplying by 1 and 2","g2-mathematics-multiplying-by-1-and-2","Mathematics","Numbers","1.6 Multiplication","By the end of the lesson, the learner should be able to: multiply single digit numbers by 1, 2, 3, 4, 5 and 10","PUBLISHED","both","10","10","contaminated","contaminated","contaminated","FORBIDDEN: ""reading comprehension""; FORBIDDEN: ""read a short passage""; FORBIDDEN: ""good readers""; FORBIDDEN: ""words say""; FORBIDDEN: ""what did you learn about reading""; GENERIC: ""here is what you need to know""; GENERIC: ""this is an example sentence""; GENERIC: ""we use this every day""; GENERIC: ""take a moment to think""; GENERIC: ""are you ready""; GENERIC: ""listen carefully""; REFLECTION_MISMATCH: Math asks about reading","FORBIDDEN: ""reading comprehension""; FORBIDDEN: ""read a short passage""; FORBIDDEN: ""good readers""; FORBIDDEN: ""words say""; FORBIDDEN: ""what did you learn about reading""; GENERIC: ""here is what you need to know""; GENERIC: ""this is an example sentence""; GENERIC: ""we use this every day""; GENERIC: ""take a moment to think""; GENERIC: ""are you ready""; GENERIC: ""listen carefully""; REFLECTION_MISMATCH: Math asks about reading","hello! today we will learn about reading comprehension together. hello, friend! today we are going to learn about reading comprehension through everyday life. are you ready? welcome! our mission is to"
"200d48f3-f47f-4a7d-8d00-be2f3c759e3e","Kicking to the Right and Left","g2-movement-kicking-to-the-right-and-left","Movement","Movement: Basic Movement Skills","3.1 Manipulative Skills: Kicking — 12 official lesson(s)","By the end of the lesson, the learner should be able to name body parts used when kicking, perform kicking in different ","PUBLISHED","none","","","empty","empty","empty","","",""
"a594984d-8551-40ac-8a5c-037fac65bc1a","Kicking in Straight and Curved Pathways","g2-movement-kicking-in-straight-and-curved-pathways","Movement","Movement: Basic Movement Skills","3.1 Manipulative Skills: Kicking — 12 official lesson(s)","By the end of the lesson, the learner should be able to name body parts used when kicking, perform kicking in different ","PUBLISHED","none","","","empty","empty","empty","","",""
"70c06d54-43b2-4f4b-88be-292927709490","Making Safety Rules for School","g2-environmental-making-safety-rules-for-school","Environmental","Social environment","2.1 School environment and its neighbourhood","By the end of the lesson, the learner should be able to identify features around school, keep the school environment cle","PUBLISHED","none","","","empty","empty","empty","","",""
"938a3ed5-06ab-430b-a345-b933cce98a68","Multiplying by 3 and 4","g2-mathematics-multiplying-by-3-and-4","Mathematics","Numbers","1.6 Multiplication","By the end of the lesson, the learner should be able to: multiply single digit numbers by 1, 2, 3, 4, 5 and 10","PUBLISHED","draft","","10","empty","clean","clean","","",""
"77c241a5-2cd1-4ebb-be7a-0ea8e5961385","Caring for Others: Vocabulary and Pronunciation","g2-english-caring-for-others-vocabulary-and-pronunciation","English","Listening and Speaking","1.2 Pronunciation and Vocabulary — Caring for Others: Conjunctions: and, but, because","By the end of the lesson, the learner should be able to: recognise consonant blends, pronounce theme vocabulary correctl","PUBLISHED","both","10","10","suspicious","suspicious","suspicious","GENERIC: ""here is what you need to know""; GENERIC: ""this is an example sentence""; GENERIC: ""we use this every day""; GENERIC: ""take a moment to think""; GENERIC: ""are you ready""; GENERIC: ""pay attention""; GENERIC: ""listen carefully""","GENERIC: ""here is what you need to know""; GENERIC: ""this is an example sentence""; GENERIC: ""we use this every day""; GENERIC: ""take a moment to think""; GENERIC: ""are you ready""; GENERIC: ""pay attention""; GENERIC: ""listen carefully""","hello! today we will learn about listening skills together. hello, friend! today we are going to learn about listening skills through caring for others. are you ready? welcome! our mission is to learn"
"7cd1b6a1-38b0-468a-bfbe-4c19509b4df9","Kusoma hadithi kuhusu wanyama wa nyumbani","g2-kiswahili-kusoma-hadithi-kuhusu-wanyama-wa-nyumbani","Kiswahili","Kusoma","Mnyama Nimpendaye — Hadithi","By the end of the lesson, the learner should be able to: read a short story about a domestic animal and answer comprehen","PUBLISHED","none","","","empty","empty","empty","","",""
"2afb0a5b-88e3-4c8e-9ccb-844064b1bd3f","Multiplying by 5 and 10","g2-mathematics-multiplying-by-5-and-10","Mathematics","Numbers","1.6 Multiplication","By the end of the lesson, the learner should be able to: multiply single digit numbers by 1, 2, 3, 4, 5 and 10","PUBLISHED","draft","","10","empty","clean","clean","","",""
"1cf0ddc5-51b1-4cc9-af20-9d604d80a3cd","Colours of the Kenya National Flag","g2-environmental-colours-of-the-kenya-national-flag","Environmental","Social environment","2.1 School environment and its neighbourhood","By the end of the lesson, the learner should be able to identify features around school, keep the school environment cle","PUBLISHED","none","","","empty","empty","empty","","",""
"471474e5-9e66-4f20-812d-001bd6a57c6b","Kutoa muhtasari wa hadithi ya mnyama","g2-kiswahili-kutoa-muhtasari-wa-hadithi-ya-mnyama","Kiswahili","Kusoma","Mnyama Nimpendaye — Ufahamu","By the end of the lesson, the learner should be able to: retell key events from a story about a domestic animal.","PUBLISHED","none","","","empty","empty","empty","","",""
"719e7a52-57a8-4337-b7ee-124e7b993ef6","Caring for Others: Conjunctions: and, but, because","g2-english-caring-for-others-conjunctions-and-but-because","English","Listening and Speaking","1.3 Language Structures and Functions — Caring for Others: Conjunctions: and, but, because","By the end of the lesson, the learner should be able to: use conjunctions to join words and short sentences in conversat","PUBLISHED","both","10","10","suspicious","suspicious","suspicious","GENERIC: ""here is what you need to know""; GENERIC: ""this is an example sentence""; GENERIC: ""we use this every day""; GENERIC: ""take a moment to think""; GENERIC: ""are you ready""; GENERIC: ""pay attention""; GENERIC: ""listen carefully""","GENERIC: ""here is what you need to know""; GENERIC: ""this is an example sentence""; GENERIC: ""we use this every day""; GENERIC: ""take a moment to think""; GENERIC: ""are you ready""; GENERIC: ""pay attention""; GENERIC: ""listen carefully""","hello! today we will learn about listening skills together. hello, friend! today we are going to learn about listening skills through caring for others. are you ready? welcome! our mission is to learn"
"c18ff3cc-f686-48e0-89d3-e4f9766d2be3","Kicking in Circular and Zigzag Pathways","g2-movement-kicking-in-circular-and-zigzag-pathways","Movement","Movement: Basic Movement Skills","3.1 Manipulative Skills: Kicking — 12 official lesson(s)","By the end of the lesson, the learner should be able to name body parts used when kicking, perform kicking in different ","PUBLISHED","none","","","empty","empty","empty","","",""
"8ac302d9-4318-450f-91bc-809de693ecdf","Kutumia hili katika sentensi","g2-kiswahili-kutumia-hili-katika-sentensi","Kiswahili","Sarufi","Mnyama Nimpendaye — Matumizi ya hili na haya","By the end of the lesson, the learner should be able to: use hili correctly in simple Kiswahili sentences.","PUBLISHED","both","10","10","clean","clean","clean","","","habari! mimi ni owl. leo tutajifunza sarufi pamoja. habari, rafiki! 📝 leo tutajifunza sarufi ya kiswahili — kanuni za lugha. karibu! lengo letu ni kujua sarufi. mwisho wa somo hili, utaweza kutumia k"
"615ee295-efe2-4eb3-ac1f-3676d6a758df","Kicking at Low, Medium and High Levels","g2-movement-kicking-at-low-medium-and-high-levels","Movement","Movement: Basic Movement Skills","3.1 Manipulative Skills: Kicking — 12 official lesson(s)","By the end of the lesson, the learner should be able to name body parts used when kicking, perform kicking in different ","PUBLISHED","both","10","10","suspicious","suspicious","suspicious","GENERIC: ""here is what you need to know""; GENERIC: ""take a moment to think""; GENERIC: ""are you ready""","GENERIC: ""here is what you need to know""; GENERIC: ""take a moment to think""; GENERIC: ""are you ready""","hello! i am owl. let us learn about kicking at low, medium and high levels together! hello, friend! today we will learn about kicking at low, medium and high levels. are you ready? welcome! our missio"
"c8d30e9b-686f-4994-a73b-7f5ffd4cac50","Showing Respect for the Kenya National Flag","g2-environmental-showing-respect-for-the-kenya-national-flag","Environmental","Social environment","2.1 School environment and its neighbourhood","By the end of the lesson, the learner should be able to identify features around school, keep the school environment cle","PUBLISHED","both","10","10","suspicious","suspicious","suspicious","GENERIC: ""here is what you need to know""; GENERIC: ""take a moment to think""; GENERIC: ""are you ready""","GENERIC: ""here is what you need to know""; GENERIC: ""take a moment to think""; GENERIC: ""are you ready""","hello! i am owl. let us learn about showing respect for the kenya national flag together! hello, friend! today we will learn about showing respect for the kenya national flag. are you ready? welcome! "
"0637d6e8-8325-403a-b44a-93f100d48c52","Multiplication: Practice and Application","g2-mathematics-multiplication-practice-and-application","Mathematics","Numbers","1.6 Multiplication","By the end of the lesson, the learner should be able to: multiply single digit numbers by 1, 2, 3, 4, 5 and 10","PUBLISHED","published","10","","suspicious","empty","suspicious","QC_NO_CORRECT_INDEX","","hello! multiplication is a shortcut for adding the same number many times. let's learn! today we learn multiplication! it's repeated addition. like 3 × 4 means 4 + 4 + 4 = 12. multiplication magic! yo"
"9a90fc3f-bd93-4515-b9c9-b5580b9c7935","Caring for Others: Reading Short Texts","g2-english-caring-for-others-reading-short-texts","English","Reading","2.2 Letter-Sound Knowledge / 2.3 Word Reading / 2.4 Fluency — Caring for Others: Conjunctions: and, but, because","By the end of the lesson, the learner should be able to: read grade-level words and short connected texts related to the","PUBLISHED","both","10","10","suspicious","suspicious","suspicious","GENERIC: ""here is what you need to know""; GENERIC: ""this is an example sentence""; GENERIC: ""we use this every day""; GENERIC: ""take a moment to think""; GENERIC: ""are you ready""; GENERIC: ""listen carefully""","GENERIC: ""here is what you need to know""; GENERIC: ""this is an example sentence""; GENERIC: ""we use this every day""; GENERIC: ""take a moment to think""; GENERIC: ""are you ready""; GENERIC: ""listen carefully""","hello! today we will learn about reading comprehension together. hello, friend! today we are going to learn about reading comprehension through caring for others. are you ready? welcome! our mission i"
"0d69d0e0-7f6e-4bfb-bf27-1b23f438fab6","Kutumia haya katika sentensi","g2-kiswahili-kutumia-haya-katika-sentensi","Kiswahili","Sarufi","Mnyama Nimpendaye — Matumizi ya hili na haya","By the end of the lesson, the learner should be able to: use haya correctly in simple Kiswahili sentences.","PUBLISHED","both","10","10","clean","clean","clean","","","habari! mimi ni owl. leo tutajifunza sarufi pamoja. habari, rafiki! 📝 leo tutajifunza sarufi ya kiswahili — kanuni za lugha. karibu! lengo letu ni kujua sarufi. mwisho wa somo hili, utaweza kutumia k"
"5014eef8-8f3b-45cd-8696-410a4f5e937d","Caring for Others: Writing Words and Sentences","g2-english-caring-for-others-writing-words-and-sentences","English","Writing","3.2 Handwriting / 3.3 Spelling / 3.5 Guided Writing — Caring for Others: Conjunctions: and, but, because","By the end of the lesson, the learner should be able to: spell theme words, write legibly, and write simple meaningful s","PUBLISHED","both","10","10","suspicious","suspicious","suspicious","GENERIC: ""here is what you need to know""; GENERIC: ""this is an example sentence""; GENERIC: ""we use this every day""; GENERIC: ""take a moment to think""; GENERIC: ""are you ready""; GENERIC: ""listen carefully""","GENERIC: ""here is what you need to know""; GENERIC: ""this is an example sentence""; GENERIC: ""we use this every day""; GENERIC: ""take a moment to think""; GENERIC: ""are you ready""; GENERIC: ""listen carefully""","hello! today we will learn about writing skills together. hello, friend! today we are going to learn about writing skills through caring for others. are you ready? welcome! our mission is to learn abo"
"d799c135-1f75-4290-ae4d-b19c9ed29421","Multiplication: Word Problems","g2-mathematics-multiplication-word-problems","Mathematics","Numbers","1.6 Multiplication","By the end of the lesson, the learner should be able to: multiply single digit numbers by 1, 2, 3, 4, 5 and 10","PUBLISHED","published","10","","suspicious","empty","suspicious","QC_NO_CORRECT_INDEX","","hello! multiplication is a shortcut for adding the same number many times. let's learn! today we learn multiplication! it's repeated addition. like 3 × 4 means 4 + 4 + 4 = 12. multiplication magic! yo"
"172966b0-4ecc-43af-9d2a-ad2a9354f582","Kicking Slowly and Quickly","g2-movement-kicking-slowly-and-quickly","Movement","Movement: Basic Movement Skills","3.1 Manipulative Skills: Kicking — 12 official lesson(s)","By the end of the lesson, the learner should be able to name body parts used when kicking, perform kicking in different ","PUBLISHED","both","10","10","suspicious","suspicious","suspicious","GENERIC: ""here is what you need to know""; GENERIC: ""take a moment to think""; GENERIC: ""are you ready""","GENERIC: ""here is what you need to know""; GENERIC: ""take a moment to think""; GENERIC: ""are you ready""","hello! i am owl. let us learn about kicking slowly and quickly together! hello, friend! today we will learn about kicking slowly and quickly. are you ready? welcome! our mission is to explore kicking "
"79cc89e4-9e9c-44b1-bc46-bdd9877236de","Occasions When the Kenya National Anthem Is Sung","g2-environmental-occasions-when-the-kenya-national-anthem-is-sung","Environmental","Social environment","2.1 School environment and its neighbourhood","By the end of the lesson, the learner should be able to identify features around school, keep the school environment cle","PUBLISHED","both","10","10","suspicious","suspicious","suspicious","GENERIC: ""here is what you need to know""; GENERIC: ""take a moment to think""; GENERIC: ""are you ready""","GENERIC: ""here is what you need to know""; GENERIC: ""take a moment to think""; GENERIC: ""are you ready""","hello! i am owl. let us learn about occasions when the kenya national anthem is sung together! hello, friend! today we will learn about occasions when the kenya national anthem is sung. are you ready?"
"8c6ec2ac-d17d-476b-8100-1d46bba0beaf","Caring for Others: Integrated Review and Assessment","g2-english-caring-for-others-integrated-review-and-assessment","English","Integrated English Practice","Integrated Review and Formative Assessment — Caring for Others: Conjunctions: and, but, because","By the end of the lesson, the learner should be able to: use listening, speaking, reading and writing skills together to","PUBLISHED","both","10","10","suspicious","suspicious","suspicious","GENERIC: ""here is what you need to know""; GENERIC: ""this is an example sentence""; GENERIC: ""we use this every day""; GENERIC: ""take a moment to think""; GENERIC: ""are you ready""; GENERIC: ""listen carefully""","GENERIC: ""here is what you need to know""; GENERIC: ""this is an example sentence""; GENERIC: ""we use this every day""; GENERIC: ""take a moment to think""; GENERIC: ""are you ready""; GENERIC: ""listen carefully""","hello! today we will learn about reading comprehension together. hello, friend! today we are going to learn about reading comprehension through caring for others. are you ready? welcome! our mission i"
"ef91df3c-1943-43a4-aa8c-b4eb440b3d2e","Good Etiquette When Singing the National Anthem","g2-environmental-good-etiquette-when-singing-the-national-anthem","Environmental","Social environment","2.1 School environment and its neighbourhood","By the end of the lesson, the learner should be able to identify features around school, keep the school environment cle","PUBLISHED","both","10","10","suspicious","suspicious","suspicious","GENERIC: ""here is what you need to know""; GENERIC: ""take a moment to think""; GENERIC: ""are you ready""","GENERIC: ""here is what you need to know""; GENERIC: ""take a moment to think""; GENERIC: ""are you ready""","hello! i am owl. let us learn about good etiquette when singing the national anthem together! hello, friend! today we will learn about good etiquette when singing the national anthem. are you ready? w"
"696b83f4-5dda-4799-b42c-8d7ce3e6b3d9","Mnyama Nimpendaye: Mazoezi na tafakari","g2-kiswahili-mnyama-nimpendaye-mazoezi-na-tafakari","Kiswahili","Tathmini","Mnyama Nimpendaye — Marudio na tathmini","By the end of the lesson, the learner should be able to: demonstrate understanding of animal vocabulary, animal-care nar","PUBLISHED","both","10","10","clean","clean","clean","","","habari! mimi ni owl. leo tutapima yote tuliyojifunza. habari, rafiki! 🌟 leo tutapima yote tuliyojifunza. tutasikiliza, tusome, tuandike, na tuzungumze kwa kiswahili! karibu! lengo letu ni kuonyesha y"
"5b8bc224-5512-4e2d-bba3-c73958839bce","Making Simple Balls for Kicking Games","g2-movement-making-simple-balls-for-kicking-games","Movement","Movement: Basic Movement Skills","3.1 Manipulative Skills: Kicking — 12 official lesson(s)","By the end of the lesson, the learner should be able to name body parts used when kicking, perform kicking in different ","PUBLISHED","both","10","10","suspicious","suspicious","suspicious","GENERIC: ""here is what you need to know""; GENERIC: ""take a moment to think""; GENERIC: ""are you ready""","GENERIC: ""here is what you need to know""; GENERIC: ""take a moment to think""; GENERIC: ""are you ready""","hello! i am owl. let us learn about making simple balls for kicking games together! hello, friend! today we will learn about making simple balls for kicking games. are you ready? welcome! our mission "
"6f189a13-23b4-49da-8acf-a103df240d45","Multiplication: Digital Games","g2-mathematics-multiplication-digital-games","Mathematics","Numbers","1.6 Multiplication","By the end of the lesson, the learner should be able to: multiply single digit numbers by 1, 2, 3, 4, 5 and 10","PUBLISHED","published","10","","suspicious","empty","suspicious","QC_NO_CORRECT_INDEX","","hello! multiplication is a shortcut for adding the same number many times. let's learn! today we learn multiplication! it's repeated addition. like 3 × 4 means 4 + 4 + 4 = 12. multiplication magic! yo"
"40f9c468-a75c-4c26-99ff-267c5123e3cc","Playing Modified Soccer Games","g2-movement-playing-modified-soccer-games","Movement","Movement: Basic Movement Skills","3.1 Manipulative Skills: Kicking — 12 official lesson(s)","By the end of the lesson, the learner should be able to name body parts used when kicking, perform kicking in different ","PUBLISHED","both","10","10","suspicious","suspicious","suspicious","GENERIC: ""here is what you need to know""; GENERIC: ""take a moment to think""; GENERIC: ""are you ready""","GENERIC: ""here is what you need to know""; GENERIC: ""take a moment to think""; GENERIC: ""are you ready""","hello! i am owl. let us learn about playing modified soccer games together! hello, friend! today we will learn about playing modified soccer games. are you ready? welcome! our mission is to explore pl"
"22374453-e203-461f-bfab-d87b2fae59f0","Multiplication: Patterns and Arrays","g2-mathematics-multiplication-patterns-and-arrays","Mathematics","Numbers","1.6 Multiplication","By the end of the lesson, the learner should be able to: multiply single digit numbers by 1, 2, 3, 4, 5 and 10","PUBLISHED","published","10","","suspicious","empty","suspicious","QC_NO_CORRECT_INDEX","","hello! multiplication is a shortcut for adding the same number many times. let's learn! today we learn multiplication! it's repeated addition. like 3 × 4 means 4 + 4 + 4 = 12. multiplication magic! yo"
"83858d8d-9345-43be-8e56-0d11a5cd0430","Child Rights in School","g2-environmental-child-rights-in-school","Environmental","Social environment","2.1 School environment and its neighbourhood","By the end of the lesson, the learner should be able to identify features around school, keep the school environment cle","PUBLISHED","both","10","10","suspicious","suspicious","suspicious","GENERIC: ""here is what you need to know""; GENERIC: ""take a moment to think""; GENERIC: ""are you ready""","GENERIC: ""here is what you need to know""; GENERIC: ""take a moment to think""; GENERIC: ""are you ready""","hello! i am owl. let us learn about child rights in school together! hello, friend! today we will learn about child rights in school. are you ready? welcome! our mission is to explore child rights in "
"aacd260b-3a71-4a37-8724-61a214487641","Multiplication: Assessment and Review","g2-mathematics-multiplication-assessment-and-review","Mathematics","Numbers","1.6 Multiplication","By the end of the lesson, the learner should be able to: multiply single digit numbers by 1, 2, 3, 4, 5 and 10","PUBLISHED","published","10","","suspicious","empty","suspicious","QC_NO_CORRECT_INDEX","","hello! multiplication is a shortcut for adding the same number many times. let's learn! today we learn multiplication! it's repeated addition. like 3 × 4 means 4 + 4 + 4 = 12. multiplication magic! yo"
"e6ff583a-213c-4150-8208-5634c3dd1b1e","Child Responsibilities in School","g2-environmental-child-responsibilities-in-school","Environmental","Social environment","2.1 School environment and its neighbourhood","By the end of the lesson, the learner should be able to identify features around school, keep the school environment cle","PUBLISHED","both","10","10","suspicious","suspicious","suspicious","GENERIC: ""here is what you need to know""; GENERIC: ""take a moment to think""; GENERIC: ""are you ready""","GENERIC: ""here is what you need to know""; GENERIC: ""take a moment to think""; GENERIC: ""are you ready""","hello! i am owl. let us learn about child responsibilities in school together! hello, friend! today we will learn about child responsibilities in school. are you ready? welcome! our mission is to expl"
"d78cab38-2265-45fd-8734-06ca49587959","Safety Rules for Kicking Activities","g2-movement-safety-rules-for-kicking-activities","Movement","Movement: Basic Movement Skills","3.1 Manipulative Skills: Kicking — 12 official lesson(s)","By the end of the lesson, the learner should be able to name body parts used when kicking, perform kicking in different ","PUBLISHED","both","10","10","suspicious","suspicious","suspicious","GENERIC: ""here is what you need to know""; GENERIC: ""take a moment to think""; GENERIC: ""are you ready""","GENERIC: ""here is what you need to know""; GENERIC: ""take a moment to think""; GENERIC: ""are you ready""","hello! i am owl. let us learn about safety rules for kicking activities together! hello, friend! today we will learn about safety rules for kicking activities. are you ready? welcome! our mission is t"
"45c945f9-311e-4d9d-9777-b0d5c285506d","Why School Rules Matter","g2-environmental-why-school-rules-matter","Environmental","Social environment","2.1 School environment and its neighbourhood","By the end of the lesson, the learner should be able to identify features around school, keep the school environment cle","PUBLISHED","both","10","10","suspicious","suspicious","suspicious","GENERIC: ""here is what you need to know""; GENERIC: ""take a moment to think""; GENERIC: ""are you ready""","GENERIC: ""here is what you need to know""; GENERIC: ""take a moment to think""; GENERIC: ""are you ready""","hello! i am owl. let us learn about why school rules matter together! hello, friend! today we will learn about why school rules matter. are you ready? welcome! our mission is to explore why school rul"
"01a82ec5-98f3-4358-bded-7c185fde22cd","Kicking Skills Practice and Reflection","g2-movement-kicking-skills-practice-and-reflection","Movement","Movement: Basic Movement Skills","3.1 Manipulative Skills: Kicking — 12 official lesson(s)","By the end of the lesson, the learner should be able to name body parts used when kicking, perform kicking in different ","PUBLISHED","both","10","10","suspicious","suspicious","suspicious","GENERIC: ""here is what you need to know""; GENERIC: ""take a moment to think""; GENERIC: ""are you ready""","GENERIC: ""here is what you need to know""; GENERIC: ""take a moment to think""; GENERIC: ""are you ready""","hello! i am owl. let us learn about kicking skills practice and reflection together! hello, friend! today we will learn about kicking skills practice and reflection. are you ready? welcome! our missio"
"64d550cf-cff5-4762-a45d-eb22851ecd4a","Introduction to Division as Equal Sharing","g2-mathematics-introduction-to-division-as-equal-sharing","Mathematics","Numbers","1.7 Division","By the end of the lesson, the learner should be able to: represent division as equal sharing","PUBLISHED","published","10","","suspicious","empty","suspicious","QC_NO_CORRECT_INDEX","","hello! division is sharing fairly. let's learn together! today we learn division! it means sharing equally. like 10 ÷ 2 = 5 means share 10 into 2 equal groups. sharing equally! your mission: become a "
"163dde9c-f08b-48fa-b66c-406e85bb2bea","Observing Cut-Out Stump Printed Fabric","g2-movement-observing-cut-out-stump-printed-fabric","Movement","Art and Craft: Fabric Decoration","7.1 Printing on Fabric with Cut-Out Stumps — 3 official lesson(s)","By the end of the lesson, the learner should be able to observe cut-out stump printed fabric, print fabric using cut-out","PUBLISHED","both","10","10","suspicious","suspicious","suspicious","GENERIC: ""here is what you need to know""; GENERIC: ""take a moment to think""; GENERIC: ""are you ready""","GENERIC: ""here is what you need to know""; GENERIC: ""take a moment to think""; GENERIC: ""are you ready""","hello! i am owl. let us learn about observing cut-out stump printed fabric together! hello, friend! today we will learn about observing cut-out stump printed fabric. are you ready? welcome! our missio"
"a199741c-0fd5-4291-95f6-944c52f00413","Good Class Leadership","g2-environmental-good-class-leadership","Environmental","Social environment","2.1 School environment and its neighbourhood","By the end of the lesson, the learner should be able to identify features around school, keep the school environment cle","PUBLISHED","both","10","10","suspicious","suspicious","suspicious","GENERIC: ""here is what you need to know""; GENERIC: ""take a moment to think""; GENERIC: ""are you ready""","GENERIC: ""here is what you need to know""; GENERIC: ""take a moment to think""; GENERIC: ""are you ready""","hello! i am owl. let us learn about good class leadership together! hello, friend! today we will learn about good class leadership. are you ready? welcome! our mission is to explore good class leaders"
"09d734a3-a5bc-4402-9d25-a842c5ccc1ea","Division as Equal Grouping","g2-mathematics-division-as-equal-grouping","Mathematics","Numbers","1.7 Division","By the end of the lesson, the learner should be able to: represent division as equal grouping","PUBLISHED","published","10","","suspicious","empty","suspicious","QC_NO_CORRECT_INDEX","","hello! division is sharing fairly. let's learn together! today we learn division! it means sharing equally. like 10 ÷ 2 = 5 means share 10 into 2 equal groups. sharing equally! your mission: become a "
"7f67693f-3348-4996-bf7f-916da71d4ee9","Making Safe Printing Stumps","g2-movement-making-safe-printing-stumps","Movement","Art and Craft: Fabric Decoration","7.1 Printing on Fabric with Cut-Out Stumps — 3 official lesson(s)","By the end of the lesson, the learner should be able to observe cut-out stump printed fabric, print fabric using cut-out","PUBLISHED","both","10","10","suspicious","suspicious","suspicious","GENERIC: ""here is what you need to know""; GENERIC: ""take a moment to think""; GENERIC: ""are you ready""","GENERIC: ""here is what you need to know""; GENERIC: ""take a moment to think""; GENERIC: ""are you ready""","hello! i am owl. let us learn about making safe printing stumps together! hello, friend! today we will learn about making safe printing stumps. are you ready? welcome! our mission is to explore making"
"40dc0390-2570-45b8-8a37-72c3d49e0e68","Writing Division Sentences Using the ÷ Sign","g2-mathematics-writing-division-sentences-using-the-sign","Mathematics","Numbers","1.7 Division","By the end of the lesson, the learner should be able to: use '÷' sign in writing division sentences","PUBLISHED","published","10","","suspicious","empty","suspicious","QC_NO_CORRECT_INDEX","","hello! division is sharing fairly. let's learn together! today we learn division! it means sharing equally. like 10 ÷ 2 = 5 means share 10 into 2 equal groups. sharing equally! your mission: become a "
"55e1cc5e-0087-4698-ad93-e0cc8ac160fd","Members of the School Community","g2-environmental-members-of-the-school-community","Environmental","Social environment","2.1 School environment and its neighbourhood","By the end of the lesson, the learner should be able to identify features around school, keep the school environment cle","PUBLISHED","both","10","10","suspicious","suspicious","suspicious","GENERIC: ""here is what you need to know""; GENERIC: ""take a moment to think""; GENERIC: ""are you ready""","GENERIC: ""here is what you need to know""; GENERIC: ""take a moment to think""; GENERIC: ""are you ready""","hello! i am owl. let us learn about members of the school community together! hello, friend! today we will learn about members of the school community. are you ready? welcome! our mission is to explor"
"e82fbc22-3f1b-458d-b4f4-0ab50064e6f6","Dividing Numbers up to 25 by 2 and 3","g2-mathematics-dividing-numbers-up-to-25-by-2-and-3","Mathematics","Numbers","1.7 Division","By the end of the lesson, the learner should be able to: divide numbers up to 25 by 2, 3, 4 and 5 without a remainder in","PUBLISHED","published","10","","suspicious","empty","suspicious","QC_NO_CORRECT_INDEX","","hello! division is sharing fairly. let's learn together! today we learn division! it means sharing equally. like 10 ÷ 2 = 5 means share 10 into 2 equal groups. sharing equally! your mission: become a "
"7cfe0643-51ff-4dc5-82c1-116304df3214","Printing on Fabric with Cut-Out Stumps","g2-movement-printing-on-fabric-with-cut-out-stumps","Movement","Art and Craft: Fabric Decoration","7.1 Printing on Fabric with Cut-Out Stumps — 3 official lesson(s)","By the end of the lesson, the learner should be able to observe cut-out stump printed fabric, print fabric using cut-out","PUBLISHED","both","10","10","suspicious","suspicious","suspicious","GENERIC: ""here is what you need to know""; GENERIC: ""take a moment to think""; GENERIC: ""are you ready""","GENERIC: ""here is what you need to know""; GENERIC: ""take a moment to think""; GENERIC: ""are you ready""","hello! i am owl. let us learn about printing on fabric with cut-out stumps together! hello, friend! today we will learn about printing on fabric with cut-out stumps. are you ready? welcome! our missio"
"76272c46-88d4-4374-81ac-d5d6a1d98c9c","What Is an Income-Generating Activity?","g2-environmental-what-is-an-income-generating-activity","Environmental","Social environment","2.2 Enterprise projects","By the end of the lesson, the learner should be able to identify, analyse, select, plan, start and help manage an age-ap","PUBLISHED","both","10","10","suspicious","suspicious","suspicious","GENERIC: ""here is what you need to know""; GENERIC: ""take a moment to think""; GENERIC: ""are you ready""","GENERIC: ""here is what you need to know""; GENERIC: ""take a moment to think""; GENERIC: ""are you ready""","hello! i am owl. let us learn about what is an income-generating activity together! hello, friend! today we will learn about what is an income-generating activity. are you ready? welcome! our mission "
"cbcacbdc-b52d-4c50-b2d3-dfddb4f497e6","Dividing Numbers up to 25 by 4 and 5","g2-mathematics-dividing-numbers-up-to-25-by-4-and-5","Mathematics","Numbers","1.7 Division","By the end of the lesson, the learner should be able to: divide numbers up to 25 by 2, 3, 4 and 5 without a remainder in","PUBLISHED","published","10","","suspicious","empty","suspicious","QC_NO_CORRECT_INDEX","","hello! division is sharing fairly. let's learn together! today we learn division! it means sharing equally. like 10 ÷ 2 = 5 means share 10 into 2 equal groups. sharing equally! your mission: become a "
"55004366-3be2-4754-80ef-e39d0fed93e0","Observing Slab Technique Models","g2-movement-observing-slab-technique-models","Movement","Art and Craft: Modelling","8.1 Slab Technique — 3 official lesson(s)","By the end of the lesson, the learner should be able to observe items made using slab technique, identify tools and mate","PUBLISHED","both","10","10","suspicious","suspicious","suspicious","GENERIC: ""here is what you need to know""; GENERIC: ""take a moment to think""; GENERIC: ""are you ready""","GENERIC: ""here is what you need to know""; GENERIC: ""take a moment to think""; GENERIC: ""are you ready""","hello! i am owl. let us learn about observing slab technique models together! hello, friend! today we will learn about observing slab technique models. are you ready? welcome! our mission is to explor"
"3ccf761c-6d77-40f4-8469-5d29bd0859d1","Class Activities That Could Generate Income","g2-environmental-class-activities-that-could-generate-income","Environmental","Social environment","2.2 Enterprise projects","By the end of the lesson, the learner should be able to identify, analyse, select, plan, start and help manage an age-ap","PUBLISHED","both","10","10","suspicious","suspicious","suspicious","GENERIC: ""here is what you need to know""; GENERIC: ""take a moment to think""; GENERIC: ""are you ready""","GENERIC: ""here is what you need to know""; GENERIC: ""take a moment to think""; GENERIC: ""are you ready""","hello! i am owl. let us learn about class activities that could generate income together! hello, friend! today we will learn about class activities that could generate income. are you ready? welcome! "
"28a6406a-e810-4a40-9ffe-b7a6b2310ebb","Preparing Clay and Tools for Slab Modelling","g2-movement-preparing-clay-and-tools-for-slab-modelling","Movement","Art and Craft: Modelling","8.1 Slab Technique — 3 official lesson(s)","By the end of the lesson, the learner should be able to observe items made using slab technique, identify tools and mate","PUBLISHED","both","10","10","suspicious","suspicious","suspicious","GENERIC: ""here is what you need to know""; GENERIC: ""take a moment to think""; GENERIC: ""are you ready""","GENERIC: ""here is what you need to know""; GENERIC: ""take a moment to think""; GENERIC: ""are you ready""","hello! i am owl. let us learn about preparing clay and tools for slab modelling together! hello, friend! today we will learn about preparing clay and tools for slab modelling. are you ready? welcome! "
"e740ce84-ae87-4282-bd10-d9335dd117c4","Division: Word Problems","g2-mathematics-division-word-problems","Mathematics","Numbers","1.7 Division","By the end of the lesson, the learner should be able to: divide numbers up to 25 by 2, 3, 4 and 5 without a remainder in","PUBLISHED","published","10","","suspicious","empty","suspicious","QC_NO_CORRECT_INDEX","","hello! division is sharing fairly. let's learn together! today we learn division! it means sharing equally. like 10 ÷ 2 = 5 means share 10 into 2 equal groups. sharing equally! your mission: become a "
"cd78bb23-9efb-48e6-b61e-8ab8f4190803","Enterprise Ideas Within the School Environment","g2-environmental-enterprise-ideas-within-the-school-environment","Environmental","Social environment","2.2 Enterprise projects","By the end of the lesson, the learner should be able to identify, analyse, select, plan, start and help manage an age-ap","PUBLISHED","both","10","10","suspicious","suspicious","suspicious","GENERIC: ""here is what you need to know""; GENERIC: ""take a moment to think""; GENERIC: ""are you ready""","GENERIC: ""here is what you need to know""; GENERIC: ""take a moment to think""; GENERIC: ""are you ready""","hello! i am owl. let us learn about enterprise ideas within the school environment together! hello, friend! today we will learn about enterprise ideas within the school environment. are you ready? wel"
"e3628ca7-10a7-497b-a576-4dbc0759ce09","Choosing Activities That Care for the Environment","g2-environmental-choosing-activities-that-care-for-the-environment","Environmental","Social environment","2.2 Enterprise projects","By the end of the lesson, the learner should be able to identify, analyse, select, plan, start and help manage an age-ap","PUBLISHED","both","10","10","suspicious","suspicious","suspicious","GENERIC: ""here is what you need to know""; GENERIC: ""take a moment to think""; GENERIC: ""are you ready""","GENERIC: ""here is what you need to know""; GENERIC: ""take a moment to think""; GENERIC: ""are you ready""","hello! i am owl. let us learn about choosing activities that care for the environment together! hello, friend! today we will learn about choosing activities that care for the environment. are you read"
"82ea34a1-16e0-4bf2-bde4-489a3d8d5d25","Modelling a Simple Object Using Slab Technique","g2-movement-modelling-a-simple-object-using-slab-technique","Movement","Art and Craft: Modelling","8.1 Slab Technique — 3 official lesson(s)","By the end of the lesson, the learner should be able to observe items made using slab technique, identify tools and mate","PUBLISHED","both","10","10","suspicious","suspicious","suspicious","GENERIC: ""here is what you need to know""; GENERIC: ""take a moment to think""; GENERIC: ""are you ready""","GENERIC: ""here is what you need to know""; GENERIC: ""take a moment to think""; GENERIC: ""are you ready""","hello! i am owl. let us learn about modelling a simple object using slab technique together! hello, friend! today we will learn about modelling a simple object using slab technique. are you ready? wel"
"85020d62-81c3-4efe-aef5-2abf8c37a5f3","Division: Digital Games","g2-mathematics-division-digital-games","Mathematics","Numbers","1.7 Division","By the end of the lesson, the learner should be able to: divide numbers up to 25 by 2, 3, 4 and 5 without a remainder in","PUBLISHED","published","10","","suspicious","empty","suspicious","QC_NO_CORRECT_INDEX","","hello! division is sharing fairly. let's learn together! today we learn division! it means sharing equally. like 10 ÷ 2 = 5 means share 10 into 2 equal groups. sharing equally! your mission: become a "
"f18192e7-33d6-4b2b-9115-b882a36c9015","Division: Practice and Assessment","g2-mathematics-division-practice-and-assessment","Mathematics","Numbers","1.7 Division","By the end of the lesson, the learner should be able to: divide numbers up to 25 by 2, 3, 4 and 5 without a remainder in","PUBLISHED","published","10","","suspicious","empty","suspicious","QC_NO_CORRECT_INDEX","","hello! division is sharing fairly. let's learn together! today we learn division! it means sharing equally. like 10 ÷ 2 = 5 means share 10 into 2 equal groups. sharing equally! your mission: become a "
"b80c0353-4a56-4b5e-b3cd-052d69dccbd9","Looking at Pictures of School Enterprise Projects","g2-environmental-looking-at-pictures-of-school-enterprise-projects","Environmental","Social environment","2.2 Enterprise projects","By the end of the lesson, the learner should be able to identify, analyse, select, plan, start and help manage an age-ap","PUBLISHED","both","10","10","suspicious","suspicious","suspicious","GENERIC: ""here is what you need to know""; GENERIC: ""take a moment to think""; GENERIC: ""are you ready""","GENERIC: ""here is what you need to know""; GENERIC: ""take a moment to think""; GENERIC: ""are you ready""","hello! i am owl. let us learn about looking at pictures of school enterprise projects together! hello, friend! today we will learn about looking at pictures of school enterprise projects. are you read"
"a8c9abf6-4ba0-4555-a90f-5802d74eed0c","Naming Body Parts Used for Stopping a Ball","g2-movement-naming-body-parts-used-for-stopping-a-ball","Movement","Movement: Basic Movement Skills","3.2 Manipulative Skills: Stopping — 12 official lesson(s)","By the end of the lesson, the learner should be able to name body parts used when stopping, perform stopping in differen","PUBLISHED","both","10","10","suspicious","suspicious","suspicious","GENERIC: ""here is what you need to know""; GENERIC: ""take a moment to think""; GENERIC: ""are you ready""","GENERIC: ""here is what you need to know""; GENERIC: ""take a moment to think""; GENERIC: ""are you ready""","hello! i am owl. let us learn about naming body parts used for stopping a ball together! hello, friend! today we will learn about naming body parts used for stopping a ball. are you ready? welcome! ou"
"d821ff10-3b5f-4afb-88db-bc676e369cd2","Watching a Ball Being Stopped","g2-movement-watching-a-ball-being-stopped","Movement","Movement: Basic Movement Skills","3.2 Manipulative Skills: Stopping — 12 official lesson(s)","By the end of the lesson, the learner should be able to name body parts used when stopping, perform stopping in differen","PUBLISHED","both","10","10","suspicious","suspicious","suspicious","GENERIC: ""here is what you need to know""; GENERIC: ""take a moment to think""; GENERIC: ""are you ready""","GENERIC: ""here is what you need to know""; GENERIC: ""take a moment to think""; GENERIC: ""are you ready""","hello! i am owl. let us learn about watching a ball being stopped together! hello, friend! today we will learn about watching a ball being stopped. are you ready? welcome! our mission is to explore wa"
"04268b1c-0e8f-4ecc-8c28-fb807617ca4a","Measuring Length Using Fixed Units","g2-mathematics-measuring-length-using-fixed-units","Mathematics","Measurement","2.1 Length","By the end of the lesson, the learner should be able to: measure length using fixed units","PUBLISHED","both","10","10","contaminated","contaminated","contaminated","FORBIDDEN: ""exercise""; GENERIC: ""here is what you need to know""; GENERIC: ""take a moment to think""; GENERIC: ""are you ready""","FORBIDDEN: ""exercise""; GENERIC: ""here is what you need to know""; GENERIC: ""take a moment to think""; GENERIC: ""are you ready""","hello! i am owl. let us learn about measuring length using fixed units together! hello, friend! today we will learn about measuring length using fixed units. are you ready? welcome! our mission is to "
"2681cc28-cb9d-43d5-94d2-89fb34dc502f","Analysing a Simple Class Project Idea","g2-environmental-analysing-a-simple-class-project-idea","Environmental","Social environment","2.2 Enterprise projects","By the end of the lesson, the learner should be able to identify, analyse, select, plan, start and help manage an age-ap","PUBLISHED","both","10","10","suspicious","suspicious","suspicious","GENERIC: ""here is what you need to know""; GENERIC: ""take a moment to think""; GENERIC: ""are you ready""","GENERIC: ""here is what you need to know""; GENERIC: ""take a moment to think""; GENERIC: ""are you ready""","hello! i am owl. let us learn about analysing a simple class project idea together! hello, friend! today we will learn about analysing a simple class project idea. are you ready? welcome! our mission "
"63c5913b-442f-4c34-93c9-4a21cd3dbe0b","Comparing Two Class Project Ideas","g2-environmental-comparing-two-class-project-ideas","Environmental","Social environment","2.2 Enterprise projects","By the end of the lesson, the learner should be able to identify, analyse, select, plan, start and help manage an age-ap","PUBLISHED","both","10","10","suspicious","suspicious","suspicious","GENERIC: ""here is what you need to know""; GENERIC: ""take a moment to think""; GENERIC: ""are you ready""","GENERIC: ""here is what you need to know""; GENERIC: ""take a moment to think""; GENERIC: ""are you ready""","hello! i am owl. let us learn about comparing two class project ideas together! hello, friend! today we will learn about comparing two class project ideas. are you ready? welcome! our mission is to ex"
"1ae665a4-ceb9-48ff-968d-2a0a8e5e9fdd","Stopping a Ball from the Front","g2-movement-stopping-a-ball-from-the-front","Movement","Movement: Basic Movement Skills","3.2 Manipulative Skills: Stopping — 12 official lesson(s)","By the end of the lesson, the learner should be able to name body parts used when stopping, perform stopping in differen","PUBLISHED","both","10","10","suspicious","suspicious","suspicious","GENERIC: ""here is what you need to know""; GENERIC: ""take a moment to think""; GENERIC: ""are you ready""","GENERIC: ""here is what you need to know""; GENERIC: ""take a moment to think""; GENERIC: ""are you ready""","hello! i am owl. let us learn about stopping a ball from the front together! hello, friend! today we will learn about stopping a ball from the front. are you ready? welcome! our mission is to explore "
"42331b00-d61d-4541-b7ed-8a7dca664484","Comparing Measurements Using Different Units","g2-mathematics-comparing-measurements-using-different-units","Mathematics","Measurement","2.1 Length","By the end of the lesson, the learner should be able to: identify the metre as a unit of measuring length","PUBLISHED","published","10","","suspicious","empty","suspicious","QC_NO_CORRECT_INDEX","","hello! measuring helps us know how long, heavy, or full something is. let's explore! today we measure length using centimetres! we use different tools to measure. measuring length! your mission: becom"
"902af07d-a3fa-4688-8fb9-98116cb89551","Stopping a Ball from the Side","g2-movement-stopping-a-ball-from-the-side","Movement","Movement: Basic Movement Skills","3.2 Manipulative Skills: Stopping — 12 official lesson(s)","By the end of the lesson, the learner should be able to name body parts used when stopping, perform stopping in differen","PUBLISHED","both","10","10","suspicious","suspicious","suspicious","GENERIC: ""here is what you need to know""; GENERIC: ""take a moment to think""; GENERIC: ""are you ready""","GENERIC: ""here is what you need to know""; GENERIC: ""take a moment to think""; GENERIC: ""are you ready""","hello! i am owl. let us learn about stopping a ball from the side together! hello, friend! today we will learn about stopping a ball from the side. are you ready? welcome! our mission is to explore st"
"a0832964-1e92-4712-b621-0293fe0d1180","Introducing the Metre as a Standard Unit","g2-mathematics-introducing-the-metre-as-a-standard-unit","Mathematics","Measurement","2.1 Length","By the end of the lesson, the learner should be able to: measure length in metres","PUBLISHED","published","10","","suspicious","empty","suspicious","QC_NO_CORRECT_INDEX","","hello! measuring helps us know how long, heavy, or full something is. let's explore! today we measure length using centimetres! we use different tools to measure. measuring length! your mission: becom"
"9cc928c1-b470-4c8b-896e-6a9e730d4aa5","Which Project Is Workable for Our Class?","g2-environmental-which-project-is-workable-for-our-class","Environmental","Social environment","2.2 Enterprise projects","By the end of the lesson, the learner should be able to identify, analyse, select, plan, start and help manage an age-ap","PUBLISHED","both","10","10","suspicious","suspicious","suspicious","GENERIC: ""here is what you need to know""; GENERIC: ""take a moment to think""; GENERIC: ""are you ready""","GENERIC: ""here is what you need to know""; GENERIC: ""take a moment to think""; GENERIC: ""are you ready""","hello! i am owl. let us learn about which project is workable for our class together! hello, friend! today we will learn about which project is workable for our class. are you ready? welcome! our miss"
"4d6c8ec1-7318-43cc-99d3-cad41e421acc","Asking Parents About Income-Generating Activities","g2-environmental-asking-parents-about-income-generating-activities","Environmental","Social environment","2.2 Enterprise projects","By the end of the lesson, the learner should be able to identify, analyse, select, plan, start and help manage an age-ap","PUBLISHED","both","10","10","suspicious","suspicious","suspicious","GENERIC: ""here is what you need to know""; GENERIC: ""take a moment to think""; GENERIC: ""are you ready""","GENERIC: ""here is what you need to know""; GENERIC: ""take a moment to think""; GENERIC: ""are you ready""","hello! i am owl. let us learn about asking parents about income-generating activities together! hello, friend! today we will learn about asking parents about income-generating activities. are you read"
"871b6ab6-d91f-4590-ba55-c895971d4302","Making and Using 1-Metre Sticks","g2-mathematics-making-and-using-1-metre-sticks","Mathematics","Measurement","2.1 Length","By the end of the lesson, the learner should be able to: measure length in metres","PUBLISHED","published","10","","suspicious","empty","suspicious","QC_NO_CORRECT_INDEX","","hello! measuring helps us know how long, heavy, or full something is. let's explore! today we measure length using centimetres! we use different tools to measure. measuring length! your mission: becom"
"b878353e-ff5c-42d3-89e5-022d9f3e09fe","Stopping a Ball from the Left","g2-movement-stopping-a-ball-from-the-left","Movement","Movement: Basic Movement Skills","3.2 Manipulative Skills: Stopping — 12 official lesson(s)","By the end of the lesson, the learner should be able to name body parts used when stopping, perform stopping in differen","PUBLISHED","both","10","10","suspicious","suspicious","suspicious","GENERIC: ""here is what you need to know""; GENERIC: ""take a moment to think""; GENERIC: ""are you ready""","GENERIC: ""here is what you need to know""; GENERIC: ""take a moment to think""; GENERIC: ""are you ready""","hello! i am owl. let us learn about stopping a ball from the left together! hello, friend! today we will learn about stopping a ball from the left. are you ready? welcome! our mission is to explore st"
"f7f836f1-ce84-4204-9868-2554f28b0e0d","Reporting Back on Home and Community Enterprise Ideas","g2-environmental-reporting-back-on-home-and-community-enterprise-ideas","Environmental","Social environment","2.2 Enterprise projects","By the end of the lesson, the learner should be able to identify, analyse, select, plan, start and help manage an age-ap","PUBLISHED","both","10","10","suspicious","suspicious","suspicious","GENERIC: ""here is what you need to know""; GENERIC: ""take a moment to think""; GENERIC: ""are you ready""","GENERIC: ""here is what you need to know""; GENERIC: ""take a moment to think""; GENERIC: ""are you ready""","hello! i am owl. let us learn about reporting back on home and community enterprise ideas together! hello, friend! today we will learn about reporting back on home and community enterprise ideas. are "
"7381a32e-eac4-4994-849c-3a6b93d4fe4b","Stopping a Ball from the Right","g2-movement-stopping-a-ball-from-the-right","Movement","Movement: Basic Movement Skills","3.2 Manipulative Skills: Stopping — 12 official lesson(s)","By the end of the lesson, the learner should be able to name body parts used when stopping, perform stopping in differen","PUBLISHED","both","10","10","suspicious","suspicious","suspicious","GENERIC: ""here is what you need to know""; GENERIC: ""take a moment to think""; GENERIC: ""are you ready""","GENERIC: ""here is what you need to know""; GENERIC: ""take a moment to think""; GENERIC: ""are you ready""","hello! i am owl. let us learn about stopping a ball from the right together! hello, friend! today we will learn about stopping a ball from the right. are you ready? welcome! our mission is to explore "
"c206c1a4-7be3-4ea6-a989-be015f5f2376","Length: Practice and Application","g2-mathematics-length-practice-and-application","Mathematics","Measurement","2.1 Length","By the end of the lesson, the learner should be able to: measure length in metres","PUBLISHED","published","10","","suspicious","empty","suspicious","QC_NO_CORRECT_INDEX","","hello! measuring helps us know how long, heavy, or full something is. let's explore! today we measure length using centimetres! we use different tools to measure. measuring length! your mission: becom"
"9cd2660d-5f62-4600-bc00-3021f2801ffd","Stopping in Pairs","g2-movement-stopping-in-pairs","Movement","Movement: Basic Movement Skills","3.2 Manipulative Skills: Stopping — 12 official lesson(s)","By the end of the lesson, the learner should be able to name body parts used when stopping, perform stopping in differen","PUBLISHED","both","10","10","suspicious","suspicious","suspicious","GENERIC: ""here is what you need to know""; GENERIC: ""take a moment to think""; GENERIC: ""are you ready""","GENERIC: ""here is what you need to know""; GENERIC: ""take a moment to think""; GENERIC: ""are you ready""","hello! i am owl. let us learn about stopping in pairs together! hello, friend! today we will learn about stopping in pairs. are you ready? welcome! our mission is to explore stopping in pairs together"
"cebf1301-0ec3-4144-b628-d54de1a0171c","Presenting a Selected Class Enterprise","g2-environmental-presenting-a-selected-class-enterprise","Environmental","Social environment","2.2 Enterprise projects","By the end of the lesson, the learner should be able to identify, analyse, select, plan, start and help manage an age-ap","PUBLISHED","both","10","10","suspicious","suspicious","suspicious","GENERIC: ""here is what you need to know""; GENERIC: ""take a moment to think""; GENERIC: ""are you ready""","GENERIC: ""here is what you need to know""; GENERIC: ""take a moment to think""; GENERIC: ""are you ready""","hello! i am owl. let us learn about presenting a selected class enterprise together! hello, friend! today we will learn about presenting a selected class enterprise. are you ready? welcome! our missio"
"9512b162-b896-4329-8bdc-16f0d5b370df","Measuring Mass Using Fixed Units","g2-mathematics-measuring-mass-using-fixed-units","Mathematics","Measurement","2.2 Mass","By the end of the lesson, the learner should be able to: measure mass using fixed units","PUBLISHED","published","10","","suspicious","empty","suspicious","QC_NO_CORRECT_INDEX","","hello! measuring helps us know how long, heavy, or full something is. let's explore! today we measure mass using kilograms! we use different tools to measure. measuring mass! your mission: become a me"
"ec97c183-8f06-4792-9cd6-02979017d894","Stopping in Groups","g2-movement-stopping-in-groups","Movement","Movement: Basic Movement Skills","3.2 Manipulative Skills: Stopping — 12 official lesson(s)","By the end of the lesson, the learner should be able to name body parts used when stopping, perform stopping in differen","PUBLISHED","both","10","10","suspicious","suspicious","suspicious","GENERIC: ""here is what you need to know""; GENERIC: ""take a moment to think""; GENERIC: ""are you ready""","GENERIC: ""here is what you need to know""; GENERIC: ""take a moment to think""; GENERIC: ""are you ready""","hello! i am owl. let us learn about stopping in groups together! hello, friend! today we will learn about stopping in groups. are you ready? welcome! our mission is to explore stopping in groups toget"
"e749a723-2f32-49fe-83f7-262f0b873aeb","Identifying the Kilogram as a Unit of Mass","g2-mathematics-identifying-the-kilogram-as-a-unit-of-mass","Mathematics","Measurement","2.2 Mass","By the end of the lesson, the learner should be able to: identify the kilogram as a unit of measuring mass","PUBLISHED","published","10","","suspicious","empty","suspicious","QC_NO_CORRECT_INDEX","","hello! measuring helps us know how long, heavy, or full something is. let's explore! today we measure mass using kilograms! we use different tools to measure. measuring mass! your mission: become a me"
"9c1cc2b3-6c34-4cbd-8045-478911c1d95d","Voting or Agreeing on a Class Project","g2-environmental-voting-or-agreeing-on-a-class-project","Environmental","Social environment","2.2 Enterprise projects","By the end of the lesson, the learner should be able to identify, analyse, select, plan, start and help manage an age-ap","PUBLISHED","both","10","10","suspicious","suspicious","suspicious","GENERIC: ""here is what you need to know""; GENERIC: ""take a moment to think""; GENERIC: ""are you ready""","GENERIC: ""here is what you need to know""; GENERIC: ""take a moment to think""; GENERIC: ""are you ready""","hello! i am owl. let us learn about voting or agreeing on a class project together! hello, friend! today we will learn about voting or agreeing on a class project. are you ready? welcome! our mission "
"dca6ca20-da7a-4ae2-b40d-6d1c8804b79b","Combining Kicking and Stopping","g2-movement-combining-kicking-and-stopping","Movement","Movement: Basic Movement Skills","3.2 Manipulative Skills: Stopping — 12 official lesson(s)","By the end of the lesson, the learner should be able to name body parts used when stopping, perform stopping in differen","PUBLISHED","both","10","10","suspicious","suspicious","suspicious","GENERIC: ""here is what you need to know""; GENERIC: ""take a moment to think""; GENERIC: ""are you ready""","GENERIC: ""here is what you need to know""; GENERIC: ""take a moment to think""; GENERIC: ""are you ready""","hello! i am owl. let us learn about combining kicking and stopping together! hello, friend! today we will learn about combining kicking and stopping. are you ready? welcome! our mission is to explore "
"aa83b63f-29b9-4b7d-b8cc-9621abdd8a16","Using a Beam Balance to Compare Mass","g2-mathematics-using-a-beam-balance-to-compare-mass","Mathematics","Measurement","2.2 Mass","By the end of the lesson, the learner should be able to: use a beam balance to compare and discuss masses","PUBLISHED","published","10","","suspicious","empty","suspicious","QC_NO_CORRECT_INDEX","","hello! measuring helps us know how long, heavy, or full something is. let's explore! today we measure mass using kilograms! we use different tools to measure. measuring mass! your mission: become a me"
"b496d586-e1d7-492f-a42b-7eb4e2c4e792","Listing Resources Needed for the Project","g2-environmental-listing-resources-needed-for-the-project","Environmental","Social environment","2.2 Enterprise projects","By the end of the lesson, the learner should be able to identify, analyse, select, plan, start and help manage an age-ap","PUBLISHED","both","10","10","suspicious","suspicious","suspicious","GENERIC: ""here is what you need to know""; GENERIC: ""take a moment to think""; GENERIC: ""are you ready""","GENERIC: ""here is what you need to know""; GENERIC: ""take a moment to think""; GENERIC: ""are you ready""","hello! i am owl. let us learn about listing resources needed for the project together! hello, friend! today we will learn about listing resources needed for the project. are you ready? welcome! our mi"
"8652192b-aa1e-44c5-8994-de8b350e79d8","Playing Kicking and Stopping Games","g2-movement-playing-kicking-and-stopping-games","Movement","Movement: Basic Movement Skills","3.2 Manipulative Skills: Stopping — 12 official lesson(s)","By the end of the lesson, the learner should be able to name body parts used when stopping, perform stopping in differen","PUBLISHED","both","10","10","suspicious","suspicious","suspicious","GENERIC: ""here is what you need to know""; GENERIC: ""take a moment to think""; GENERIC: ""are you ready""","GENERIC: ""here is what you need to know""; GENERIC: ""take a moment to think""; GENERIC: ""are you ready""","hello! i am owl. let us learn about playing kicking and stopping games together! hello, friend! today we will learn about playing kicking and stopping games. are you ready? welcome! our mission is to "
"b9a13308-5e08-4251-95fd-251b25648e9b","Making and Using 1 Kilogram Reference Masses","g2-mathematics-making-and-using-1-kilogram-reference-masses","Mathematics","Measurement","2.2 Mass","By the end of the lesson, the learner should be able to: use a 1 kilogram reference mass to measure other items","PUBLISHED","published","10","","suspicious","empty","suspicious","QC_NO_CORRECT_INDEX","","hello! measuring helps us know how long, heavy, or full something is. let's explore! today we measure mass using kilograms! we use different tools to measure. measuring mass! your mission: become a me"
"34a6b1f0-7706-4d02-a81f-07fec07c2e41","Naming Roles Needed for the Project","g2-environmental-naming-roles-needed-for-the-project","Environmental","Social environment","2.2 Enterprise projects","By the end of the lesson, the learner should be able to identify, analyse, select, plan, start and help manage an age-ap","PUBLISHED","both","10","10","suspicious","suspicious","suspicious","GENERIC: ""here is what you need to know""; GENERIC: ""take a moment to think""; GENERIC: ""are you ready""","GENERIC: ""here is what you need to know""; GENERIC: ""take a moment to think""; GENERIC: ""are you ready""","hello! i am owl. let us learn about naming roles needed for the project together! hello, friend! today we will learn about naming roles needed for the project. are you ready? welcome! our mission is t"
"b0f6aa2b-1688-4a6a-818f-7b94e65a3ee7","Enterprise Project Selection Review","g2-environmental-enterprise-project-selection-review","Environmental","Social environment","2.2 Enterprise projects","By the end of the lesson, the learner should be able to identify, analyse, select, plan, start and help manage an age-ap","PUBLISHED","both","10","10","suspicious","suspicious","suspicious","GENERIC: ""here is what you need to know""; GENERIC: ""take a moment to think""; GENERIC: ""are you ready""","GENERIC: ""here is what you need to know""; GENERIC: ""take a moment to think""; GENERIC: ""are you ready""","hello! i am owl. let us learn about enterprise project selection review together! hello, friend! today we will learn about enterprise project selection review. are you ready? welcome! our mission is t"
"3297344e-7e67-4efc-af9b-383168f9fd3a","Measuring Classroom Items in Kilograms","g2-mathematics-measuring-classroom-items-in-kilograms","Mathematics","Measurement","2.2 Mass","By the end of the lesson, the learner should be able to: measure mass in kilograms using safe classroom items","PUBLISHED","published","10","","suspicious","empty","suspicious","QC_NO_CORRECT_INDEX","","hello! measuring helps us know how long, heavy, or full something is. let's explore! today we measure mass using kilograms! we use different tools to measure. measuring mass! your mission: become a me"
"cc6f69b1-451b-481d-9a60-d2e52a79fe84","Safety Rules for Stopping Activities","g2-movement-safety-rules-for-stopping-activities","Movement","Movement: Basic Movement Skills","3.2 Manipulative Skills: Stopping — 12 official lesson(s)","By the end of the lesson, the learner should be able to name body parts used when stopping, perform stopping in differen","PUBLISHED","both","10","10","suspicious","suspicious","suspicious","GENERIC: ""here is what you need to know""; GENERIC: ""take a moment to think""; GENERIC: ""are you ready""","GENERIC: ""here is what you need to know""; GENERIC: ""take a moment to think""; GENERIC: ""are you ready""","hello! i am owl. let us learn about safety rules for stopping activities together! hello, friend! today we will learn about safety rules for stopping activities. are you ready? welcome! our mission is"
"ebee4445-416e-4165-9f29-ba88910c0203","Planning the Class Income-Generating Project","g2-environmental-planning-the-class-income-generating-project","Environmental","Social environment","2.2 Enterprise projects","By the end of the lesson, the learner should be able to identify, analyse, select, plan, start and help manage an age-ap","PUBLISHED","both","10","10","suspicious","suspicious","suspicious","GENERIC: ""here is what you need to know""; GENERIC: ""take a moment to think""; GENERIC: ""are you ready""","GENERIC: ""here is what you need to know""; GENERIC: ""take a moment to think""; GENERIC: ""are you ready""","hello! i am owl. let us learn about planning the class income-generating project together! hello, friend! today we will learn about planning the class income-generating project. are you ready? welcome"
"ea2d95ea-f0f0-4aff-bb08-a5342e2b3944","Stopping Skills Practice and Reflection","g2-movement-stopping-skills-practice-and-reflection","Movement","Movement: Basic Movement Skills","3.2 Manipulative Skills: Stopping — 12 official lesson(s)","By the end of the lesson, the learner should be able to name body parts used when stopping, perform stopping in differen","PUBLISHED","both","10","10","suspicious","suspicious","suspicious","GENERIC: ""here is what you need to know""; GENERIC: ""take a moment to think""; GENERIC: ""are you ready""","GENERIC: ""here is what you need to know""; GENERIC: ""take a moment to think""; GENERIC: ""are you ready""","hello! i am owl. let us learn about stopping skills practice and reflection together! hello, friend! today we will learn about stopping skills practice and reflection. are you ready? welcome! our miss"
"0e5d3dcf-fbde-4c5d-84b7-4ca3d4db44fe","Mass in Kilograms: Practice and Assessment","g2-mathematics-mass-in-kilograms-practice-and-assessment","Mathematics","Measurement","2.2 Mass","By the end of the lesson, the learner should be able to: measure mass in kilograms and explain the result","PUBLISHED","published","10","","suspicious","empty","suspicious","QC_NO_CORRECT_INDEX","","hello! measuring helps us know how long, heavy, or full something is. let's explore! today we measure mass using kilograms! we use different tools to measure. measuring mass! your mission: become a me"
"348bcb40-d3b4-4742-8294-4cf736dd7201","Observing Pellet Technique Models","g2-movement-observing-pellet-technique-models","Movement","Art and Craft: Modelling","8.2 Pellet Technique — 3 official lesson(s)","By the end of the lesson, the learner should be able to observe pellet technique models, model simple objects using pell","PUBLISHED","both","10","10","suspicious","suspicious","suspicious","GENERIC: ""here is what you need to know""; GENERIC: ""take a moment to think""; GENERIC: ""are you ready""","GENERIC: ""here is what you need to know""; GENERIC: ""take a moment to think""; GENERIC: ""are you ready""","hello! i am owl. let us learn about observing pellet technique models together! hello, friend! today we will learn about observing pellet technique models. are you ready? welcome! our mission is to ex"
"2d0d0e1b-e7fc-454a-860a-5126895cce1e","Measuring Capacity Using Fixed Units","g2-mathematics-measuring-capacity-using-fixed-units","Mathematics","Measurement","2.3 Capacity","By the end of the lesson, the learner should be able to: measure capacity using fixed units","PUBLISHED","published","10","","suspicious","empty","suspicious","QC_NO_CORRECT_INDEX","","hello! capacity is how much a container can hold. today we measure with water and containers. today we learn to measure capacity — how much liquid a container can hold. we use small containers to fill"
"63af8cf3-9ca9-4ef3-9e8a-97d6e0135fa5","Dividing Responsibilities Fairly","g2-environmental-dividing-responsibilities-fairly","Environmental","Social environment","2.2 Enterprise projects","By the end of the lesson, the learner should be able to identify, analyse, select, plan, start and help manage an age-ap","PUBLISHED","both","10","10","suspicious","suspicious","suspicious","GENERIC: ""here is what you need to know""; GENERIC: ""take a moment to think""; GENERIC: ""are you ready""","GENERIC: ""here is what you need to know""; GENERIC: ""take a moment to think""; GENERIC: ""are you ready""","hello! i am owl. let us learn about dividing responsibilities fairly together! hello, friend! today we will learn about dividing responsibilities fairly. are you ready? welcome! our mission is to expl"
"7b54b31b-a616-421b-9d9a-9f5b61216bfc","Creating a Simple Project Timeline","g2-environmental-creating-a-simple-project-timeline","Environmental","Social environment","2.2 Enterprise projects","By the end of the lesson, the learner should be able to identify, analyse, select, plan, start and help manage an age-ap","PUBLISHED","both","10","10","suspicious","suspicious","suspicious","GENERIC: ""here is what you need to know""; GENERIC: ""take a moment to think""; GENERIC: ""are you ready""","GENERIC: ""here is what you need to know""; GENERIC: ""take a moment to think""; GENERIC: ""are you ready""","hello! i am owl. let us learn about creating a simple project timeline together! hello, friend! today we will learn about creating a simple project timeline. are you ready? welcome! our mission is to "
"2a3b8afa-9869-4ba9-bf0a-d03b418f2174","Identifying the Litre as a Unit of Capacity","g2-mathematics-identifying-the-litre-as-a-unit-of-capacity","Mathematics","Measurement","2.3 Capacity","By the end of the lesson, the learner should be able to: identify the litre as a unit of measuring capacity","PUBLISHED","published","10","","suspicious","empty","suspicious","QC_NO_CORRECT_INDEX","","hello! measuring helps us know how long, heavy, or full something is. let's explore! today we measure capacity using litres! we use different tools to measure. measuring capacity! your mission: become"
"0696dedb-41c0-47fe-89c4-0526c678f1fb","Making Clay Pellets Safely","g2-movement-making-clay-pellets-safely","Movement","Art and Craft: Modelling","8.2 Pellet Technique — 3 official lesson(s)","By the end of the lesson, the learner should be able to observe pellet technique models, model simple objects using pell","PUBLISHED","both","10","10","suspicious","suspicious","suspicious","GENERIC: ""here is what you need to know""; GENERIC: ""take a moment to think""; GENERIC: ""are you ready""","GENERIC: ""here is what you need to know""; GENERIC: ""take a moment to think""; GENERIC: ""are you ready""","hello! i am owl. let us learn about making clay pellets safely together! hello, friend! today we will learn about making clay pellets safely. are you ready? welcome! our mission is to explore making c"
"dae2f6ed-e620-4c32-9bc3-89b6f76d6b9b","Preparing Materials for the Project","g2-environmental-preparing-materials-for-the-project","Environmental","Social environment","2.2 Enterprise projects","By the end of the lesson, the learner should be able to identify, analyse, select, plan, start and help manage an age-ap","PUBLISHED","both","10","10","suspicious","suspicious","suspicious","GENERIC: ""here is what you need to know""; GENERIC: ""take a moment to think""; GENERIC: ""are you ready""","GENERIC: ""here is what you need to know""; GENERIC: ""take a moment to think""; GENERIC: ""are you ready""","hello! i am owl. let us learn about preparing materials for the project together! hello, friend! today we will learn about preparing materials for the project. are you ready? welcome! our mission is t"
"d8bfdf2b-7cd6-4a2d-a56f-c473fea06983","Modelling and Decorating with Pellet Technique","g2-movement-modelling-and-decorating-with-pellet-technique","Movement","Art and Craft: Modelling","8.2 Pellet Technique — 3 official lesson(s)","By the end of the lesson, the learner should be able to observe pellet technique models, model simple objects using pell","PUBLISHED","both","10","10","suspicious","suspicious","suspicious","GENERIC: ""here is what you need to know""; GENERIC: ""take a moment to think""; GENERIC: ""are you ready""","GENERIC: ""here is what you need to know""; GENERIC: ""take a moment to think""; GENERIC: ""are you ready""","hello! i am owl. let us learn about modelling and decorating with pellet technique together! hello, friend! today we will learn about modelling and decorating with pellet technique. are you ready? wel"
"ba2b9cc1-9fd3-4cc6-9229-e25b88c6aef8","Filling Containers with 1 Litre Measures","g2-mathematics-filling-containers-with-1-litre-measures","Mathematics","Measurement","2.3 Capacity","By the end of the lesson, the learner should be able to: use 1 litre containers to measure capacity","PUBLISHED","published","10","","suspicious","empty","suspicious","QC_NO_CORRECT_INDEX","","hello! measuring helps us know how long, heavy, or full something is. let's explore! today we measure capacity using litres! we use different tools to measure. measuring capacity! your mission: become"
"25f1f6b8-e4b8-4446-9e6d-fcb0785ff025","Counting Litres Used to Fill Containers","g2-mathematics-counting-litres-used-to-fill-containers","Mathematics","Measurement","2.3 Capacity","By the end of the lesson, the learner should be able to: count the number of litres used to fill a container","PUBLISHED","published","10","","suspicious","empty","suspicious","QC_NO_CORRECT_INDEX","","hello! measuring helps us know how long, heavy, or full something is. let's explore! today we measure capacity using litres! we use different tools to measure. measuring capacity! your mission: become"
"e4cf554b-c80f-4c70-8254-3bb42a0f1c87","Starting the Class Enterprise Project","g2-environmental-starting-the-class-enterprise-project","Environmental","Social environment","2.2 Enterprise projects","By the end of the lesson, the learner should be able to identify, analyse, select, plan, start and help manage an age-ap","PUBLISHED","both","10","10","suspicious","suspicious","suspicious","GENERIC: ""here is what you need to know""; GENERIC: ""take a moment to think""; GENERIC: ""are you ready""","GENERIC: ""here is what you need to know""; GENERIC: ""take a moment to think""; GENERIC: ""are you ready""","hello! i am owl. let us learn about starting the class enterprise project together! hello, friend! today we will learn about starting the class enterprise project. are you ready? welcome! our mission "
"e5e0e674-16fd-4160-af29-a7487768ef29","Observing Locally Made Toys","g2-movement-observing-locally-made-toys","Movement","Art and Craft: Sculpture","9.1 Toys — 3 official lesson(s)","By the end of the lesson, the learner should be able to observe toy samples, make simple toys using local materials, and","PUBLISHED","both","10","10","suspicious","suspicious","suspicious","GENERIC: ""here is what you need to know""; GENERIC: ""take a moment to think""; GENERIC: ""are you ready""","GENERIC: ""here is what you need to know""; GENERIC: ""take a moment to think""; GENERIC: ""are you ready""","hello! i am owl. let us learn about observing locally made toys together! hello, friend! today we will learn about observing locally made toys. are you ready? welcome! our mission is to explore observ"
"ff3e9c66-9f56-4e35-be9f-f4916c96733b","Choosing Materials for Simple Toys","g2-movement-choosing-materials-for-simple-toys","Movement","Art and Craft: Sculpture","9.1 Toys — 3 official lesson(s)","By the end of the lesson, the learner should be able to observe toy samples, make simple toys using local materials, and","PUBLISHED","both","10","10","suspicious","suspicious","suspicious","GENERIC: ""here is what you need to know""; GENERIC: ""take a moment to think""; GENERIC: ""are you ready""","GENERIC: ""here is what you need to know""; GENERIC: ""take a moment to think""; GENERIC: ""are you ready""","hello! i am owl. let us learn about choosing materials for simple toys together! hello, friend! today we will learn about choosing materials for simple toys. are you ready? welcome! our mission is to "
"11304516-aa21-46f2-8bff-64b8b78a4882","Measuring Capacity of Different Containers in Litres","g2-mathematics-measuring-capacity-of-different-containers-in-litres","Mathematics","Measurement","2.3 Capacity","By the end of the lesson, the learner should be able to: measure capacity of different containers in litres","PUBLISHED","published","10","","suspicious","empty","suspicious","QC_NO_CORRECT_INDEX","","hello! measuring helps us know how long, heavy, or full something is. let's explore! today we measure capacity using litres! we use different tools to measure. measuring capacity! your mission: become"
"25a35c04-cddc-4063-a71d-66aff4ef8afd","Carrying Out Assigned Project Roles","g2-environmental-carrying-out-assigned-project-roles","Environmental","Social environment","2.2 Enterprise projects","By the end of the lesson, the learner should be able to identify, analyse, select, plan, start and help manage an age-ap","PUBLISHED","both","10","10","suspicious","suspicious","suspicious","GENERIC: ""here is what you need to know""; GENERIC: ""take a moment to think""; GENERIC: ""are you ready""","GENERIC: ""here is what you need to know""; GENERIC: ""take a moment to think""; GENERIC: ""are you ready""","hello! i am owl. let us learn about carrying out assigned project roles together! hello, friend! today we will learn about carrying out assigned project roles. are you ready? welcome! our mission is t"
"fe2acda9-54cd-4585-9750-dda739a72cf2","Constructing and Displaying a Simple Toy","g2-movement-constructing-and-displaying-a-simple-toy","Movement","Art and Craft: Sculpture","9.1 Toys — 3 official lesson(s)","By the end of the lesson, the learner should be able to observe toy samples, make simple toys using local materials, and","PUBLISHED","both","10","10","suspicious","suspicious","suspicious","GENERIC: ""here is what you need to know""; GENERIC: ""take a moment to think""; GENERIC: ""are you ready""","GENERIC: ""here is what you need to know""; GENERIC: ""take a moment to think""; GENERIC: ""are you ready""","hello! i am owl. let us learn about constructing and displaying a simple toy together! hello, friend! today we will learn about constructing and displaying a simple toy. are you ready? welcome! our mi"
"bf762b59-ce71-49c2-a7a2-d13e83a559f8","Comparing Containers Using Litres","g2-mathematics-comparing-containers-using-litres","Mathematics","Measurement","2.3 Capacity","By the end of the lesson, the learner should be able to: compare containers using litre measurements","PUBLISHED","published","10","","suspicious","empty","suspicious","QC_NO_CORRECT_INDEX","","hello! measuring helps us know how long, heavy, or full something is. let's explore! today we measure capacity using litres! we use different tools to measure. measuring capacity! your mission: become"
"5589ca6e-e150-4606-9c6b-0b6434d24a3f","Working Together During the Project","g2-environmental-working-together-during-the-project","Environmental","Social environment","2.2 Enterprise projects","By the end of the lesson, the learner should be able to identify, analyse, select, plan, start and help manage an age-ap","PUBLISHED","both","10","10","suspicious","suspicious","suspicious","GENERIC: ""here is what you need to know""; GENERIC: ""take a moment to think""; GENERIC: ""are you ready""","GENERIC: ""here is what you need to know""; GENERIC: ""take a moment to think""; GENERIC: ""are you ready""","hello! i am owl. let us learn about working together during the project together! hello, friend! today we will learn about working together during the project. are you ready? welcome! our mission is t"
"83586eb9-46fa-447f-8a4d-d2a733e8098d","Capacity in Litres: Real-Life Practice","g2-mathematics-capacity-in-litres-real-life-practice","Mathematics","Measurement","2.3 Capacity","By the end of the lesson, the learner should be able to: apply litre measurement to a real-life situation","PUBLISHED","published","10","","suspicious","empty","suspicious","QC_NO_CORRECT_INDEX","","hello! litres are used every day. let's solve real problems! today you use litres to solve real problems — cooking, farming, and daily life! litres in real life! be a real-life mathematician! solve re"
"cf02f08a-9347-424a-bbe0-c5a09cbc16fb","Observing Kite Samples","g2-movement-observing-kite-samples","Movement","Art and Craft: Sculpture","9.2 Kites — 3 official lesson(s)","By the end of the lesson, the learner should be able to observe kite samples, make simple kites using local materials, a","PUBLISHED","both","10","10","suspicious","suspicious","suspicious","GENERIC: ""here is what you need to know""; GENERIC: ""take a moment to think""; GENERIC: ""are you ready""","GENERIC: ""here is what you need to know""; GENERIC: ""take a moment to think""; GENERIC: ""are you ready""","hello! i am owl. let us learn about observing kite samples together! hello, friend! today we will learn about observing kite samples. are you ready? welcome! our mission is to explore observing kite s"
"6b43c50a-6129-4efd-90c6-852065c8946c","Solving Small Project Problems","g2-environmental-solving-small-project-problems","Environmental","Social environment","2.2 Enterprise projects","By the end of the lesson, the learner should be able to identify, analyse, select, plan, start and help manage an age-ap","PUBLISHED","both","10","10","suspicious","suspicious","suspicious","GENERIC: ""here is what you need to know""; GENERIC: ""take a moment to think""; GENERIC: ""are you ready""","GENERIC: ""here is what you need to know""; GENERIC: ""take a moment to think""; GENERIC: ""are you ready""","hello! i am owl. let us learn about solving small project problems together! hello, friend! today we will learn about solving small project problems. are you ready? welcome! our mission is to explore "
"f57f76e0-d89a-4008-9133-96307600775a","Capacity in Litres: Practice and Assessment","g2-mathematics-capacity-in-litres-practice-and-assessment","Mathematics","Measurement","2.3 Capacity","By the end of the lesson, the learner should be able to: measure capacity in litres and explain the result","PUBLISHED","published","10","","suspicious","empty","suspicious","QC_NO_CORRECT_INDEX","","hello! capacity is how much a container holds. we measure in litres! today you practice measuring capacity in litres! measuring litres! be a capacity expert! practice measuring and adding capacity in "
"c26dc0fe-ce86-4719-b7de-4d05eeee7430","Choosing Safe Materials for Kites","g2-movement-choosing-safe-materials-for-kites","Movement","Art and Craft: Sculpture","9.2 Kites — 3 official lesson(s)","By the end of the lesson, the learner should be able to observe kite samples, make simple kites using local materials, a","PUBLISHED","both","10","10","suspicious","suspicious","suspicious","GENERIC: ""here is what you need to know""; GENERIC: ""take a moment to think""; GENERIC: ""are you ready""","GENERIC: ""here is what you need to know""; GENERIC: ""take a moment to think""; GENERIC: ""are you ready""","hello! i am owl. let us learn about choosing safe materials for kites together! hello, friend! today we will learn about choosing safe materials for kites. are you ready? welcome! our mission is to ex"
"48062ef3-6c49-4c62-9a58-8a74ea9c356e","Keeping the Project Area Clean","g2-environmental-keeping-the-project-area-clean","Environmental","Social environment","2.2 Enterprise projects","By the end of the lesson, the learner should be able to identify, analyse, select, plan, start and help manage an age-ap","PUBLISHED","both","10","10","suspicious","suspicious","suspicious","GENERIC: ""here is what you need to know""; GENERIC: ""take a moment to think""; GENERIC: ""are you ready""","GENERIC: ""here is what you need to know""; GENERIC: ""take a moment to think""; GENERIC: ""are you ready""","hello! i am owl. let us learn about keeping the project area clean together! hello, friend! today we will learn about keeping the project area clean. are you ready? welcome! our mission is to explore "
"1df242a2-2a80-4e69-ab51-5ff3035bad02","Caring for Resources During the Project","g2-environmental-caring-for-resources-during-the-project","Environmental","Social environment","2.2 Enterprise projects","By the end of the lesson, the learner should be able to identify, analyse, select, plan, start and help manage an age-ap","PUBLISHED","both","10","10","suspicious","suspicious","suspicious","GENERIC: ""here is what you need to know""; GENERIC: ""take a moment to think""; GENERIC: ""are you ready""","GENERIC: ""here is what you need to know""; GENERIC: ""take a moment to think""; GENERIC: ""are you ready""","hello! i am owl. let us learn about caring for resources during the project together! hello, friend! today we will learn about caring for resources during the project. are you ready? welcome! our miss"
"ffd55a4b-a06e-429a-a664-bd7d12b9d6e0","Months of the Year and Activities","g2-mathematics-months-of-the-year-and-activities","Mathematics","Measurement","2.4 Time","By the end of the lesson, the learner should be able to: relate months of the year with various activities","PUBLISHED","published","10","","suspicious","empty","suspicious","QC_NO_CORRECT_INDEX","","hello! measuring helps us know how long, heavy, or full something is. let's explore! today we measure time using hours! we use different tools to measure. measuring time! your mission: become a measur"
"2a9ef8af-bc09-4e29-8552-c2673d8b73c4","Constructing and Displaying a Simple Kite","g2-movement-constructing-and-displaying-a-simple-kite","Movement","Art and Craft: Sculpture","9.2 Kites — 3 official lesson(s)","By the end of the lesson, the learner should be able to observe kite samples, make simple kites using local materials, a","PUBLISHED","both","10","10","suspicious","suspicious","suspicious","GENERIC: ""here is what you need to know""; GENERIC: ""take a moment to think""; GENERIC: ""are you ready""","GENERIC: ""here is what you need to know""; GENERIC: ""take a moment to think""; GENERIC: ""are you ready""","hello! i am owl. let us learn about constructing and displaying a simple kite together! hello, friend! today we will learn about constructing and displaying a simple kite. are you ready? welcome! our "
"f36bf845-94ec-4751-8231-1aa2cb87b7ac","Checking Progress of the Class Project","g2-environmental-checking-progress-of-the-class-project","Environmental","Social environment","2.2 Enterprise projects","By the end of the lesson, the learner should be able to identify, analyse, select, plan, start and help manage an age-ap","PUBLISHED","both","10","10","suspicious","suspicious","suspicious","GENERIC: ""here is what you need to know""; GENERIC: ""take a moment to think""; GENERIC: ""are you ready""","GENERIC: ""here is what you need to know""; GENERIC: ""take a moment to think""; GENERIC: ""are you ready""","hello! i am owl. let us learn about checking progress of the class project together! hello, friend! today we will learn about checking progress of the class project. are you ready? welcome! our missio"
"f2a52e96-1524-4154-9984-67ec8ac37846","Number of Days in Each Month","g2-mathematics-number-of-days-in-each-month","Mathematics","Measurement","2.4 Time","By the end of the lesson, the learner should be able to: recite the number of days in each month of the year","PUBLISHED","published","10","","suspicious","empty","suspicious","QC_NO_CORRECT_INDEX","","hello! measuring helps us know how long, heavy, or full something is. let's explore! today we measure time using hours! we use different tools to measure. measuring time! your mission: become a measur"
"9c26b895-ccee-4347-8ae6-5ff849ecafce","Naming Items That Sink and Float","g2-movement-naming-items-that-sink-and-float","Movement","Movement: Swimming","1.1 Water Safety: Signs of Drowning — 6 official lesson(s)","By the end of the lesson, the learner should be able to name items that sink and float, identify signs that someone may ","PUBLISHED","both","10","10","suspicious","suspicious","suspicious","GENERIC: ""here is what you need to know""; GENERIC: ""take a moment to think""; GENERIC: ""are you ready""","GENERIC: ""here is what you need to know""; GENERIC: ""take a moment to think""; GENERIC: ""are you ready""","hello! i am owl. let us learn about naming items that sink and float together! hello, friend! today we will learn about naming items that sink and float. are you ready? welcome! our mission is to expl"
"e803a5d7-9b98-4cf5-ac79-38d0eea135ee","Reporting What Each Group Has Done","g2-environmental-reporting-what-each-group-has-done","Environmental","Social environment","2.2 Enterprise projects","By the end of the lesson, the learner should be able to identify, analyse, select, plan, start and help manage an age-ap","PUBLISHED","both","10","10","suspicious","suspicious","suspicious","GENERIC: ""here is what you need to know""; GENERIC: ""take a moment to think""; GENERIC: ""are you ready""","GENERIC: ""here is what you need to know""; GENERIC: ""take a moment to think""; GENERIC: ""are you ready""","hello! i am owl. let us learn about reporting what each group has done together! hello, friend! today we will learn about reporting what each group has done. are you ready? welcome! our mission is to "
"3d62e0f4-74d5-4850-bad1-15c1764559e6","Measuring Time Using Arbitrary Units","g2-mathematics-measuring-time-using-arbitrary-units","Mathematics","Measurement","2.4 Time","By the end of the lesson, the learner should be able to: measure time using arbitrary units","PUBLISHED","published","10","","suspicious","empty","suspicious","QC_NO_CORRECT_INDEX","","hello! measuring helps us know how long, heavy, or full something is. let's explore! today we measure time using hours! we use different tools to measure. measuring time! your mission: become a measur"
"4a7cbc16-0d39-4223-a3dd-4fc4078e0b6d","Recognising When Someone May Be in Trouble in Water","g2-movement-recognising-when-someone-may-be-in-trouble-in-water","Movement","Movement: Swimming","1.1 Water Safety: Signs of Drowning — 6 official lesson(s)","By the end of the lesson, the learner should be able to name items that sink and float, identify signs that someone may ","PUBLISHED","both","10","10","suspicious","suspicious","suspicious","GENERIC: ""here is what you need to know""; GENERIC: ""take a moment to think""; GENERIC: ""are you ready""","GENERIC: ""here is what you need to know""; GENERIC: ""take a moment to think""; GENERIC: ""are you ready""","hello! i am owl. let us learn about recognising when someone may be in trouble in water together! hello, friend! today we will learn about recognising when someone may be in trouble in water. are you "
"0a0f2da1-cf52-4acd-8c38-9d992ab23f84","Appreciating Everyone’s Effort","g2-environmental-appreciating-everyone-s-effort","Environmental","Social environment","2.2 Enterprise projects","By the end of the lesson, the learner should be able to identify, analyse, select, plan, start and help manage an age-ap","PUBLISHED","both","10","10","suspicious","suspicious","suspicious","GENERIC: ""here is what you need to know""; GENERIC: ""take a moment to think""; GENERIC: ""are you ready""","GENERIC: ""here is what you need to know""; GENERIC: ""take a moment to think""; GENERIC: ""are you ready""","hello! i am owl. let us learn about appreciating everyone’s effort together! hello, friend! today we will learn about appreciating everyone’s effort. are you ready? welcome! our mission is to explore "
"49519d62-6e69-4789-be88-bf732523b6f6","Discussing Why People Get Into Trouble in Water","g2-movement-discussing-why-people-get-into-trouble-in-water","Movement","Movement: Swimming","1.1 Water Safety: Signs of Drowning — 6 official lesson(s)","By the end of the lesson, the learner should be able to name items that sink and float, identify signs that someone may ","PUBLISHED","both","10","10","suspicious","suspicious","suspicious","GENERIC: ""here is what you need to know""; GENERIC: ""take a moment to think""; GENERIC: ""are you ready""","GENERIC: ""here is what you need to know""; GENERIC: ""take a moment to think""; GENERIC: ""are you ready""","hello! i am owl. let us learn about discussing why people get into trouble in water together! hello, friend! today we will learn about discussing why people get into trouble in water. are you ready? w"
"27ee7818-cc7f-4094-9ad0-f1bc16adc146","Measuring Time Using Fixed Units","g2-mathematics-measuring-time-using-fixed-units","Mathematics","Measurement","2.4 Time","By the end of the lesson, the learner should be able to: measure time using fixed units","PUBLISHED","published","10","","suspicious","empty","suspicious","QC_NO_CORRECT_INDEX","","hello! measuring helps us know how long, heavy, or full something is. let's explore! today we measure time using hours! we use different tools to measure. measuring time! your mission: become a measur"
"b1d3c755-65de-4a78-bada-10f18d8e8d55","Role-Playing Calling for Help Safely","g2-movement-role-playing-calling-for-help-safely","Movement","Movement: Swimming","1.1 Water Safety: Signs of Drowning — 6 official lesson(s)","By the end of the lesson, the learner should be able to name items that sink and float, identify signs that someone may ","PUBLISHED","both","10","10","suspicious","suspicious","suspicious","GENERIC: ""here is what you need to know""; GENERIC: ""take a moment to think""; GENERIC: ""are you ready""","GENERIC: ""here is what you need to know""; GENERIC: ""take a moment to think""; GENERIC: ""are you ready""","hello! i am owl. let us learn about role-playing calling for help safely together! hello, friend! today we will learn about role-playing calling for help safely. are you ready? welcome! our mission is"
"f48fd0c9-76bd-4d24-8632-9e15a8fad9a8","Project Reflection: What Worked Well?","g2-environmental-project-reflection-what-worked-well","Environmental","Social environment","2.2 Enterprise projects","By the end of the lesson, the learner should be able to identify, analyse, select, plan, start and help manage an age-ap","PUBLISHED","both","10","10","suspicious","suspicious","suspicious","GENERIC: ""here is what you need to know""; GENERIC: ""take a moment to think""; GENERIC: ""are you ready""","GENERIC: ""here is what you need to know""; GENERIC: ""take a moment to think""; GENERIC: ""are you ready""","hello! i am owl. let us learn about what worked well together! hello, friend! today we will learn about what worked well. are you ready? welcome! our mission is to explore what worked well together. b"
"ce4ca0e3-368e-4f1f-90b4-4939805ef01d","Identifying the Clock Face","g2-mathematics-identifying-the-clock-face","Mathematics","Measurement","2.4 Time","By the end of the lesson, the learner should be able to: identify the clock face","PUBLISHED","published","10","","suspicious","empty","suspicious","QC_NO_CORRECT_INDEX","","hello! measuring helps us know how long, heavy, or full something is. let's explore! today we measure time using hours! we use different tools to measure. measuring time! your mission: become a measur"
"70f08f12-bde6-4902-b9b8-65b54d9faf20","Enterprise Project Review and Presentation","g2-environmental-enterprise-project-review-and-presentation","Environmental","Social environment","2.2 Enterprise projects","By the end of the lesson, the learner should be able to identify, analyse, select, plan, start and help manage an age-ap","PUBLISHED","both","10","10","suspicious","suspicious","suspicious","GENERIC: ""here is what you need to know""; GENERIC: ""take a moment to think""; GENERIC: ""are you ready""","GENERIC: ""here is what you need to know""; GENERIC: ""take a moment to think""; GENERIC: ""are you ready""","hello! i am owl. let us learn about enterprise project review and presentation together! hello, friend! today we will learn about enterprise project review and presentation. are you ready? welcome! ou"
"c5fe849e-d36b-4c28-a13c-00199694f2c7","Reviewing Pool Rules for Safety","g2-movement-reviewing-pool-rules-for-safety","Movement","Movement: Swimming","1.1 Water Safety: Signs of Drowning — 6 official lesson(s)","By the end of the lesson, the learner should be able to name items that sink and float, identify signs that someone may ","PUBLISHED","both","10","10","suspicious","suspicious","suspicious","GENERIC: ""here is what you need to know""; GENERIC: ""take a moment to think""; GENERIC: ""are you ready""","GENERIC: ""here is what you need to know""; GENERIC: ""take a moment to think""; GENERIC: ""are you ready""","hello! i am owl. let us learn about reviewing pool rules for safety together! hello, friend! today we will learn about reviewing pool rules for safety. are you ready? welcome! our mission is to explor"
"8100f021-2df1-4a31-a284-68ab3120536f","Hour Hand and Minute Hand","g2-mathematics-hour-hand-and-minute-hand","Mathematics","Measurement","2.4 Time","By the end of the lesson, the learner should be able to: identify the hour hand and minute hand","PUBLISHED","published","10","","suspicious","empty","suspicious","QC_NO_CORRECT_INDEX","","hello! measuring helps us know how long, heavy, or full something is. let's explore! today we measure time using hours! we use different tools to measure. measuring time! your mission: become a measur"
"66fe3407-8983-40f0-b1c6-8c5a0c95179b","Why Plants Need Protection","g2-environmental-why-plants-need-protection","Environmental","Care for the environment","3.1 Caring for plants — plant protection messages","By the end of the lesson, the learner should be able to recognize, create and share simple plant-protection messages tha","PUBLISHED","both","10","10","suspicious","suspicious","suspicious","GENERIC: ""here is what you need to know""; GENERIC: ""take a moment to think""; GENERIC: ""are you ready""","GENERIC: ""here is what you need to know""; GENERIC: ""take a moment to think""; GENERIC: ""are you ready""","hello! i am owl. let us learn about why plants need protection together! hello, friend! today we will learn about why plants need protection. are you ready? welcome! our mission is to explore why plan"
"b95ac1a5-4ffc-45fa-9a97-9429d32ece97","Reading Time by the Hour on an Analogue Clock","g2-mathematics-reading-time-by-the-hour-on-an-analogue-clock","Mathematics","Measurement","2.4 Time","By the end of the lesson, the learner should be able to: read and tell time by the hour","PUBLISHED","published","10","","suspicious","empty","suspicious","QC_NO_CORRECT_INDEX","","hello! measuring helps us know how long, heavy, or full something is. let's explore! today we measure time using hours! we use different tools to measure. measuring time! your mission: become a measur"
"dcfabf8e-ae1c-4f89-94d8-2516a88b5cd2","Water Safety Awareness Practice and Reflection","g2-movement-water-safety-awareness-practice-and-reflection","Movement","Movement: Swimming","1.1 Water Safety: Signs of Drowning — 6 official lesson(s)","By the end of the lesson, the learner should be able to name items that sink and float, identify signs that someone may ","PUBLISHED","both","10","10","suspicious","suspicious","suspicious","GENERIC: ""here is what you need to know""; GENERIC: ""take a moment to think""; GENERIC: ""are you ready""","GENERIC: ""here is what you need to know""; GENERIC: ""take a moment to think""; GENERIC: ""are you ready""","hello! i am owl. let us learn about water safety awareness practice and reflection together! hello, friend! today we will learn about water safety awareness practice and reflection. are you ready? wel"
"af6cafca-2aa7-4dfe-9058-f61201f5fbb5","Writing Time by the Hour","g2-mathematics-writing-time-by-the-hour","Mathematics","Measurement","2.4 Time","By the end of the lesson, the learner should be able to: write time by the hour","PUBLISHED","published","10","","suspicious","empty","suspicious","QC_NO_CORRECT_INDEX","","hello! measuring helps us know how long, heavy, or full something is. let's explore! today we measure time using hours! we use different tools to measure. measuring time! your mission: become a measur"
"3dde706c-75b1-428e-b045-9b5219b101d9","Recognising Good Plant Protection Messages","g2-environmental-recognising-good-plant-protection-messages","Environmental","Care for the environment","3.1 Caring for plants — plant protection messages","By the end of the lesson, the learner should be able to recognize, create and share simple plant-protection messages tha","PUBLISHED","both","10","10","suspicious","suspicious","suspicious","GENERIC: ""here is what you need to know""; GENERIC: ""take a moment to think""; GENERIC: ""are you ready""","GENERIC: ""here is what you need to know""; GENERIC: ""take a moment to think""; GENERIC: ""are you ready""","hello! i am owl. let us learn about recognising good plant protection messages together! hello, friend! today we will learn about recognising good plant protection messages. are you ready? welcome! ou"
"9cd62bea-e2aa-462d-817d-38056bcc7b9f","Observing Woven Items","g2-movement-observing-woven-items","Movement","Art and Craft: Weaving","10.1 Weaving on a Serrated Card Loom — 3 official lesson(s)","By the end of the lesson, the learner should be able to observe woven items, collect suitable materials, weave a two-col","PUBLISHED","both","10","10","suspicious","suspicious","suspicious","GENERIC: ""here is what you need to know""; GENERIC: ""take a moment to think""; GENERIC: ""are you ready""","GENERIC: ""here is what you need to know""; GENERIC: ""take a moment to think""; GENERIC: ""are you ready""","hello! i am owl. let us learn about observing woven items together! hello, friend! today we will learn about observing woven items. are you ready? welcome! our mission is to explore observing woven it"
"c5da1c84-83e3-4d81-a25d-c6246b7ae57a","Creating Handwritten Plant Protection Messages","g2-environmental-creating-handwritten-plant-protection-messages","Environmental","Care for the environment","3.1 Caring for plants — plant protection messages","By the end of the lesson, the learner should be able to recognize, create and share simple plant-protection messages tha","PUBLISHED","both","10","10","suspicious","suspicious","suspicious","GENERIC: ""here is what you need to know""; GENERIC: ""take a moment to think""; GENERIC: ""are you ready""","GENERIC: ""here is what you need to know""; GENERIC: ""take a moment to think""; GENERIC: ""are you ready""","hello! i am owl. let us learn about creating handwritten plant protection messages together! hello, friend! today we will learn about creating handwritten plant protection messages. are you ready? wel"
"1d0ab2af-7c42-434f-8039-544ba05a9340","Preparing Materials for Serrated Card Loom Weaving","g2-movement-preparing-materials-for-serrated-card-loom-weaving","Movement","Art and Craft: Weaving","10.1 Weaving on a Serrated Card Loom — 3 official lesson(s)","By the end of the lesson, the learner should be able to observe woven items, collect suitable materials, weave a two-col","PUBLISHED","both","10","10","suspicious","suspicious","suspicious","GENERIC: ""here is what you need to know""; GENERIC: ""take a moment to think""; GENERIC: ""are you ready""","GENERIC: ""here is what you need to know""; GENERIC: ""take a moment to think""; GENERIC: ""are you ready""","hello! i am owl. let us learn about preparing materials for serrated card loom weaving together! hello, friend! today we will learn about preparing materials for serrated card loom weaving. are you re"
"b82e24ed-8fcf-41b6-a7eb-88b8cf9c33aa","Time by the Hour in Daily Life","g2-mathematics-time-by-the-hour-in-daily-life","Mathematics","Measurement","2.4 Time","By the end of the lesson, the learner should be able to: apply time by the hour to daily activities","PUBLISHED","published","10","","suspicious","empty","suspicious","QC_NO_CORRECT_INDEX","","hello! measuring helps us know how long, heavy, or full something is. let's explore! today we measure time using hours! we use different tools to measure. measuring time! your mission: become a measur"
"48c162ae-6618-454a-a71e-956d5489d582","Weaving a Two-Coloured Table Mat on a Serrated Loom","g2-movement-weaving-a-two-coloured-table-mat-on-a-serrated-loom","Movement","Art and Craft: Weaving","10.1 Weaving on a Serrated Card Loom — 3 official lesson(s)","By the end of the lesson, the learner should be able to observe woven items, collect suitable materials, weave a two-col","PUBLISHED","both","10","10","suspicious","suspicious","suspicious","GENERIC: ""here is what you need to know""; GENERIC: ""take a moment to think""; GENERIC: ""are you ready""","GENERIC: ""here is what you need to know""; GENERIC: ""take a moment to think""; GENERIC: ""are you ready""","hello! i am owl. let us learn about weaving a two-coloured table mat on a serrated loom together! hello, friend! today we will learn about weaving a two-coloured table mat on a serrated loom. are you "
"74464a53-ff3a-49d7-8f51-811eda80f441","Creating Digital Plant Protection Messages","g2-environmental-creating-digital-plant-protection-messages","Environmental","Care for the environment","3.1 Caring for plants — plant protection messages","By the end of the lesson, the learner should be able to recognize, create and share simple plant-protection messages tha","PUBLISHED","both","10","10","suspicious","suspicious","suspicious","GENERIC: ""here is what you need to know""; GENERIC: ""take a moment to think""; GENERIC: ""are you ready""","GENERIC: ""here is what you need to know""; GENERIC: ""take a moment to think""; GENERIC: ""are you ready""","hello! i am owl. let us learn about creating digital plant protection messages together! hello, friend! today we will learn about creating digital plant protection messages. are you ready? welcome! ou"
"736c02da-89a2-479f-80bc-87fca0d45683","Time: Practice and Assessment","g2-mathematics-time-practice-and-assessment","Mathematics","Measurement","2.4 Time","By the end of the lesson, the learner should be able to: read, tell, and write time by the hour","PUBLISHED","published","10","","suspicious","empty","suspicious","QC_NO_CORRECT_INDEX","","hello! measuring helps us know how long, heavy, or full something is. let's explore! today we measure time using hours! we use different tools to measure. measuring time! your mission: become a measur"
"4d4b9cfa-b024-48ee-8aa8-dd40a6a998b8","Naming Safe Items Used in Water Rescue Awareness","g2-movement-naming-safe-items-used-in-water-rescue-awareness","Movement","Movement: Swimming","2.2 Water Safety: Rescuing a Drowning Person — 8 official lesson(s)","By the end of the lesson, the learner should be able to name safe items used in water rescue awareness, watch or observe","PUBLISHED","both","10","10","suspicious","suspicious","suspicious","GENERIC: ""here is what you need to know""; GENERIC: ""take a moment to think""; GENERIC: ""are you ready""","GENERIC: ""here is what you need to know""; GENERIC: ""take a moment to think""; GENERIC: ""are you ready""","hello! i am owl. let us learn about naming safe items used in water rescue awareness together! hello, friend! today we will learn about naming safe items used in water rescue awareness. are you ready?"
"ed2db75d-c71a-41d4-962d-a8e6ae561ed3","Identifying Kenyan Currency up to Sh.100","g2-mathematics-identifying-kenyan-currency-up-to-sh-100","Mathematics","Measurement","2.5 Money","By the end of the lesson, the learner should be able to: identify Kenyan currency coins and notes up to sh.100","PUBLISHED","published","10","","suspicious","empty","suspicious","QC_NO_CORRECT_INDEX","","hello! money is important. today we learn to identify kenyan coins and notes up to sh.100. today we learn about kenyan money — coins and notes! we use money to buy things we need. let's learn about mo"
"52659b25-bb5a-43dd-8662-5f91ca036a25","Sharing Plant Protection Messages with the School","g2-environmental-sharing-plant-protection-messages-with-the-school","Environmental","Care for the environment","3.1 Caring for plants — plant protection messages","By the end of the lesson, the learner should be able to recognize, create and share simple plant-protection messages tha","PUBLISHED","both","10","10","suspicious","suspicious","suspicious","GENERIC: ""here is what you need to know""; GENERIC: ""take a moment to think""; GENERIC: ""are you ready""","GENERIC: ""here is what you need to know""; GENERIC: ""take a moment to think""; GENERIC: ""are you ready""","hello! i am owl. let us learn about sharing plant protection messages with the school together! hello, friend! today we will learn about sharing plant protection messages with the school. are you read"
"54e6166d-3ffd-4ec7-995c-1b69a7e986e0","Watching and Discussing Water Rescue Awareness Media","g2-movement-watching-and-discussing-water-rescue-awareness-media","Movement","Movement: Swimming","2.2 Water Safety: Rescuing a Drowning Person — 8 official lesson(s)","By the end of the lesson, the learner should be able to name safe items used in water rescue awareness, watch or observe","PUBLISHED","both","10","10","suspicious","suspicious","suspicious","GENERIC: ""here is what you need to know""; GENERIC: ""take a moment to think""; GENERIC: ""are you ready""","GENERIC: ""here is what you need to know""; GENERIC: ""take a moment to think""; GENERIC: ""are you ready""","hello! i am owl. let us learn about watching and discussing water rescue awareness media together! hello, friend! today we will learn about watching and discussing water rescue awareness media. are yo"
"6e6f4c1a-c065-434f-8c72-bf5239f26a14","Animal Shelters Found at Home and School","g2-environmental-animal-shelters-found-at-home-and-school","Environmental","Care for the environment","3.2 Caring for animals — clean and secure animal shelters","By the end of the lesson, the learner should be able to identify, suggest and participate in ways of keeping animal shel","PUBLISHED","both","10","10","suspicious","suspicious","suspicious","GENERIC: ""here is what you need to know""; GENERIC: ""take a moment to think""; GENERIC: ""are you ready""","GENERIC: ""here is what you need to know""; GENERIC: ""take a moment to think""; GENERIC: ""are you ready""","hello! i am owl. let us learn about animal shelters found at home and school together! hello, friend! today we will learn about animal shelters found at home and school. are you ready? welcome! our mi"
"5e85be83-a1bd-4083-9541-001314eab7c6","Sorting Coins and Notes by Features","g2-mathematics-sorting-coins-and-notes-by-features","Mathematics","Measurement","2.5 Money","By the end of the lesson, the learner should be able to: sort coins and notes by value and features","PUBLISHED","published","10","","suspicious","empty","suspicious","QC_NO_CORRECT_INDEX","","hello! money is important. let's learn about kenyan currency together! today we learn about kenyan money — coins and notes! we use money to buy things. money matters! your mission: become a money expe"
"a4718793-43cb-4bd7-9163-34e087ed7c39","Ways to Keep an Animal Shelter Clean","g2-environmental-ways-to-keep-an-animal-shelter-clean","Environmental","Care for the environment","3.2 Caring for animals — clean and secure animal shelters","By the end of the lesson, the learner should be able to identify, suggest and participate in ways of keeping animal shel","PUBLISHED","both","10","10","suspicious","suspicious","suspicious","GENERIC: ""here is what you need to know""; GENERIC: ""take a moment to think""; GENERIC: ""are you ready""","GENERIC: ""here is what you need to know""; GENERIC: ""take a moment to think""; GENERIC: ""are you ready""","hello! i am owl. let us learn about ways to keep an animal shelter clean together! hello, friend! today we will learn about ways to keep an animal shelter clean. are you ready? welcome! our mission is"
"f1fe31b6-f08c-438f-ae22-02f7ac1e28ca","Drawing Items That Can Support Water Safety","g2-movement-drawing-items-that-can-support-water-safety","Movement","Movement: Swimming","2.2 Water Safety: Rescuing a Drowning Person — 8 official lesson(s)","By the end of the lesson, the learner should be able to name safe items used in water rescue awareness, watch or observe","PUBLISHED","both","10","10","suspicious","suspicious","suspicious","GENERIC: ""here is what you need to know""; GENERIC: ""take a moment to think""; GENERIC: ""are you ready""","GENERIC: ""here is what you need to know""; GENERIC: ""take a moment to think""; GENERIC: ""are you ready""","hello! i am owl. let us learn about drawing items that can support water safety together! hello, friend! today we will learn about drawing items that can support water safety. are you ready? welcome! "
"286af17f-a512-49d7-af6d-e5655251f4ef","Counting Money: Sh.1, Sh.5 and Sh.10","g2-mathematics-counting-money-sh-1-sh-5-and-sh-10","Mathematics","Measurement","2.5 Money","By the end of the lesson, the learner should be able to: count money using sh.1, sh.5 and sh.10","PUBLISHED","published","10","","suspicious","empty","suspicious","QC_NO_CORRECT_INDEX","","hello! money is important. let's learn about kenyan currency together! today we learn about kenyan money — coins and notes! we use money to buy things. money matters! your mission: become a money expe"
"d25395ea-fe5d-4f61-bf1d-53796dd1728f","Designing Simple Water Safety Awareness Materials","g2-movement-designing-simple-water-safety-awareness-materials","Movement","Movement: Swimming","2.2 Water Safety: Rescuing a Drowning Person — 8 official lesson(s)","By the end of the lesson, the learner should be able to name safe items used in water rescue awareness, watch or observe","PUBLISHED","both","10","10","suspicious","suspicious","suspicious","GENERIC: ""here is what you need to know""; GENERIC: ""take a moment to think""; GENERIC: ""are you ready""","GENERIC: ""here is what you need to know""; GENERIC: ""take a moment to think""; GENERIC: ""are you ready""","hello! i am owl. let us learn about designing simple water safety awareness materials together! hello, friend! today we will learn about designing simple water safety awareness materials. are you read"
"0d4996a2-185c-497f-a316-1d3b3b88f99f","Counting Money: Sh.20, Sh.40 and Sh.50","g2-mathematics-counting-money-sh-20-sh-40-and-sh-50","Mathematics","Measurement","2.5 Money","By the end of the lesson, the learner should be able to: count money using sh.20, sh.40 and sh.50 up to sh.100","PUBLISHED","published","10","","suspicious","empty","suspicious","QC_NO_CORRECT_INDEX","","hello! money is important. let's learn about kenyan currency together! today we learn about kenyan money — coins and notes! we use money to buy things. money matters! your mission: become a money expe"
"65d6639b-27a2-4c35-956c-3fb5f4817713","Participating Safely in Shelter Cleaning","g2-environmental-participating-safely-in-shelter-cleaning","Environmental","Care for the environment","3.2 Caring for animals — clean and secure animal shelters","By the end of the lesson, the learner should be able to identify, suggest and participate in ways of keeping animal shel","PUBLISHED","both","10","10","suspicious","suspicious","suspicious","GENERIC: ""here is what you need to know""; GENERIC: ""take a moment to think""; GENERIC: ""are you ready""","GENERIC: ""here is what you need to know""; GENERIC: ""take a moment to think""; GENERIC: ""are you ready""","hello! i am owl. let us learn about participating safely in shelter cleaning together! hello, friend! today we will learn about participating safely in shelter cleaning. are you ready? welcome! our mi"
"e7fe9c54-78ef-40dd-8f1c-145becf4c069","Making the Same Amount in Different Denominations","g2-mathematics-making-the-same-amount-in-different-denominations","Mathematics","Measurement","2.5 Money","By the end of the lesson, the learner should be able to: represent the same amount of money in different denominations","PUBLISHED","published","10","","suspicious","empty","suspicious","QC_NO_CORRECT_INDEX","","hello! money is important. let's learn about kenyan currency together! today we learn about kenyan money — coins and notes! we use money to buy things. money matters! your mission: become a money expe"
"53a6f97c-07f6-4fb8-9660-15b6c33669d0","Role-Playing Calling an Adult for Help","g2-movement-role-playing-calling-an-adult-for-help","Movement","Movement: Swimming","2.2 Water Safety: Rescuing a Drowning Person — 8 official lesson(s)","By the end of the lesson, the learner should be able to name safe items used in water rescue awareness, watch or observe","PUBLISHED","both","10","10","suspicious","suspicious","suspicious","GENERIC: ""here is what you need to know""; GENERIC: ""take a moment to think""; GENERIC: ""are you ready""","GENERIC: ""here is what you need to know""; GENERIC: ""take a moment to think""; GENERIC: ""are you ready""","hello! i am owl. let us learn about role-playing calling an adult for help together! hello, friend! today we will learn about role-playing calling an adult for help. are you ready? welcome! our missio"
"dacd9ec3-c9b6-4b60-bd53-774de7b82113","Ways to Make an Animal Shelter Secure","g2-environmental-ways-to-make-an-animal-shelter-secure","Environmental","Care for the environment","3.2 Caring for animals — clean and secure animal shelters","By the end of the lesson, the learner should be able to identify, suggest and participate in ways of keeping animal shel","PUBLISHED","both","10","10","suspicious","suspicious","suspicious","GENERIC: ""here is what you need to know""; GENERIC: ""take a moment to think""; GENERIC: ""are you ready""","GENERIC: ""here is what you need to know""; GENERIC: ""take a moment to think""; GENERIC: ""are you ready""","hello! i am owl. let us learn about ways to make an animal shelter secure together! hello, friend! today we will learn about ways to make an animal shelter secure. are you ready? welcome! our mission "
"b2d0cec0-1e19-44a3-afa6-735153b0f248","Discussing Caution Around Rivers, Pools and Wells","g2-movement-discussing-caution-around-rivers-pools-and-wells","Movement","Movement: Swimming","2.2 Water Safety: Rescuing a Drowning Person — 8 official lesson(s)","By the end of the lesson, the learner should be able to name safe items used in water rescue awareness, watch or observe","PUBLISHED","both","10","10","suspicious","suspicious","suspicious","GENERIC: ""here is what you need to know""; GENERIC: ""take a moment to think""; GENERIC: ""are you ready""","GENERIC: ""here is what you need to know""; GENERIC: ""take a moment to think""; GENERIC: ""are you ready""","hello! i am owl. let us learn about discussing caution around rivers, pools and wells together! hello, friend! today we will learn about discussing caution around rivers, pools and wells. are you read"
"d58def14-a976-4701-93b6-d4ace7a49976","Relating Money to Goods and Services","g2-mathematics-relating-money-to-goods-and-services","Mathematics","Measurement","2.5 Money","By the end of the lesson, the learner should be able to: relate money to goods and services up to sh.100","PUBLISHED","published","10","","suspicious","empty","suspicious","QC_NO_CORRECT_INDEX","","hello! money is important. let's learn about kenyan currency together! today we learn about kenyan money — coins and notes! we use money to buy things. money matters! your mission: become a money expe"
"701fb19f-a129-486c-970d-427a25df8f74","Animal Shelter Care Review","g2-environmental-animal-shelter-care-review","Environmental","Care for the environment","3.2 Caring for animals — clean and secure animal shelters","By the end of the lesson, the learner should be able to identify, suggest and participate in ways of keeping animal shel","PUBLISHED","both","10","10","suspicious","suspicious","suspicious","GENERIC: ""here is what you need to know""; GENERIC: ""take a moment to think""; GENERIC: ""are you ready""","GENERIC: ""here is what you need to know""; GENERIC: ""take a moment to think""; GENERIC: ""are you ready""","hello! i am owl. let us learn about animal shelter care review together! hello, friend! today we will learn about animal shelter care review. are you ready? welcome! our mission is to explore animal s"
"d1d348ad-ebb3-4924-8954-7a972f263716","Classroom Shop: Buying and Selling","g2-mathematics-classroom-shop-buying-and-selling","Mathematics","Measurement","2.5 Money","By the end of the lesson, the learner should be able to: use money in a buying and selling role play","PUBLISHED","published","10","","suspicious","empty","suspicious","QC_NO_CORRECT_INDEX","","hello! money is important. let's learn about kenyan currency together! today we learn about kenyan money — coins and notes! we use money to buy things. money matters! your mission: become a money expe"
"410c76a4-815f-428d-b507-4a7da88fb94a","Types of Waste Found in School","g2-environmental-types-of-waste-found-in-school","Environmental","Care for the environment","3.3 Managing waste — types and safety in school waste","By the end of the lesson, the learner should be able to identify types of school waste, sort waste for safe disposal, id","PUBLISHED","both","10","10","suspicious","suspicious","suspicious","GENERIC: ""here is what you need to know""; GENERIC: ""take a moment to think""; GENERIC: ""are you ready""","GENERIC: ""here is what you need to know""; GENERIC: ""take a moment to think""; GENERIC: ""are you ready""","hello! i am owl. let us learn about types of waste found in school together! hello, friend! today we will learn about types of waste found in school. are you ready? welcome! our mission is to explore "
"42b59564-f2e3-4ddc-8feb-773199fe44da","Making a Simple Water Safety Poster","g2-movement-making-a-simple-water-safety-poster","Movement","Movement: Swimming","2.2 Water Safety: Rescuing a Drowning Person — 8 official lesson(s)","By the end of the lesson, the learner should be able to name safe items used in water rescue awareness, watch or observe","PUBLISHED","both","10","10","suspicious","suspicious","suspicious","GENERIC: ""here is what you need to know""; GENERIC: ""take a moment to think""; GENERIC: ""are you ready""","GENERIC: ""here is what you need to know""; GENERIC: ""take a moment to think""; GENERIC: ""are you ready""","hello! i am owl. let us learn about making a simple water safety poster together! hello, friend! today we will learn about making a simple water safety poster. are you ready? welcome! our mission is t"
"b32fc451-763e-4680-8e33-0d8485f58885","Differentiating Needs and Wants","g2-mathematics-differentiating-needs-and-wants","Mathematics","Measurement","2.5 Money","By the end of the lesson, the learner should be able to: differentiate between needs and wants","PUBLISHED","published","10","","suspicious","empty","suspicious","QC_NO_CORRECT_INDEX","","hello! money is important. let's learn about kenyan currency together! today we learn about kenyan money — coins and notes! we use money to buy things. money matters! your mission: become a money expe"
"67f1a7de-0e0e-4d7e-b102-3804dbe0cd3c","Water Rescue Awareness Practice and Reflection","g2-movement-water-rescue-awareness-practice-and-reflection","Movement","Movement: Swimming","2.2 Water Safety: Rescuing a Drowning Person — 8 official lesson(s)","By the end of the lesson, the learner should be able to name safe items used in water rescue awareness, watch or observe","PUBLISHED","both","10","10","suspicious","suspicious","suspicious","GENERIC: ""here is what you need to know""; GENERIC: ""take a moment to think""; GENERIC: ""are you ready""","GENERIC: ""here is what you need to know""; GENERIC: ""take a moment to think""; GENERIC: ""are you ready""","hello! i am owl. let us learn about water rescue awareness practice and reflection together! hello, friend! today we will learn about water rescue awareness practice and reflection. are you ready? wel"
"e4228d79-5e15-4dd4-ad56-afd7197769d4","Sorting School Waste Safely","g2-environmental-sorting-school-waste-safely","Environmental","Care for the environment","3.3 Managing waste — types and safety in school waste","By the end of the lesson, the learner should be able to identify types of school waste, sort waste for safe disposal, id","PUBLISHED","both","10","10","suspicious","suspicious","suspicious","GENERIC: ""here is what you need to know""; GENERIC: ""take a moment to think""; GENERIC: ""are you ready""","GENERIC: ""here is what you need to know""; GENERIC: ""take a moment to think""; GENERIC: ""are you ready""","hello! i am owl. let us learn about sorting school waste safely together! hello, friend! today we will learn about sorting school waste safely. are you ready? welcome! our mission is to explore sortin"
"14627b28-6b13-4318-b0b1-47f0f1103e32","Dangers When Handling Waste","g2-environmental-dangers-when-handling-waste","Environmental","Care for the environment","3.3 Managing waste — types and safety in school waste","By the end of the lesson, the learner should be able to identify types of school waste, sort waste for safe disposal, id","PUBLISHED","both","10","10","suspicious","suspicious","suspicious","GENERIC: ""here is what you need to know""; GENERIC: ""take a moment to think""; GENERIC: ""are you ready""","GENERIC: ""here is what you need to know""; GENERIC: ""take a moment to think""; GENERIC: ""are you ready""","hello! i am owl. let us learn about dangers when handling waste together! hello, friend! today we will learn about dangers when handling waste. are you ready? welcome! our mission is to explore danger"
"914fe2a6-de8b-4bea-b1da-06965356d5e9","Observing Dowel Loom Woven Items","g2-movement-observing-dowel-loom-woven-items","Movement","Art and Craft: Weaving","10.2 Weaving on a Dowel Loom — 3 official lesson(s)","By the end of the lesson, the learner should be able to observe woven items, identify tools and materials for dowel loom","PUBLISHED","both","10","10","suspicious","suspicious","suspicious","GENERIC: ""here is what you need to know""; GENERIC: ""take a moment to think""; GENERIC: ""are you ready""","GENERIC: ""here is what you need to know""; GENERIC: ""take a moment to think""; GENERIC: ""are you ready""","hello! i am owl. let us learn about observing dowel loom woven items together! hello, friend! today we will learn about observing dowel loom woven items. are you ready? welcome! our mission is to expl"
"f1a523d2-a0fb-43d7-8db9-2896598a9c05","Choosing What to Buy with Sh.100","g2-mathematics-choosing-what-to-buy-with-sh-100","Mathematics","Measurement","2.5 Money","By the end of the lesson, the learner should be able to: make simple choices about goods, services, needs, and wants","PUBLISHED","published","10","","suspicious","empty","suspicious","QC_NO_CORRECT_INDEX","","hello! money is important. let's learn about kenyan currency together! today we learn about kenyan money — coins and notes! we use money to buy things. money matters! your mission: become a money expe"
"1f04eaee-bd6b-492d-b498-7ab8054c4632","Safety Measures When Handling Waste","g2-environmental-safety-measures-when-handling-waste","Environmental","Care for the environment","3.3 Managing waste — types and safety in school waste","By the end of the lesson, the learner should be able to identify types of school waste, sort waste for safe disposal, id","PUBLISHED","both","10","10","suspicious","suspicious","suspicious","GENERIC: ""here is what you need to know""; GENERIC: ""take a moment to think""; GENERIC: ""are you ready""","GENERIC: ""here is what you need to know""; GENERIC: ""take a moment to think""; GENERIC: ""are you ready""","hello! i am owl. let us learn about safety measures when handling waste together! hello, friend! today we will learn about safety measures when handling waste. are you ready? welcome! our mission is t"
"ea4d1646-f620-4486-be63-a3a2d8d9a7b3","Preparing Materials for Dowel Loom Weaving","g2-movement-preparing-materials-for-dowel-loom-weaving","Movement","Art and Craft: Weaving","10.2 Weaving on a Dowel Loom — 3 official lesson(s)","By the end of the lesson, the learner should be able to observe woven items, identify tools and materials for dowel loom","PUBLISHED","both","10","10","suspicious","suspicious","suspicious","GENERIC: ""here is what you need to know""; GENERIC: ""take a moment to think""; GENERIC: ""are you ready""","GENERIC: ""here is what you need to know""; GENERIC: ""take a moment to think""; GENERIC: ""are you ready""","hello! i am owl. let us learn about preparing materials for dowel loom weaving together! hello, friend! today we will learn about preparing materials for dowel loom weaving. are you ready? welcome! ou"
"e03ddcd9-227b-437d-93bb-5eafdc3a7a79","Money: Practice and Assessment","g2-mathematics-money-practice-and-assessment","Mathematics","Measurement","2.5 Money","By the end of the lesson, the learner should be able to: count, represent, and use money up to sh.100","PUBLISHED","published","10","","suspicious","empty","suspicious","QC_NO_CORRECT_INDEX","","hello! money is important. let's learn about kenyan currency together! today we learn about kenyan money — coins and notes! we use money to buy things. money matters! your mission: become a money expe"
"e01ae619-4cb4-4d46-b63d-84a005d7f405","Weaving a Two-Coloured Table Mat on a Dowel Loom","g2-movement-weaving-a-two-coloured-table-mat-on-a-dowel-loom","Movement","Art and Craft: Weaving","10.2 Weaving on a Dowel Loom — 3 official lesson(s)","By the end of the lesson, the learner should be able to observe woven items, identify tools and materials for dowel loom","PUBLISHED","both","10","10","suspicious","suspicious","suspicious","GENERIC: ""here is what you need to know""; GENERIC: ""take a moment to think""; GENERIC: ""are you ready""","GENERIC: ""here is what you need to know""; GENERIC: ""take a moment to think""; GENERIC: ""are you ready""","hello! i am owl. let us learn about weaving a two-coloured table mat on a dowel loom together! hello, friend! today we will learn about weaving a two-coloured table mat on a dowel loom. are you ready?"
"af79707c-74f4-403e-b704-06e777df3aac","Drawing Straight Lines","g2-mathematics-drawing-straight-lines","Mathematics","Geometry","3.1 Lines","By the end of the lesson, the learner should be able to: draw straight lines for application in real life","PUBLISHED","both","10","10","contaminated","contaminated","contaminated","FORBIDDEN: ""exercise""; GENERIC: ""here is what you need to know""; GENERIC: ""take a moment to think""; GENERIC: ""are you ready""","FORBIDDEN: ""exercise""; GENERIC: ""here is what you need to know""; GENERIC: ""take a moment to think""; GENERIC: ""are you ready""","hello! i am owl. let us learn about drawing straight lines together! hello, friend! today we will learn about drawing straight lines. are you ready? welcome! our mission is to explore drawing straight"
"e8c5a31d-c4a0-46f0-b689-7e32727556a4","Sharing Waste Safety Messages","g2-environmental-sharing-waste-safety-messages","Environmental","Care for the environment","3.3 Managing waste — types and safety in school waste","By the end of the lesson, the learner should be able to identify types of school waste, sort waste for safe disposal, id","PUBLISHED","both","10","10","suspicious","suspicious","suspicious","GENERIC: ""here is what you need to know""; GENERIC: ""take a moment to think""; GENERIC: ""are you ready""","GENERIC: ""here is what you need to know""; GENERIC: ""take a moment to think""; GENERIC: ""are you ready""","hello! i am owl. let us learn about sharing waste safety messages together! hello, friend! today we will learn about sharing waste safety messages. are you ready? welcome! our mission is to explore sh"
"b39d6811-51b7-4935-878f-e87f7e6a88e5","Drawing Curved Lines","g2-mathematics-drawing-curved-lines","Mathematics","Geometry","3.1 Lines","By the end of the lesson, the learner should be able to: draw curved lines for application in real life","PUBLISHED","both","10","10","contaminated","contaminated","contaminated","FORBIDDEN: ""exercise""; GENERIC: ""here is what you need to know""; GENERIC: ""take a moment to think""; GENERIC: ""are you ready""","FORBIDDEN: ""exercise""; GENERIC: ""here is what you need to know""; GENERIC: ""take a moment to think""; GENERIC: ""are you ready""","hello! i am owl. let us learn about drawing curved lines together! hello, friend! today we will learn about drawing curved lines. are you ready? welcome! our mission is to explore drawing curved lines"
"7c504b6d-17b1-4451-93d5-de9427c650dd","Exploring Ways the Body Moves in Water","g2-movement-exploring-ways-the-body-moves-in-water","Movement","Movement: Swimming","2.3 Basic Swimming Skills: Treading Water — 12 official lesson(s)","By the end of the lesson, the learner should be able to explore ways of moving in water, watch supervised demonstrations","PUBLISHED","both","10","10","suspicious","suspicious","suspicious","GENERIC: ""here is what you need to know""; GENERIC: ""take a moment to think""; GENERIC: ""are you ready""","GENERIC: ""here is what you need to know""; GENERIC: ""take a moment to think""; GENERIC: ""are you ready""","hello! i am owl. let us learn about exploring ways the body moves in water together! hello, friend! today we will learn about exploring ways the body moves in water. are you ready? welcome! our missio"
"678c1943-d29b-49be-b96e-5e9ec8e1c7b9","Safe and Unsafe Stored Water","g2-environmental-safe-and-unsafe-stored-water","Environmental","Care for the environment","3.5 Caring for water — keeping stored water safe and re-using water","By the end of the lesson, the learner should be able to explain the importance of safe stored water and suggest simple w","PUBLISHED","both","10","10","suspicious","suspicious","suspicious","GENERIC: ""here is what you need to know""; GENERIC: ""take a moment to think""; GENERIC: ""are you ready""","GENERIC: ""here is what you need to know""; GENERIC: ""take a moment to think""; GENERIC: ""are you ready""","hello! i am owl. let us learn about safe and unsafe stored water together! hello, friend! today we will learn about safe and unsafe stored water. are you ready? welcome! our mission is to explore safe"
"52614d1b-cfe6-4d0d-b2bd-1950967d8b29","Watching a Treading Water Demonstration","g2-movement-watching-a-treading-water-demonstration","Movement","Movement: Swimming","2.3 Basic Swimming Skills: Treading Water — 12 official lesson(s)","By the end of the lesson, the learner should be able to explore ways of moving in water, watch supervised demonstrations","PUBLISHED","both","10","10","suspicious","suspicious","suspicious","GENERIC: ""here is what you need to know""; GENERIC: ""take a moment to think""; GENERIC: ""are you ready""","GENERIC: ""here is what you need to know""; GENERIC: ""take a moment to think""; GENERIC: ""are you ready""","hello! i am owl. let us learn about watching a treading water demonstration together! hello, friend! today we will learn about watching a treading water demonstration. are you ready? welcome! our miss"
"25632bb5-4c45-4f20-9fb7-8a4994e41265","Why Stored Water Must Be Kept Safe","g2-environmental-why-stored-water-must-be-kept-safe","Environmental","Care for the environment","3.5 Caring for water — keeping stored water safe and re-using water","By the end of the lesson, the learner should be able to explain the importance of safe stored water and suggest simple w","PUBLISHED","both","10","10","suspicious","suspicious","suspicious","GENERIC: ""here is what you need to know""; GENERIC: ""take a moment to think""; GENERIC: ""are you ready""","GENERIC: ""here is what you need to know""; GENERIC: ""take a moment to think""; GENERIC: ""are you ready""","hello! i am owl. let us learn about why stored water must be kept safe together! hello, friend! today we will learn about why stored water must be kept safe. are you ready? welcome! our mission is to "
"0aec1d3b-7635-46fe-b4af-3a50a38dae65","Modelling Straight Lines","g2-mathematics-modelling-straight-lines","Mathematics","Geometry","3.1 Lines","By the end of the lesson, the learner should be able to: model straight lines using safe materials","PUBLISHED","both","10","10","contaminated","contaminated","contaminated","FORBIDDEN: ""exercise""; GENERIC: ""here is what you need to know""; GENERIC: ""take a moment to think""; GENERIC: ""are you ready""","FORBIDDEN: ""exercise""; GENERIC: ""here is what you need to know""; GENERIC: ""take a moment to think""; GENERIC: ""are you ready""","hello! i am owl. let us learn about modelling straight lines together! hello, friend! today we will learn about modelling straight lines. are you ready? welcome! our mission is to explore modelling st"
"10f674d4-3f62-4f9e-9008-1d1eb825595a","Modelling Curved Lines","g2-mathematics-modelling-curved-lines","Mathematics","Geometry","3.1 Lines","By the end of the lesson, the learner should be able to: model curved lines using safe materials","PUBLISHED","both","10","10","contaminated","contaminated","contaminated","FORBIDDEN: ""exercise""; GENERIC: ""here is what you need to know""; GENERIC: ""take a moment to think""; GENERIC: ""are you ready""","FORBIDDEN: ""exercise""; GENERIC: ""here is what you need to know""; GENERIC: ""take a moment to think""; GENERIC: ""are you ready""","hello! i am owl. let us learn about modelling curved lines together! hello, friend! today we will learn about modelling curved lines. are you ready? welcome! our mission is to explore modelling curved"
"f9a6dff8-7702-4272-8087-4eb384d7d930","Naming Body Parts Used for Treading Water","g2-movement-naming-body-parts-used-for-treading-water","Movement","Movement: Swimming","2.3 Basic Swimming Skills: Treading Water — 12 official lesson(s)","By the end of the lesson, the learner should be able to explore ways of moving in water, watch supervised demonstrations","PUBLISHED","both","10","10","suspicious","suspicious","suspicious","GENERIC: ""here is what you need to know""; GENERIC: ""take a moment to think""; GENERIC: ""are you ready""","GENERIC: ""here is what you need to know""; GENERIC: ""take a moment to think""; GENERIC: ""are you ready""","hello! i am owl. let us learn about naming body parts used for treading water together! hello, friend! today we will learn about naming body parts used for treading water. are you ready? welcome! our "
"e0edca65-3a71-48a9-9f79-a4b6e7b4abdd","Ways to Keep Stored Water Safe","g2-environmental-ways-to-keep-stored-water-safe","Environmental","Care for the environment","3.5 Caring for water — keeping stored water safe and re-using water","By the end of the lesson, the learner should be able to explain the importance of safe stored water and suggest simple w","PUBLISHED","both","10","10","suspicious","suspicious","suspicious","GENERIC: ""here is what you need to know""; GENERIC: ""take a moment to think""; GENERIC: ""are you ready""","GENERIC: ""here is what you need to know""; GENERIC: ""take a moment to think""; GENERIC: ""are you ready""","hello! i am owl. let us learn about ways to keep stored water safe together! hello, friend! today we will learn about ways to keep stored water safe. are you ready? welcome! our mission is to explore "
"1ec29138-2666-4431-b2c2-c51652a2ace5","Practising Treading Water with Supervision 1","g2-movement-practising-treading-water-with-supervision-1","Movement","Movement: Swimming","2.3 Basic Swimming Skills: Treading Water — 12 official lesson(s)","By the end of the lesson, the learner should be able to explore ways of moving in water, watch supervised demonstrations","PUBLISHED","both","10","10","suspicious","suspicious","suspicious","GENERIC: ""here is what you need to know""; GENERIC: ""take a moment to think""; GENERIC: ""are you ready""","GENERIC: ""here is what you need to know""; GENERIC: ""take a moment to think""; GENERIC: ""are you ready""","hello! i am owl. let us learn about practising treading water with supervision 1 together! hello, friend! today we will learn about practising treading water with supervision 1. are you ready? welcome"
"deebd9e9-f0bd-4372-abd8-273e5bf69065","How Water Can Be Re-Used at Home and School","g2-environmental-how-water-can-be-re-used-at-home-and-school","Environmental","Care for the environment","3.5 Caring for water — keeping stored water safe and re-using water","By the end of the lesson, the learner should be able to explain the importance of safe stored water and suggest simple w","PUBLISHED","both","10","10","suspicious","suspicious","suspicious","GENERIC: ""here is what you need to know""; GENERIC: ""take a moment to think""; GENERIC: ""are you ready""","GENERIC: ""here is what you need to know""; GENERIC: ""take a moment to think""; GENERIC: ""are you ready""","hello! i am owl. let us learn about how water can be re-used at home and school together! hello, friend! today we will learn about how water can be re-used at home and school. are you ready? welcome! "
"597dfffc-1983-4c17-afb9-fd7162e73fb8","Lines in the Environment: Practice and Assessment","g2-mathematics-lines-in-the-environment-practice-and-assessment","Mathematics","Geometry","3.1 Lines","By the end of the lesson, the learner should be able to: draw and model straight and curved lines","PUBLISHED","both","10","10","contaminated","contaminated","contaminated","FORBIDDEN: ""exercise""; GENERIC: ""here is what you need to know""; GENERIC: ""take a moment to think""; GENERIC: ""are you ready""","FORBIDDEN: ""exercise""; GENERIC: ""here is what you need to know""; GENERIC: ""take a moment to think""; GENERIC: ""are you ready""","hello! i am owl. let us learn about practice and assessment together! hello, friend! today we will learn about practice and assessment. are you ready? welcome! our mission is to explore practice and a"
"74475e2f-063c-4952-9dcd-0846af5695e4","Practising Treading Water with Supervision 2","g2-movement-practising-treading-water-with-supervision-2","Movement","Movement: Swimming","2.3 Basic Swimming Skills: Treading Water — 12 official lesson(s)","By the end of the lesson, the learner should be able to explore ways of moving in water, watch supervised demonstrations","PUBLISHED","both","10","10","suspicious","suspicious","suspicious","GENERIC: ""here is what you need to know""; GENERIC: ""take a moment to think""; GENERIC: ""are you ready""","GENERIC: ""here is what you need to know""; GENERIC: ""take a moment to think""; GENERIC: ""are you ready""","hello! i am owl. let us learn about practising treading water with supervision 2 together! hello, friend! today we will learn about practising treading water with supervision 2. are you ready? welcome"
"909dbb3b-8248-423d-af22-fff96b7e57ac","Reducing Water Wastage by Re-Using Water","g2-environmental-reducing-water-wastage-by-re-using-water","Environmental","Care for the environment","3.5 Caring for water — keeping stored water safe and re-using water","By the end of the lesson, the learner should be able to explain the importance of safe stored water and suggest simple w","PUBLISHED","both","10","10","suspicious","suspicious","suspicious","GENERIC: ""here is what you need to know""; GENERIC: ""take a moment to think""; GENERIC: ""are you ready""","GENERIC: ""here is what you need to know""; GENERIC: ""take a moment to think""; GENERIC: ""are you ready""","hello! i am owl. let us learn about reducing water wastage by re-using water together! hello, friend! today we will learn about reducing water wastage by re-using water. are you ready? welcome! our mi"
"15278d40-a028-40ae-91e6-b2fe6b1f647b","Identifying Rectangles, Circles, Triangles, Ovals and Squares","g2-mathematics-identifying-rectangles-circles-triangles-ovals-and-squares","Mathematics","Geometry","3.2 Shapes","By the end of the lesson, the learner should be able to: identify rectangles, circles, triangles, ovals and squares","PUBLISHED","published","10","","contaminated","empty","contaminated","FORBIDDEN: ""stretch""; QC_NO_CORRECT_INDEX","","hello! shapes are everywhere — in your classroom, your home, and outside. let's find them! today we become shape detectives! we find rectangles, circles, triangles, ovals, and squares all around us. s"
"90d22bb3-3d46-4824-bcb1-e3d26d257444","Why We Conserve Energy","g2-environmental-why-we-conserve-energy","Environmental","Care for the environment","3.5.3 Conservation of energy — energy conservation messages","By the end of the lesson, the learner should be able to recognize, create and display simple energy conservation message","PUBLISHED","both","10","10","suspicious","suspicious","suspicious","GENERIC: ""here is what you need to know""; GENERIC: ""take a moment to think""; GENERIC: ""are you ready""","GENERIC: ""here is what you need to know""; GENERIC: ""take a moment to think""; GENERIC: ""are you ready""","hello! i am owl. let us learn about why we conserve energy together! hello, friend! today we will learn about why we conserve energy. are you ready? welcome! our mission is to explore why we conserve "
"82b25960-27af-4ee1-bc42-578c5e8796d4","Treading Water and Staying Calm","g2-movement-treading-water-and-staying-calm","Movement","Movement: Swimming","2.3 Basic Swimming Skills: Treading Water — 12 official lesson(s)","By the end of the lesson, the learner should be able to explore ways of moving in water, watch supervised demonstrations","PUBLISHED","both","10","10","suspicious","suspicious","suspicious","GENERIC: ""here is what you need to know""; GENERIC: ""take a moment to think""; GENERIC: ""are you ready""","GENERIC: ""here is what you need to know""; GENERIC: ""take a moment to think""; GENERIC: ""are you ready""","hello! i am owl. let us learn about treading water and staying calm together! hello, friend! today we will learn about treading water and staying calm. are you ready? welcome! our mission is to explor"
"44ff5ced-66a0-401b-89df-47566ae901a8","Sorting and Grouping Five Shapes","g2-mathematics-sorting-and-grouping-five-shapes","Mathematics","Geometry","3.2 Shapes","By the end of the lesson, the learner should be able to: sort and group items using shape attributes","PUBLISHED","both","10","10","contaminated","contaminated","contaminated","FORBIDDEN: ""exercise""; GENERIC: ""here is what you need to know""; GENERIC: ""take a moment to think""; GENERIC: ""are you ready""","FORBIDDEN: ""exercise""; GENERIC: ""here is what you need to know""; GENERIC: ""take a moment to think""; GENERIC: ""are you ready""","hello! i am owl. let us learn about sorting and grouping five shapes together! hello, friend! today we will learn about sorting and grouping five shapes. are you ready? welcome! our mission is to expl"
"bfb7a338-3615-4c12-a265-536586c105e4","Recognising Simple Energy Conservation Messages","g2-environmental-recognising-simple-energy-conservation-messages","Environmental","Care for the environment","3.5.3 Conservation of energy — energy conservation messages","By the end of the lesson, the learner should be able to recognize, create and display simple energy conservation message","PUBLISHED","both","10","10","suspicious","suspicious","suspicious","GENERIC: ""here is what you need to know""; GENERIC: ""take a moment to think""; GENERIC: ""are you ready""","GENERIC: ""here is what you need to know""; GENERIC: ""take a moment to think""; GENERIC: ""are you ready""","hello! i am owl. let us learn about recognising simple energy conservation messages together! hello, friend! today we will learn about recognising simple energy conservation messages. are you ready? w"
"2b6cb9da-8088-46bd-8079-2c14534218f8","Treading Water in Pairs or Groups with Supervision","g2-movement-treading-water-in-pairs-or-groups-with-supervision","Movement","Movement: Swimming","2.3 Basic Swimming Skills: Treading Water — 12 official lesson(s)","By the end of the lesson, the learner should be able to explore ways of moving in water, watch supervised demonstrations","PUBLISHED","both","10","10","suspicious","suspicious","suspicious","GENERIC: ""here is what you need to know""; GENERIC: ""take a moment to think""; GENERIC: ""are you ready""","GENERIC: ""here is what you need to know""; GENERIC: ""take a moment to think""; GENERIC: ""are you ready""","hello! i am owl. let us learn about treading water in pairs or groups with supervision together! hello, friend! today we will learn about treading water in pairs or groups with supervision. are you re"
"b1612ed2-525f-4f6c-a81b-48a7d9836a7e","Lines That Make Different Shapes","g2-mathematics-lines-that-make-different-shapes","Mathematics","Geometry","3.2 Shapes","By the end of the lesson, the learner should be able to: discuss types of lines that make different shapes","PUBLISHED","both","10","10","contaminated","contaminated","contaminated","FORBIDDEN: ""exercise""; GENERIC: ""here is what you need to know""; GENERIC: ""take a moment to think""; GENERIC: ""are you ready""","FORBIDDEN: ""exercise""; GENERIC: ""here is what you need to know""; GENERIC: ""take a moment to think""; GENERIC: ""are you ready""","hello! i am owl. let us learn about lines that make different shapes together! hello, friend! today we will learn about lines that make different shapes. are you ready? welcome! our mission is to expl"
"814cf15e-80ae-4778-8c55-1f99ccb5f5ae","Making Patterns with Five Shapes","g2-mathematics-making-patterns-with-five-shapes","Mathematics","Geometry","3.2 Shapes","By the end of the lesson, the learner should be able to: make patterns involving rectangles, circles, triangles, ovals a","PUBLISHED","both","10","10","contaminated","contaminated","contaminated","FORBIDDEN: ""exercise""; GENERIC: ""here is what you need to know""; GENERIC: ""take a moment to think""; GENERIC: ""are you ready""","FORBIDDEN: ""exercise""; GENERIC: ""here is what you need to know""; GENERIC: ""take a moment to think""; GENERIC: ""are you ready""","hello! i am owl. let us learn about making patterns with five shapes together! hello, friend! today we will learn about making patterns with five shapes. are you ready? welcome! our mission is to expl"
"1831c68e-b66a-4199-9f10-9a2cdc71e8b0","Playing Simple Water Games While Treading","g2-movement-playing-simple-water-games-while-treading","Movement","Movement: Swimming","2.3 Basic Swimming Skills: Treading Water — 12 official lesson(s)","By the end of the lesson, the learner should be able to explore ways of moving in water, watch supervised demonstrations","PUBLISHED","both","10","10","suspicious","suspicious","suspicious","GENERIC: ""here is what you need to know""; GENERIC: ""take a moment to think""; GENERIC: ""are you ready""","GENERIC: ""here is what you need to know""; GENERIC: ""take a moment to think""; GENERIC: ""are you ready""","hello! i am owl. let us learn about playing simple water games while treading together! hello, friend! today we will learn about playing simple water games while treading. are you ready? welcome! our "
"de88264f-cc0d-4beb-8401-9fe9533387fa","Creating Energy Conservation Messages in Pairs","g2-environmental-creating-energy-conservation-messages-in-pairs","Environmental","Care for the environment","3.5.3 Conservation of energy — energy conservation messages","By the end of the lesson, the learner should be able to recognize, create and display simple energy conservation message","PUBLISHED","both","10","10","suspicious","suspicious","suspicious","GENERIC: ""here is what you need to know""; GENERIC: ""take a moment to think""; GENERIC: ""are you ready""","GENERIC: ""here is what you need to know""; GENERIC: ""take a moment to think""; GENERIC: ""are you ready""","hello! i am owl. let us learn about creating energy conservation messages in pairs together! hello, friend! today we will learn about creating energy conservation messages in pairs. are you ready? wel"
"19935ae8-76da-413a-91f8-bb33293e48d7","Shape Patterns: Practice and Assessment","g2-mathematics-shape-patterns-practice-and-assessment","Mathematics","Geometry","3.2 Shapes","By the end of the lesson, the learner should be able to: identify shapes and make shape patterns","PUBLISHED","both","10","10","contaminated","contaminated","contaminated","FORBIDDEN: ""exercise""; GENERIC: ""here is what you need to know""; GENERIC: ""take a moment to think""; GENERIC: ""are you ready""","FORBIDDEN: ""exercise""; GENERIC: ""here is what you need to know""; GENERIC: ""take a moment to think""; GENERIC: ""are you ready""","hello! i am owl. let us learn about practice and assessment together! hello, friend! today we will learn about practice and assessment. are you ready? welcome! our mission is to explore practice and a"
"727bea28-4ec9-4316-8639-43633b38fd88","Reviewing Pool Rules During Water Activities","g2-movement-reviewing-pool-rules-during-water-activities","Movement","Movement: Swimming","2.3 Basic Swimming Skills: Treading Water — 12 official lesson(s)","By the end of the lesson, the learner should be able to explore ways of moving in water, watch supervised demonstrations","PUBLISHED","both","10","10","suspicious","suspicious","suspicious","GENERIC: ""here is what you need to know""; GENERIC: ""take a moment to think""; GENERIC: ""are you ready""","GENERIC: ""here is what you need to know""; GENERIC: ""take a moment to think""; GENERIC: ""are you ready""","hello! i am owl. let us learn about reviewing pool rules during water activities together! hello, friend! today we will learn about reviewing pool rules during water activities. are you ready? welcome"
"3238ac7f-3568-4234-8deb-f48890f3055f","Displaying Energy Conservation Messages","g2-environmental-displaying-energy-conservation-messages","Environmental","Care for the environment","3.5.3 Conservation of energy — energy conservation messages","By the end of the lesson, the learner should be able to recognize, create and display simple energy conservation message","PUBLISHED","both","10","10","suspicious","suspicious","suspicious","GENERIC: ""here is what you need to know""; GENERIC: ""take a moment to think""; GENERIC: ""are you ready""","GENERIC: ""here is what you need to know""; GENERIC: ""take a moment to think""; GENERIC: ""are you ready""","hello! i am owl. let us learn about displaying energy conservation messages together! hello, friend! today we will learn about displaying energy conservation messages. are you ready? welcome! our miss"
"c583c457-f142-4573-9319-2225a4c4ac99","Reading Energy Conservation Messages Aloud","g2-environmental-reading-energy-conservation-messages-aloud","Environmental","Care for the environment","3.5.3 Conservation of energy — energy conservation messages","By the end of the lesson, the learner should be able to recognize, create and display simple energy conservation message","PUBLISHED","both","10","10","suspicious","suspicious","suspicious","GENERIC: ""here is what you need to know""; GENERIC: ""take a moment to think""; GENERIC: ""are you ready""","GENERIC: ""here is what you need to know""; GENERIC: ""take a moment to think""; GENERIC: ""are you ready""","hello! i am owl. let us learn about reading energy conservation messages aloud together! hello, friend! today we will learn about reading energy conservation messages aloud. are you ready? welcome! ou"
"d9023ad3-0e6d-41ed-b8d0-cd78bdb5f901","Treading Water for Endurance and Confidence","g2-movement-treading-water-for-endurance-and-confidence","Movement","Movement: Swimming","2.3 Basic Swimming Skills: Treading Water — 12 official lesson(s)","By the end of the lesson, the learner should be able to explore ways of moving in water, watch supervised demonstrations","PUBLISHED","both","10","10","suspicious","suspicious","suspicious","GENERIC: ""here is what you need to know""; GENERIC: ""take a moment to think""; GENERIC: ""are you ready""","GENERIC: ""here is what you need to know""; GENERIC: ""take a moment to think""; GENERIC: ""are you ready""","hello! i am owl. let us learn about treading water for endurance and confidence together! hello, friend! today we will learn about treading water for endurance and confidence. are you ready? welcome! "
"ea7e2edb-951f-4850-9c4c-5b6f33858e30","Treading Water Safety Check","g2-movement-treading-water-safety-check","Movement","Movement: Swimming","2.3 Basic Swimming Skills: Treading Water — 12 official lesson(s)","By the end of the lesson, the learner should be able to explore ways of moving in water, watch supervised demonstrations","PUBLISHED","both","10","10","suspicious","suspicious","suspicious","GENERIC: ""here is what you need to know""; GENERIC: ""take a moment to think""; GENERIC: ""are you ready""","GENERIC: ""here is what you need to know""; GENERIC: ""take a moment to think""; GENERIC: ""are you ready""","hello! i am owl. let us learn about treading water safety check together! hello, friend! today we will learn about treading water safety check. are you ready? welcome! our mission is to explore treadi"
"5dd17d09-d7b1-4704-8446-817cfa4bba4b","Treading Water Practice and Reflection","g2-movement-treading-water-practice-and-reflection","Movement","Movement: Swimming","2.3 Basic Swimming Skills: Treading Water — 12 official lesson(s)","By the end of the lesson, the learner should be able to explore ways of moving in water, watch supervised demonstrations","PUBLISHED","both","10","10","suspicious","suspicious","suspicious","GENERIC: ""here is what you need to know""; GENERIC: ""take a moment to think""; GENERIC: ""are you ready""","GENERIC: ""here is what you need to know""; GENERIC: ""take a moment to think""; GENERIC: ""are you ready""","hello! i am owl. let us learn about treading water practice and reflection together! hello, friend! today we will learn about treading water practice and reflection. are you ready? welcome! our missio"
"42fa03e2-8b71-4af9-bc5a-9020c3b4c09a","Observing Paper Curling Decorations","g2-movement-observing-paper-curling-decorations","Movement","Art and Craft: Paper Craft","11.1 Curling — 2 official lesson(s)","By the end of the lesson, the learner should be able to observe paper decorations made using curling, identify tools and","PUBLISHED","both","10","10","suspicious","suspicious","suspicious","GENERIC: ""here is what you need to know""; GENERIC: ""take a moment to think""; GENERIC: ""are you ready""","GENERIC: ""here is what you need to know""; GENERIC: ""take a moment to think""; GENERIC: ""are you ready""","hello! i am owl. let us learn about observing paper curling decorations together! hello, friend! today we will learn about observing paper curling decorations. are you ready? welcome! our mission is t"
"97cac0e1-f8cb-449e-95ec-8ad5588ca8be","Making a Two-Colour Paper Decoration by Curling","g2-movement-making-a-two-colour-paper-decoration-by-curling","Movement","Art and Craft: Paper Craft","11.1 Curling — 2 official lesson(s)","By the end of the lesson, the learner should be able to observe paper decorations made using curling, identify tools and","PUBLISHED","both","10","10","suspicious","suspicious","suspicious","GENERIC: ""here is what you need to know""; GENERIC: ""take a moment to think""; GENERIC: ""are you ready""","GENERIC: ""here is what you need to know""; GENERIC: ""take a moment to think""; GENERIC: ""are you ready""","hello! i am owl. let us learn about making a two-colour paper decoration by curling together! hello, friend! today we will learn about making a two-colour paper decoration by curling. are you ready? w"
"b1e92b78-59ef-4243-b831-fc0f98baf9a8","Observing Cut Paper Decorations","g2-movement-observing-cut-paper-decorations","Movement","Art and Craft: Paper Craft","11.2 Cutting Technique — 2 official lesson(s)","By the end of the lesson, the learner should be able to observe cut paper decorations, identify tools and materials, mak","PUBLISHED","both","10","10","suspicious","suspicious","suspicious","GENERIC: ""here is what you need to know""; GENERIC: ""take a moment to think""; GENERIC: ""are you ready""","GENERIC: ""here is what you need to know""; GENERIC: ""take a moment to think""; GENERIC: ""are you ready""","hello! i am owl. let us learn about observing cut paper decorations together! hello, friend! today we will learn about observing cut paper decorations. are you ready? welcome! our mission is to explor"
"e3e31e1d-8739-4572-be41-0322a3ddfecb","Making a Two-Colour Paper Decoration by Cutting","g2-movement-making-a-two-colour-paper-decoration-by-cutting","Movement","Art and Craft: Paper Craft","11.2 Cutting Technique — 2 official lesson(s)","By the end of the lesson, the learner should be able to observe cut paper decorations, identify tools and materials, mak","PUBLISHED","both","10","10","suspicious","suspicious","suspicious","GENERIC: ""here is what you need to know""; GENERIC: ""take a moment to think""; GENERIC: ""are you ready""","GENERIC: ""here is what you need to know""; GENERIC: ""take a moment to think""; GENERIC: ""are you ready""","hello! i am owl. let us learn about making a two-colour paper decoration by cutting together! hello, friend! today we will learn about making a two-colour paper decoration by cutting. are you ready? w"
"934faa6c-8a23-4003-9b0e-f4f15efa6270","Observing Pleated Paper Decorations","g2-movement-observing-pleated-paper-decorations","Movement","Art and Craft: Paper Craft","11.3 Pleating — 2 official lesson(s)","By the end of the lesson, the learner should be able to observe pleated paper decorations, identify tools and materials,","PUBLISHED","both","10","10","suspicious","suspicious","suspicious","GENERIC: ""here is what you need to know""; GENERIC: ""take a moment to think""; GENERIC: ""are you ready""","GENERIC: ""here is what you need to know""; GENERIC: ""take a moment to think""; GENERIC: ""are you ready""","hello! i am owl. let us learn about observing pleated paper decorations together! hello, friend! today we will learn about observing pleated paper decorations. are you ready? welcome! our mission is t"
"10a328d9-213f-4c22-8ae2-7f42d3f02345","Making a Two-Colour Paper Decoration by Pleating","g2-movement-making-a-two-colour-paper-decoration-by-pleating","Movement","Art and Craft: Paper Craft","11.3 Pleating — 2 official lesson(s)","By the end of the lesson, the learner should be able to observe pleated paper decorations, identify tools and materials,","PUBLISHED","both","10","10","suspicious","suspicious","suspicious","GENERIC: ""here is what you need to know""; GENERIC: ""take a moment to think""; GENERIC: ""are you ready""","GENERIC: ""here is what you need to know""; GENERIC: ""take a moment to think""; GENERIC: ""are you ready""","hello! i am owl. let us learn about making a two-colour paper decoration by pleating together! hello, friend! today we will learn about making a two-colour paper decoration by pleating. are you ready?"
"f608bcdf-4a30-4907-8860-a9ea9f3e0015","Identifying Different Types of Songs","g2-movement-identifying-different-types-of-songs","Movement","Music: Performing","1.1 Songs — 7 official lesson(s)","By the end of the lesson, the learner should be able to identify different types of songs, sing age-appropriate songs in","PUBLISHED","both","10","10","suspicious","suspicious","suspicious","GENERIC: ""here is what you need to know""; GENERIC: ""take a moment to think""; GENERIC: ""are you ready""","GENERIC: ""here is what you need to know""; GENERIC: ""take a moment to think""; GENERIC: ""are you ready""","hello! i am owl. let us learn about identifying different types of songs together! hello, friend! today we will learn about identifying different types of songs. are you ready? welcome! our mission is"
"5736fcfb-92f0-428c-ae9d-4646728dfa7b","Singing Age-Appropriate Songs in Unison","g2-movement-singing-age-appropriate-songs-in-unison","Movement","Music: Performing","1.1 Songs — 7 official lesson(s)","By the end of the lesson, the learner should be able to identify different types of songs, sing age-appropriate songs in","PUBLISHED","both","10","10","suspicious","suspicious","suspicious","GENERIC: ""here is what you need to know""; GENERIC: ""take a moment to think""; GENERIC: ""are you ready""","GENERIC: ""here is what you need to know""; GENERIC: ""take a moment to think""; GENERIC: ""are you ready""","hello! i am owl. let us learn about singing age-appropriate songs in unison together! hello, friend! today we will learn about singing age-appropriate songs in unison. are you ready? welcome! our miss"
"9eddbd80-b67d-4178-aee3-775eb7618c2f","Singing Kenyan Folk and Action Songs","g2-movement-singing-kenyan-folk-and-action-songs","Movement","Music: Performing","1.1 Songs — 7 official lesson(s)","By the end of the lesson, the learner should be able to identify different types of songs, sing age-appropriate songs in","PUBLISHED","both","10","10","suspicious","suspicious","suspicious","GENERIC: ""here is what you need to know""; GENERIC: ""take a moment to think""; GENERIC: ""are you ready""","GENERIC: ""here is what you need to know""; GENERIC: ""take a moment to think""; GENERIC: ""are you ready""","hello! i am owl. let us learn about singing kenyan folk and action songs together! hello, friend! today we will learn about singing kenyan folk and action songs. are you ready? welcome! our mission is"
"c01f2252-c2ac-4f65-897a-84ef4265dc23","Singing Two-Part Rounds","g2-movement-singing-two-part-rounds","Movement","Music: Performing","1.1 Songs — 7 official lesson(s)","By the end of the lesson, the learner should be able to identify different types of songs, sing age-appropriate songs in","PUBLISHED","both","10","10","suspicious","suspicious","suspicious","GENERIC: ""here is what you need to know""; GENERIC: ""take a moment to think""; GENERIC: ""are you ready""","GENERIC: ""here is what you need to know""; GENERIC: ""take a moment to think""; GENERIC: ""are you ready""","hello! i am owl. let us learn about singing two-part rounds together! hello, friend! today we will learn about singing two-part rounds. are you ready? welcome! our mission is to explore singing two-pa"
"a9836448-1402-4c62-967b-51aff953dcfc","National Anthem Etiquette","g2-movement-national-anthem-etiquette","Movement","Music: Performing","1.1 Songs — 7 official lesson(s)","By the end of the lesson, the learner should be able to identify different types of songs, sing age-appropriate songs in","PUBLISHED","both","10","10","suspicious","suspicious","suspicious","GENERIC: ""here is what you need to know""; GENERIC: ""take a moment to think""; GENERIC: ""are you ready""","GENERIC: ""here is what you need to know""; GENERIC: ""take a moment to think""; GENERIC: ""are you ready""","hello! i am owl. let us learn about national anthem etiquette together! hello, friend! today we will learn about national anthem etiquette. are you ready? welcome! our mission is to explore national a"
"bfcf0e6d-5160-4afe-b30b-92eef3fb4fbf","Singing Verses 1 and 2 of the Kenya National Anthem","g2-movement-singing-verses-1-and-2-of-the-kenya-national-anthem","Movement","Music: Performing","1.1 Songs — 7 official lesson(s)","By the end of the lesson, the learner should be able to identify different types of songs, sing age-appropriate songs in","PUBLISHED","both","10","10","suspicious","suspicious","suspicious","GENERIC: ""here is what you need to know""; GENERIC: ""take a moment to think""; GENERIC: ""are you ready""","GENERIC: ""here is what you need to know""; GENERIC: ""take a moment to think""; GENERIC: ""are you ready""","hello! i am owl. let us learn about singing verses 1 and 2 of the kenya national anthem together! hello, friend! today we will learn about singing verses 1 and 2 of the kenya national anthem. are you "
"9b2b4cbf-4b56-425f-b462-89df55e9110c","Performing Songs with Movement","g2-movement-performing-songs-with-movement","Movement","Music: Performing","1.1 Songs — 7 official lesson(s)","By the end of the lesson, the learner should be able to identify different types of songs, sing age-appropriate songs in","PUBLISHED","both","10","10","suspicious","suspicious","suspicious","GENERIC: ""here is what you need to know""; GENERIC: ""take a moment to think""; GENERIC: ""are you ready""","GENERIC: ""here is what you need to know""; GENERIC: ""take a moment to think""; GENERIC: ""are you ready""","hello! i am owl. let us learn about performing songs with movement together! hello, friend! today we will learn about performing songs with movement. are you ready? welcome! our mission is to explore "
"5f85c2e6-7b3c-4fec-a9ea-d06e6d37791e","Naming Objects That Float in Water","g2-movement-naming-objects-that-float-in-water","Movement","Movement: Swimming","2.3 Basic Swimming Skills: Horizontal Float (Back Float) — 12 official lesson(s)","By the end of the lesson, the learner should be able to name objects that float, observe horizontal float demonstrations","PUBLISHED","both","10","10","suspicious","suspicious","suspicious","GENERIC: ""here is what you need to know""; GENERIC: ""take a moment to think""; GENERIC: ""are you ready""","GENERIC: ""here is what you need to know""; GENERIC: ""take a moment to think""; GENERIC: ""are you ready""","hello! i am owl. let us learn about naming objects that float in water together! hello, friend! today we will learn about naming objects that float in water. are you ready? welcome! our mission is to "
"2afb57ff-a5cb-4799-a235-6a9e13614642","Watching a Horizontal Float Demonstration","g2-movement-watching-a-horizontal-float-demonstration","Movement","Movement: Swimming","2.3 Basic Swimming Skills: Horizontal Float (Back Float) — 12 official lesson(s)","By the end of the lesson, the learner should be able to name objects that float, observe horizontal float demonstrations","PUBLISHED","both","10","10","suspicious","suspicious","suspicious","GENERIC: ""here is what you need to know""; GENERIC: ""take a moment to think""; GENERIC: ""are you ready""","GENERIC: ""here is what you need to know""; GENERIC: ""take a moment to think""; GENERIC: ""are you ready""","hello! i am owl. let us learn about watching a horizontal float demonstration together! hello, friend! today we will learn about watching a horizontal float demonstration. are you ready? welcome! our "
"b3cc8912-7e1c-4ba9-a666-f6fead0af486","Discussing Why Floating Is Important","g2-movement-discussing-why-floating-is-important","Movement","Movement: Swimming","2.3 Basic Swimming Skills: Horizontal Float (Back Float) — 12 official lesson(s)","By the end of the lesson, the learner should be able to name objects that float, observe horizontal float demonstrations","PUBLISHED","both","10","10","suspicious","suspicious","suspicious","GENERIC: ""here is what you need to know""; GENERIC: ""take a moment to think""; GENERIC: ""are you ready""","GENERIC: ""here is what you need to know""; GENERIC: ""take a moment to think""; GENERIC: ""are you ready""","hello! i am owl. let us learn about discussing why floating is important together! hello, friend! today we will learn about discussing why floating is important. are you ready? welcome! our mission is"
"04f3683f-983f-4714-9ffb-a8277d3f1e02","Practising Body Position for Back Float Safely","g2-movement-practising-body-position-for-back-float-safely","Movement","Movement: Swimming","2.3 Basic Swimming Skills: Horizontal Float (Back Float) — 12 official lesson(s)","By the end of the lesson, the learner should be able to name objects that float, observe horizontal float demonstrations","PUBLISHED","both","10","10","suspicious","suspicious","suspicious","GENERIC: ""here is what you need to know""; GENERIC: ""take a moment to think""; GENERIC: ""are you ready""","GENERIC: ""here is what you need to know""; GENERIC: ""take a moment to think""; GENERIC: ""are you ready""","hello! i am owl. let us learn about practising body position for back float safely together! hello, friend! today we will learn about practising body position for back float safely. are you ready? wel"
"d1294f08-a171-427a-962d-8a40cd6f5609","Practising Horizontal Float with Supervision 1","g2-movement-practising-horizontal-float-with-supervision-1","Movement","Movement: Swimming","2.3 Basic Swimming Skills: Horizontal Float (Back Float) — 12 official lesson(s)","By the end of the lesson, the learner should be able to name objects that float, observe horizontal float demonstrations","PUBLISHED","both","10","10","suspicious","suspicious","suspicious","GENERIC: ""here is what you need to know""; GENERIC: ""take a moment to think""; GENERIC: ""are you ready""","GENERIC: ""here is what you need to know""; GENERIC: ""take a moment to think""; GENERIC: ""are you ready""","hello! i am owl. let us learn about practising horizontal float with supervision 1 together! hello, friend! today we will learn about practising horizontal float with supervision 1. are you ready? wel"
"6d51d590-975e-466b-86e8-393c87e3d43b","Practising Horizontal Float with Supervision 2","g2-movement-practising-horizontal-float-with-supervision-2","Movement","Movement: Swimming","2.3 Basic Swimming Skills: Horizontal Float (Back Float) — 12 official lesson(s)","By the end of the lesson, the learner should be able to name objects that float, observe horizontal float demonstrations","PUBLISHED","both","10","10","suspicious","suspicious","suspicious","GENERIC: ""here is what you need to know""; GENERIC: ""take a moment to think""; GENERIC: ""are you ready""","GENERIC: ""here is what you need to know""; GENERIC: ""take a moment to think""; GENERIC: ""are you ready""","hello! i am owl. let us learn about practising horizontal float with supervision 2 together! hello, friend! today we will learn about practising horizontal float with supervision 2. are you ready? wel"
"5539c0ff-c49f-41a0-8599-9f469d4c5257","Floating Calmly and Safely","g2-movement-floating-calmly-and-safely","Movement","Movement: Swimming","2.3 Basic Swimming Skills: Horizontal Float (Back Float) — 12 official lesson(s)","By the end of the lesson, the learner should be able to name objects that float, observe horizontal float demonstrations","PUBLISHED","both","10","10","suspicious","suspicious","suspicious","GENERIC: ""here is what you need to know""; GENERIC: ""take a moment to think""; GENERIC: ""are you ready""","GENERIC: ""here is what you need to know""; GENERIC: ""take a moment to think""; GENERIC: ""are you ready""","hello! i am owl. let us learn about floating calmly and safely together! hello, friend! today we will learn about floating calmly and safely. are you ready? welcome! our mission is to explore floating"
"91ffb6f3-172a-4dbc-a244-8911f8a1f02b","Horizontal Float in Pairs or Groups with Supervision","g2-movement-horizontal-float-in-pairs-or-groups-with-supervision","Movement","Movement: Swimming","2.3 Basic Swimming Skills: Horizontal Float (Back Float) — 12 official lesson(s)","By the end of the lesson, the learner should be able to name objects that float, observe horizontal float demonstrations","PUBLISHED","both","10","10","suspicious","suspicious","suspicious","GENERIC: ""here is what you need to know""; GENERIC: ""take a moment to think""; GENERIC: ""are you ready""","GENERIC: ""here is what you need to know""; GENERIC: ""take a moment to think""; GENERIC: ""are you ready""","hello! i am owl. let us learn about horizontal float in pairs or groups with supervision together! hello, friend! today we will learn about horizontal float in pairs or groups with supervision. are yo"
"24eaae8e-5514-4fa7-a1a0-24c247217bd6","Simple Water Games Using Floating Skills","g2-movement-simple-water-games-using-floating-skills","Movement","Movement: Swimming","2.3 Basic Swimming Skills: Horizontal Float (Back Float) — 12 official lesson(s)","By the end of the lesson, the learner should be able to name objects that float, observe horizontal float demonstrations","PUBLISHED","both","10","10","suspicious","suspicious","suspicious","GENERIC: ""here is what you need to know""; GENERIC: ""take a moment to think""; GENERIC: ""are you ready""","GENERIC: ""here is what you need to know""; GENERIC: ""take a moment to think""; GENERIC: ""are you ready""","hello! i am owl. let us learn about simple water games using floating skills together! hello, friend! today we will learn about simple water games using floating skills. are you ready? welcome! our mi"
"a0f061cc-2641-4889-b9f7-8fac272f8f6f","Reviewing Pool Rules During Floating Activities","g2-movement-reviewing-pool-rules-during-floating-activities","Movement","Movement: Swimming","2.3 Basic Swimming Skills: Horizontal Float (Back Float) — 12 official lesson(s)","By the end of the lesson, the learner should be able to name objects that float, observe horizontal float demonstrations","PUBLISHED","both","10","10","suspicious","suspicious","suspicious","GENERIC: ""here is what you need to know""; GENERIC: ""take a moment to think""; GENERIC: ""are you ready""","GENERIC: ""here is what you need to know""; GENERIC: ""take a moment to think""; GENERIC: ""are you ready""","hello! i am owl. let us learn about reviewing pool rules during floating activities together! hello, friend! today we will learn about reviewing pool rules during floating activities. are you ready? w"
"54b7c866-cd75-41fd-861a-c0e3d1078b1e","Horizontal Float Safety Check","g2-movement-horizontal-float-safety-check","Movement","Movement: Swimming","2.3 Basic Swimming Skills: Horizontal Float (Back Float) — 12 official lesson(s)","By the end of the lesson, the learner should be able to name objects that float, observe horizontal float demonstrations","PUBLISHED","both","10","10","suspicious","suspicious","suspicious","GENERIC: ""here is what you need to know""; GENERIC: ""take a moment to think""; GENERIC: ""are you ready""","GENERIC: ""here is what you need to know""; GENERIC: ""take a moment to think""; GENERIC: ""are you ready""","hello! i am owl. let us learn about horizontal float safety check together! hello, friend! today we will learn about horizontal float safety check. are you ready? welcome! our mission is to explore ho"
"bbf530a9-ed62-464f-9ff1-f0987746ddfa","Horizontal Float Practice and Reflection","g2-movement-horizontal-float-practice-and-reflection","Movement","Movement: Swimming","2.3 Basic Swimming Skills: Horizontal Float (Back Float) — 12 official lesson(s)","By the end of the lesson, the learner should be able to name objects that float, observe horizontal float demonstrations","PUBLISHED","both","10","10","suspicious","suspicious","suspicious","GENERIC: ""here is what you need to know""; GENERIC: ""take a moment to think""; GENERIC: ""are you ready""","GENERIC: ""here is what you need to know""; GENERIC: ""take a moment to think""; GENERIC: ""are you ready""","hello! i am owl. let us learn about horizontal float practice and reflection together! hello, friend! today we will learn about horizontal float practice and reflection. are you ready? welcome! our mi"
"8712d244-1278-49b4-9dd5-863b78b0ab96","Singing Games We Play","g2-movement-singing-games-we-play","Movement","Music: Performing","1.2 Singing Games — 5 official lesson(s)","By the end of the lesson, the learner should be able to perform singing games from diverse cultures using singing, movem","PUBLISHED","both","10","10","suspicious","suspicious","suspicious","GENERIC: ""here is what you need to know""; GENERIC: ""take a moment to think""; GENERIC: ""are you ready""","GENERIC: ""here is what you need to know""; GENERIC: ""take a moment to think""; GENERIC: ""are you ready""","hello! i am owl. let us learn about singing games we play together! hello, friend! today we will learn about singing games we play. are you ready? welcome! our mission is to explore singing games we p"
"ddf6b3b3-a237-48ba-a044-9df827e4db43","Watching and Listening to Singing Games","g2-movement-watching-and-listening-to-singing-games","Movement","Music: Performing","1.2 Singing Games — 5 official lesson(s)","By the end of the lesson, the learner should be able to perform singing games from diverse cultures using singing, movem","PUBLISHED","both","10","10","suspicious","suspicious","suspicious","GENERIC: ""here is what you need to know""; GENERIC: ""take a moment to think""; GENERIC: ""are you ready""","GENERIC: ""here is what you need to know""; GENERIC: ""take a moment to think""; GENERIC: ""are you ready""","hello! i am owl. let us learn about watching and listening to singing games together! hello, friend! today we will learn about watching and listening to singing games. are you ready? welcome! our miss"
"0f7b29fc-542c-4697-b092-966c62de5f5b","Using Props and Costumes in Singing Games","g2-movement-using-props-and-costumes-in-singing-games","Movement","Music: Performing","1.2 Singing Games — 5 official lesson(s)","By the end of the lesson, the learner should be able to perform singing games from diverse cultures using singing, movem","PUBLISHED","both","10","10","suspicious","suspicious","suspicious","GENERIC: ""here is what you need to know""; GENERIC: ""take a moment to think""; GENERIC: ""are you ready""","GENERIC: ""here is what you need to know""; GENERIC: ""take a moment to think""; GENERIC: ""are you ready""","hello! i am owl. let us learn about using props and costumes in singing games together! hello, friend! today we will learn about using props and costumes in singing games. are you ready? welcome! our "
"02c8a746-2273-48a9-bf67-12d1d0eb0209","Performing Singing Games in Groups","g2-movement-performing-singing-games-in-groups","Movement","Music: Performing","1.2 Singing Games — 5 official lesson(s)","By the end of the lesson, the learner should be able to perform singing games from diverse cultures using singing, movem","PUBLISHED","both","10","10","suspicious","suspicious","suspicious","GENERIC: ""here is what you need to know""; GENERIC: ""take a moment to think""; GENERIC: ""are you ready""","GENERIC: ""here is what you need to know""; GENERIC: ""take a moment to think""; GENERIC: ""are you ready""","hello! i am owl. let us learn about performing singing games in groups together! hello, friend! today we will learn about performing singing games in groups. are you ready? welcome! our mission is to "
"af5cfd69-1476-4806-aef0-b221e1e7563b","Singing Games Review and Reflection","g2-movement-singing-games-review-and-reflection","Movement","Music: Performing","1.2 Singing Games — 5 official lesson(s)","By the end of the lesson, the learner should be able to perform singing games from diverse cultures using singing, movem","PUBLISHED","both","10","10","suspicious","suspicious","suspicious","GENERIC: ""here is what you need to know""; GENERIC: ""take a moment to think""; GENERIC: ""are you ready""","GENERIC: ""here is what you need to know""; GENERIC: ""take a moment to think""; GENERIC: ""are you ready""","hello! i am owl. let us learn about singing games review and reflection together! hello, friend! today we will learn about singing games review and reflection. are you ready? welcome! our mission is t"
"b53dc055-5c2f-4aaf-82a5-20a7343445df","Naming Animals That Live in Water","g2-movement-naming-animals-that-live-in-water","Movement","Movement: Swimming","2.4 Basic Swimming Skills: Gliding — 6 official lesson(s)","By the end of the lesson, the learner should be able to name animals that live in water, observe gliding demonstrations,","PUBLISHED","both","10","10","suspicious","suspicious","suspicious","GENERIC: ""here is what you need to know""; GENERIC: ""take a moment to think""; GENERIC: ""are you ready""","GENERIC: ""here is what you need to know""; GENERIC: ""take a moment to think""; GENERIC: ""are you ready""","hello! i am owl. let us learn about naming animals that live in water together! hello, friend! today we will learn about naming animals that live in water. are you ready? welcome! our mission is to ex"
"5e886be0-3693-4504-afc7-9525e9f16b09","Watching a Gliding Demonstration","g2-movement-watching-a-gliding-demonstration","Movement","Movement: Swimming","2.4 Basic Swimming Skills: Gliding — 6 official lesson(s)","By the end of the lesson, the learner should be able to name animals that live in water, observe gliding demonstrations,","PUBLISHED","both","10","10","suspicious","suspicious","suspicious","GENERIC: ""here is what you need to know""; GENERIC: ""take a moment to think""; GENERIC: ""are you ready""","GENERIC: ""here is what you need to know""; GENERIC: ""take a moment to think""; GENERIC: ""are you ready""","hello! i am owl. let us learn about watching a gliding demonstration together! hello, friend! today we will learn about watching a gliding demonstration. are you ready? welcome! our mission is to expl"
"43a02cf2-7779-4e87-bd1b-17edc95a8ed4","Practising Body Position for Gliding Safely","g2-movement-practising-body-position-for-gliding-safely","Movement","Movement: Swimming","2.4 Basic Swimming Skills: Gliding — 6 official lesson(s)","By the end of the lesson, the learner should be able to name animals that live in water, observe gliding demonstrations,","PUBLISHED","both","10","10","suspicious","suspicious","suspicious","GENERIC: ""here is what you need to know""; GENERIC: ""take a moment to think""; GENERIC: ""are you ready""","GENERIC: ""here is what you need to know""; GENERIC: ""take a moment to think""; GENERIC: ""are you ready""","hello! i am owl. let us learn about practising body position for gliding safely together! hello, friend! today we will learn about practising body position for gliding safely. are you ready? welcome! "
"a97c23e8-7841-4c80-a849-d528b510f2c8","Practising Gliding with Supervision","g2-movement-practising-gliding-with-supervision","Movement","Movement: Swimming","2.4 Basic Swimming Skills: Gliding — 6 official lesson(s)","By the end of the lesson, the learner should be able to name animals that live in water, observe gliding demonstrations,","PUBLISHED","both","10","10","suspicious","suspicious","suspicious","GENERIC: ""here is what you need to know""; GENERIC: ""take a moment to think""; GENERIC: ""are you ready""","GENERIC: ""here is what you need to know""; GENERIC: ""take a moment to think""; GENERIC: ""are you ready""","hello! i am owl. let us learn about practising gliding with supervision together! hello, friend! today we will learn about practising gliding with supervision. are you ready? welcome! our mission is t"
"c46d1c62-ec34-4cd6-a3ca-861aa096c369","Playing Simple Water Games While Gliding","g2-movement-playing-simple-water-games-while-gliding","Movement","Movement: Swimming","2.4 Basic Swimming Skills: Gliding — 6 official lesson(s)","By the end of the lesson, the learner should be able to name animals that live in water, observe gliding demonstrations,","PUBLISHED","both","10","10","suspicious","suspicious","suspicious","GENERIC: ""here is what you need to know""; GENERIC: ""take a moment to think""; GENERIC: ""are you ready""","GENERIC: ""here is what you need to know""; GENERIC: ""take a moment to think""; GENERIC: ""are you ready""","hello! i am owl. let us learn about playing simple water games while gliding together! hello, friend! today we will learn about playing simple water games while gliding. are you ready? welcome! our mi"
"d25959a1-4785-42fa-9cdf-623ccf50b9c4","Gliding Practice and Reflection","g2-movement-gliding-practice-and-reflection","Movement","Movement: Swimming","2.4 Basic Swimming Skills: Gliding — 6 official lesson(s)","By the end of the lesson, the learner should be able to name animals that live in water, observe gliding demonstrations,","PUBLISHED","both","10","10","suspicious","suspicious","suspicious","GENERIC: ""here is what you need to know""; GENERIC: ""take a moment to think""; GENERIC: ""are you ready""","GENERIC: ""here is what you need to know""; GENERIC: ""take a moment to think""; GENERIC: ""are you ready""","hello! i am owl. let us learn about gliding practice and reflection together! hello, friend! today we will learn about gliding practice and reflection. are you ready? welcome! our mission is to explor"
"69c5cd26-edd2-4fb5-9f50-ac599d7da314","Naming Body Parts Used in Back to Back Balance","g2-movement-naming-body-parts-used-in-back-to-back-balance","Movement","Movement: Gymnastics","3.1 Static Balance: Back to Back Balance — 3 official lesson(s)","By the end of the lesson, the learner should be able to name body parts involved in back-to-back balance, perform and pr","PUBLISHED","both","10","10","suspicious","suspicious","suspicious","GENERIC: ""here is what you need to know""; GENERIC: ""take a moment to think""; GENERIC: ""are you ready""","GENERIC: ""here is what you need to know""; GENERIC: ""take a moment to think""; GENERIC: ""are you ready""","hello! i am owl. let us learn about naming body parts used in back to back balance together! hello, friend! today we will learn about naming body parts used in back to back balance. are you ready? wel"
"264b4691-a70b-4f0d-bd46-99e6782b2a23","Practising Back to Back Balance Safely","g2-movement-practising-back-to-back-balance-safely","Movement","Movement: Gymnastics","3.1 Static Balance: Back to Back Balance — 3 official lesson(s)","By the end of the lesson, the learner should be able to name body parts involved in back-to-back balance, perform and pr","PUBLISHED","both","10","10","suspicious","suspicious","suspicious","GENERIC: ""here is what you need to know""; GENERIC: ""take a moment to think""; GENERIC: ""are you ready""","GENERIC: ""here is what you need to know""; GENERIC: ""take a moment to think""; GENERIC: ""are you ready""","hello! i am owl. let us learn about practising back to back balance safely together! hello, friend! today we will learn about practising back to back balance safely. are you ready? welcome! our missio"
"748b54ab-d973-4af5-9ed0-2ca3153a107a","Back to Back Balance Practice and Reflection","g2-movement-back-to-back-balance-practice-and-reflection","Movement","Movement: Gymnastics","3.1 Static Balance: Back to Back Balance — 3 official lesson(s)","By the end of the lesson, the learner should be able to name body parts involved in back-to-back balance, perform and pr","PUBLISHED","both","10","10","suspicious","suspicious","suspicious","GENERIC: ""here is what you need to know""; GENERIC: ""take a moment to think""; GENERIC: ""are you ready""","GENERIC: ""here is what you need to know""; GENERIC: ""take a moment to think""; GENERIC: ""are you ready""","hello! i am owl. let us learn about back to back balance practice and reflection together! hello, friend! today we will learn about back to back balance practice and reflection. are you ready? welcome"
"d3ad52d5-253a-4b5d-826f-a02d20b8b43e","Identifying Wind Instruments","g2-movement-identifying-wind-instruments","Movement","Music: Performing","1.3 Musical Instruments — 4 official lesson(s)","By the end of the lesson, the learner should be able to identify and name wind instruments, identify instruments visuall","PUBLISHED","both","10","10","suspicious","suspicious","suspicious","GENERIC: ""here is what you need to know""; GENERIC: ""take a moment to think""; GENERIC: ""are you ready""","GENERIC: ""here is what you need to know""; GENERIC: ""take a moment to think""; GENERIC: ""are you ready""","hello! i am owl. let us learn about identifying wind instruments together! hello, friend! today we will learn about identifying wind instruments. are you ready? welcome! our mission is to explore iden"
"5cd0b132-f617-4e8d-87e9-6f068097c246","Listening to Wind Instrument Sounds","g2-movement-listening-to-wind-instrument-sounds","Movement","Music: Performing","1.3 Musical Instruments — 4 official lesson(s)","By the end of the lesson, the learner should be able to identify and name wind instruments, identify instruments visuall","PUBLISHED","both","10","10","suspicious","suspicious","suspicious","GENERIC: ""here is what you need to know""; GENERIC: ""take a moment to think""; GENERIC: ""are you ready""","GENERIC: ""here is what you need to know""; GENERIC: ""take a moment to think""; GENERIC: ""are you ready""","hello! i am owl. let us learn about listening to wind instrument sounds together! hello, friend! today we will learn about listening to wind instrument sounds. are you ready? welcome! our mission is t"
"6738e844-2f0b-4efb-91c5-d4f30b5811bd","Playing Simple Wind Instruments Safely","g2-movement-playing-simple-wind-instruments-safely","Movement","Music: Performing","1.3 Musical Instruments — 4 official lesson(s)","By the end of the lesson, the learner should be able to identify and name wind instruments, identify instruments visuall","PUBLISHED","both","10","10","suspicious","suspicious","suspicious","GENERIC: ""here is what you need to know""; GENERIC: ""take a moment to think""; GENERIC: ""are you ready""","GENERIC: ""here is what you need to know""; GENERIC: ""take a moment to think""; GENERIC: ""are you ready""","hello! i am owl. let us learn about playing simple wind instruments safely together! hello, friend! today we will learn about playing simple wind instruments safely. are you ready? welcome! our missio"
"506d869e-6bf5-409e-94d5-f3516e82c1f9","Improvising Wind Instrument Accompaniments","g2-movement-improvising-wind-instrument-accompaniments","Movement","Music: Performing","1.3 Musical Instruments — 4 official lesson(s)","By the end of the lesson, the learner should be able to identify and name wind instruments, identify instruments visuall","PUBLISHED","both","10","10","suspicious","suspicious","suspicious","GENERIC: ""here is what you need to know""; GENERIC: ""take a moment to think""; GENERIC: ""are you ready""","GENERIC: ""here is what you need to know""; GENERIC: ""take a moment to think""; GENERIC: ""are you ready""","hello! i am owl. let us learn about improvising wind instrument accompaniments together! hello, friend! today we will learn about improvising wind instrument accompaniments. are you ready? welcome! ou"
"c0178690-4e65-4d17-8687-3ef41a494765","Naming Body Parts Used in Wheel Barrow Balance","g2-movement-naming-body-parts-used-in-wheel-barrow-balance","Movement","Movement: Gymnastics","3.2 Static Balance: Wheel Barrow Balance — 2 official lesson(s)","By the end of the lesson, the learner should be able to name body parts used in wheel barrow balance, perform and practi","PUBLISHED","both","10","10","suspicious","suspicious","suspicious","GENERIC: ""here is what you need to know""; GENERIC: ""take a moment to think""; GENERIC: ""are you ready""","GENERIC: ""here is what you need to know""; GENERIC: ""take a moment to think""; GENERIC: ""are you ready""","hello! i am owl. let us learn about naming body parts used in wheel barrow balance together! hello, friend! today we will learn about naming body parts used in wheel barrow balance. are you ready? wel"
"198043db-64e2-4c45-914c-7628cfed34f4","Wheel Barrow Balance Practice and Reflection","g2-movement-wheel-barrow-balance-practice-and-reflection","Movement","Movement: Gymnastics","3.2 Static Balance: Wheel Barrow Balance — 2 official lesson(s)","By the end of the lesson, the learner should be able to name body parts used in wheel barrow balance, perform and practi","PUBLISHED","both","10","10","suspicious","suspicious","suspicious","GENERIC: ""here is what you need to know""; GENERIC: ""take a moment to think""; GENERIC: ""are you ready""","GENERIC: ""here is what you need to know""; GENERIC: ""take a moment to think""; GENERIC: ""are you ready""","hello! i am owl. let us learn about wheel barrow balance practice and reflection together! hello, friend! today we will learn about wheel barrow balance practice and reflection. are you ready? welcome"
"142ab05b-b5d5-4e8d-b5f5-04596046f12d","Naming Body Parts Used in Forward Roll","g2-movement-naming-body-parts-used-in-forward-roll","Movement","Movement: Gymnastics","3.3 Dynamic Balance: Forward Roll — 12 official lesson(s)","By the end of the lesson, the learner should be able to name body parts used in forward roll, observe demonstrations, pr","PUBLISHED","both","10","10","suspicious","suspicious","suspicious","GENERIC: ""here is what you need to know""; GENERIC: ""take a moment to think""; GENERIC: ""are you ready""","GENERIC: ""here is what you need to know""; GENERIC: ""take a moment to think""; GENERIC: ""are you ready""","hello! i am owl. let us learn about naming body parts used in forward roll together! hello, friend! today we will learn about naming body parts used in forward roll. are you ready? welcome! our missio"
"a2804569-af37-4a5a-a3fe-768f9306e8c3","Watching a Forward Roll Demonstration","g2-movement-watching-a-forward-roll-demonstration","Movement","Movement: Gymnastics","3.3 Dynamic Balance: Forward Roll — 12 official lesson(s)","By the end of the lesson, the learner should be able to name body parts used in forward roll, observe demonstrations, pr","PUBLISHED","both","10","10","suspicious","suspicious","suspicious","GENERIC: ""here is what you need to know""; GENERIC: ""take a moment to think""; GENERIC: ""are you ready""","GENERIC: ""here is what you need to know""; GENERIC: ""take a moment to think""; GENERIC: ""are you ready""","hello! i am owl. let us learn about watching a forward roll demonstration together! hello, friend! today we will learn about watching a forward roll demonstration. are you ready? welcome! our mission "
"454f2309-a118-4894-b7e8-5c14890bdce9","Preparing a Safe Space for Forward Roll","g2-movement-preparing-a-safe-space-for-forward-roll","Movement","Movement: Gymnastics","3.3 Dynamic Balance: Forward Roll — 12 official lesson(s)","By the end of the lesson, the learner should be able to name body parts used in forward roll, observe demonstrations, pr","PUBLISHED","both","10","10","suspicious","suspicious","suspicious","GENERIC: ""here is what you need to know""; GENERIC: ""take a moment to think""; GENERIC: ""are you ready""","GENERIC: ""here is what you need to know""; GENERIC: ""take a moment to think""; GENERIC: ""are you ready""","hello! i am owl. let us learn about preparing a safe space for forward roll together! hello, friend! today we will learn about preparing a safe space for forward roll. are you ready? welcome! our miss"
"72956ff8-6ed6-4936-b10c-3177490c34e6","Practising Starting Position for Forward Roll","g2-movement-practising-starting-position-for-forward-roll","Movement","Movement: Gymnastics","3.3 Dynamic Balance: Forward Roll — 12 official lesson(s)","By the end of the lesson, the learner should be able to name body parts used in forward roll, observe demonstrations, pr","PUBLISHED","both","10","10","suspicious","suspicious","suspicious","GENERIC: ""here is what you need to know""; GENERIC: ""take a moment to think""; GENERIC: ""are you ready""","GENERIC: ""here is what you need to know""; GENERIC: ""take a moment to think""; GENERIC: ""are you ready""","hello! i am owl. let us learn about practising starting position for forward roll together! hello, friend! today we will learn about practising starting position for forward roll. are you ready? welco"
"d7e18318-6be4-4dfb-85fd-8eb27a9a4778","Practising Forward Roll with Guidance 1","g2-movement-practising-forward-roll-with-guidance-1","Movement","Movement: Gymnastics","3.3 Dynamic Balance: Forward Roll — 12 official lesson(s)","By the end of the lesson, the learner should be able to name body parts used in forward roll, observe demonstrations, pr","PUBLISHED","both","10","10","suspicious","suspicious","suspicious","GENERIC: ""here is what you need to know""; GENERIC: ""take a moment to think""; GENERIC: ""are you ready""","GENERIC: ""here is what you need to know""; GENERIC: ""take a moment to think""; GENERIC: ""are you ready""","hello! i am owl. let us learn about practising forward roll with guidance 1 together! hello, friend! today we will learn about practising forward roll with guidance 1. are you ready? welcome! our miss"
"ac6efead-e05f-4226-a5ae-3f3cc398b27d","Practising Forward Roll with Guidance 2","g2-movement-practising-forward-roll-with-guidance-2","Movement","Movement: Gymnastics","3.3 Dynamic Balance: Forward Roll — 12 official lesson(s)","By the end of the lesson, the learner should be able to name body parts used in forward roll, observe demonstrations, pr","PUBLISHED","both","10","10","suspicious","suspicious","suspicious","GENERIC: ""here is what you need to know""; GENERIC: ""take a moment to think""; GENERIC: ""are you ready""","GENERIC: ""here is what you need to know""; GENERIC: ""take a moment to think""; GENERIC: ""are you ready""","hello! i am owl. let us learn about practising forward roll with guidance 2 together! hello, friend! today we will learn about practising forward roll with guidance 2. are you ready? welcome! our miss"
"d59c71ed-c69e-4352-beda-75faad2d3854","Rolling in Different Directions Safely","g2-movement-rolling-in-different-directions-safely","Movement","Movement: Gymnastics","3.3 Dynamic Balance: Forward Roll — 12 official lesson(s)","By the end of the lesson, the learner should be able to name body parts used in forward roll, observe demonstrations, pr","PUBLISHED","both","10","10","suspicious","suspicious","suspicious","GENERIC: ""here is what you need to know""; GENERIC: ""take a moment to think""; GENERIC: ""are you ready""","GENERIC: ""here is what you need to know""; GENERIC: ""take a moment to think""; GENERIC: ""are you ready""","hello! i am owl. let us learn about rolling in different directions safely together! hello, friend! today we will learn about rolling in different directions safely. are you ready? welcome! our missio"
"6a2c8a83-e04a-4dda-8bd9-6f16c7326863","Combining Forward Roll with Simple Movement","g2-movement-combining-forward-roll-with-simple-movement","Movement","Movement: Gymnastics","3.3 Dynamic Balance: Forward Roll — 12 official lesson(s)","By the end of the lesson, the learner should be able to name body parts used in forward roll, observe demonstrations, pr","PUBLISHED","both","10","10","suspicious","suspicious","suspicious","GENERIC: ""here is what you need to know""; GENERIC: ""take a moment to think""; GENERIC: ""are you ready""","GENERIC: ""here is what you need to know""; GENERIC: ""take a moment to think""; GENERIC: ""are you ready""","hello! i am owl. let us learn about combining forward roll with simple movement together! hello, friend! today we will learn about combining forward roll with simple movement. are you ready? welcome! "
"30727327-02a9-4af8-867e-eb7abcd80192","Playing Simple Rolling Games","g2-movement-playing-simple-rolling-games","Movement","Movement: Gymnastics","3.3 Dynamic Balance: Forward Roll — 12 official lesson(s)","By the end of the lesson, the learner should be able to name body parts used in forward roll, observe demonstrations, pr","PUBLISHED","both","10","10","suspicious","suspicious","suspicious","GENERIC: ""here is what you need to know""; GENERIC: ""take a moment to think""; GENERIC: ""are you ready""","GENERIC: ""here is what you need to know""; GENERIC: ""take a moment to think""; GENERIC: ""are you ready""","hello! i am owl. let us learn about playing simple rolling games together! hello, friend! today we will learn about playing simple rolling games. are you ready? welcome! our mission is to explore play"
"1eec911f-9dad-4e24-9f7e-5f38244aabd6","Safety Rules for Rolling Activities","g2-movement-safety-rules-for-rolling-activities","Movement","Movement: Gymnastics","3.3 Dynamic Balance: Forward Roll — 12 official lesson(s)","By the end of the lesson, the learner should be able to name body parts used in forward roll, observe demonstrations, pr","PUBLISHED","both","10","10","suspicious","suspicious","suspicious","GENERIC: ""here is what you need to know""; GENERIC: ""take a moment to think""; GENERIC: ""are you ready""","GENERIC: ""here is what you need to know""; GENERIC: ""take a moment to think""; GENERIC: ""are you ready""","hello! i am owl. let us learn about safety rules for rolling activities together! hello, friend! today we will learn about safety rules for rolling activities. are you ready? welcome! our mission is t"
"d1c9bd45-6f78-4c28-8d9f-88b6ab012bf8","Forward Roll Skill Check","g2-movement-forward-roll-skill-check","Movement","Movement: Gymnastics","3.3 Dynamic Balance: Forward Roll — 12 official lesson(s)","By the end of the lesson, the learner should be able to name body parts used in forward roll, observe demonstrations, pr","PUBLISHED","both","10","10","suspicious","suspicious","suspicious","GENERIC: ""here is what you need to know""; GENERIC: ""take a moment to think""; GENERIC: ""are you ready""","GENERIC: ""here is what you need to know""; GENERIC: ""take a moment to think""; GENERIC: ""are you ready""","hello! i am owl. let us learn about forward roll skill check together! hello, friend! today we will learn about forward roll skill check. are you ready? welcome! our mission is to explore forward roll"
"5e5316ed-0d91-40a8-a953-3b838379a285","Forward Roll Practice and Reflection","g2-movement-forward-roll-practice-and-reflection","Movement","Movement: Gymnastics","3.3 Dynamic Balance: Forward Roll — 12 official lesson(s)","By the end of the lesson, the learner should be able to name body parts used in forward roll, observe demonstrations, pr","PUBLISHED","both","10","10","suspicious","suspicious","suspicious","GENERIC: ""here is what you need to know""; GENERIC: ""take a moment to think""; GENERIC: ""are you ready""","GENERIC: ""here is what you need to know""; GENERIC: ""take a moment to think""; GENERIC: ""are you ready""","hello! i am owl. let us learn about forward roll practice and reflection together! hello, friend! today we will learn about forward roll practice and reflection. are you ready? welcome! our mission is"
"49dfc022-88ce-4380-94dc-b51c1ad5dc29","Dances in Our Local Community","g2-movement-dances-in-our-local-community","Movement","Music: Performing","1.4 Dance — 5 official lesson(s)","By the end of the lesson, the learner should be able to use body movements in dance, express feelings and ideas, apply l","PUBLISHED","both","10","10","suspicious","suspicious","suspicious","GENERIC: ""here is what you need to know""; GENERIC: ""take a moment to think""; GENERIC: ""are you ready""","GENERIC: ""here is what you need to know""; GENERIC: ""take a moment to think""; GENERIC: ""are you ready""","hello! i am owl. let us learn about dances in our local community together! hello, friend! today we will learn about dances in our local community. are you ready? welcome! our mission is to explore da"
"b7ad4f47-180d-4876-abce-5ce34adc86a0","Using Body Movements to Express Ideas","g2-movement-using-body-movements-to-express-ideas","Movement","Music: Performing","1.4 Dance — 5 official lesson(s)","By the end of the lesson, the learner should be able to use body movements in dance, express feelings and ideas, apply l","PUBLISHED","both","10","10","suspicious","suspicious","suspicious","GENERIC: ""here is what you need to know""; GENERIC: ""take a moment to think""; GENERIC: ""are you ready""","GENERIC: ""here is what you need to know""; GENERIC: ""take a moment to think""; GENERIC: ""are you ready""","hello! i am owl. let us learn about using body movements to express ideas together! hello, friend! today we will learn about using body movements to express ideas. are you ready? welcome! our mission "
"886c91d5-1397-4854-99e2-e510556af716","Practising Dance Elements: Time, Space and Energy","g2-movement-practising-dance-elements-time-space-and-energy","Movement","Music: Performing","1.4 Dance — 5 official lesson(s)","By the end of the lesson, the learner should be able to use body movements in dance, express feelings and ideas, apply l","PUBLISHED","both","10","10","suspicious","suspicious","suspicious","GENERIC: ""here is what you need to know""; GENERIC: ""take a moment to think""; GENERIC: ""are you ready""","GENERIC: ""here is what you need to know""; GENERIC: ""take a moment to think""; GENERIC: ""are you ready""","hello! i am owl. let us learn about time, space and energy together! hello, friend! today we will learn about time, space and energy. are you ready? welcome! our mission is to explore time, space and "
"7646c295-e5d9-43df-9795-703fa86fe5c7","Performing a Traditional Dance Safely","g2-movement-performing-a-traditional-dance-safely","Movement","Music: Performing","1.4 Dance — 5 official lesson(s)","By the end of the lesson, the learner should be able to use body movements in dance, express feelings and ideas, apply l","PUBLISHED","both","10","10","suspicious","suspicious","suspicious","GENERIC: ""here is what you need to know""; GENERIC: ""take a moment to think""; GENERIC: ""are you ready""","GENERIC: ""here is what you need to know""; GENERIC: ""take a moment to think""; GENERIC: ""are you ready""","hello! i am owl. let us learn about performing a traditional dance safely together! hello, friend! today we will learn about performing a traditional dance safely. are you ready? welcome! our mission "
"6ada871b-a18f-44f7-935c-47001dcbaa2d","Dance Performance and Reflection","g2-movement-dance-performance-and-reflection","Movement","Music: Performing","1.4 Dance — 5 official lesson(s)","By the end of the lesson, the learner should be able to use body movements in dance, express feelings and ideas, apply l","PUBLISHED","both","10","10","suspicious","suspicious","suspicious","GENERIC: ""here is what you need to know""; GENERIC: ""take a moment to think""; GENERIC: ""are you ready""","GENERIC: ""here is what you need to know""; GENERIC: ""take a moment to think""; GENERIC: ""are you ready""","hello! i am owl. let us learn about dance performance and reflection together! hello, friend! today we will learn about dance performance and reflection. are you ready? welcome! our mission is to expl"
"c56f7481-67dc-4274-9cde-ef3e4bb8f3b4","Keeping a Steady Beat","g2-movement-keeping-a-steady-beat","Movement","Music: Creating and Composing Music","2.1 Rhythm — 4 official lesson(s)","By the end of the lesson, the learner should be able to identify and mimic rhythmic patterns, improvise rhythmic accompa","PUBLISHED","both","10","10","suspicious","suspicious","suspicious","GENERIC: ""here is what you need to know""; GENERIC: ""take a moment to think""; GENERIC: ""are you ready""","GENERIC: ""here is what you need to know""; GENERIC: ""take a moment to think""; GENERIC: ""are you ready""","hello! i am owl. let us learn about keeping a steady beat together! hello, friend! today we will learn about keeping a steady beat. are you ready? welcome! our mission is to explore keeping a steady b"
"4cde423f-1083-4044-9bd7-9b2be6ee4d8b","Creating Rhythms from Names and Sounds","g2-movement-creating-rhythms-from-names-and-sounds","Movement","Music: Creating and Composing Music","2.1 Rhythm — 4 official lesson(s)","By the end of the lesson, the learner should be able to identify and mimic rhythmic patterns, improvise rhythmic accompa","PUBLISHED","both","10","10","suspicious","suspicious","suspicious","GENERIC: ""here is what you need to know""; GENERIC: ""take a moment to think""; GENERIC: ""are you ready""","GENERIC: ""here is what you need to know""; GENERIC: ""take a moment to think""; GENERIC: ""are you ready""","hello! i am owl. let us learn about creating rhythms from names and sounds together! hello, friend! today we will learn about creating rhythms from names and sounds. are you ready? welcome! our missio"
"faa8de4a-5b21-435f-ba17-d41e5e399a9d","Using Body Percussion for Rhythm Patterns","g2-movement-using-body-percussion-for-rhythm-patterns","Movement","Music: Creating and Composing Music","2.1 Rhythm — 4 official lesson(s)","By the end of the lesson, the learner should be able to identify and mimic rhythmic patterns, improvise rhythmic accompa","PUBLISHED","both","10","10","suspicious","suspicious","suspicious","GENERIC: ""here is what you need to know""; GENERIC: ""take a moment to think""; GENERIC: ""are you ready""","GENERIC: ""here is what you need to know""; GENERIC: ""take a moment to think""; GENERIC: ""are you ready""","hello! i am owl. let us learn about using body percussion for rhythm patterns together! hello, friend! today we will learn about using body percussion for rhythm patterns. are you ready? welcome! our "
"c223de6b-11f2-484e-a832-da9654ac3cce","Recording and Playing Back Created Rhythms","g2-movement-recording-and-playing-back-created-rhythms","Movement","Music: Creating and Composing Music","2.1 Rhythm — 4 official lesson(s)","By the end of the lesson, the learner should be able to identify and mimic rhythmic patterns, improvise rhythmic accompa","PUBLISHED","both","10","10","suspicious","suspicious","suspicious","GENERIC: ""here is what you need to know""; GENERIC: ""take a moment to think""; GENERIC: ""are you ready""","GENERIC: ""here is what you need to know""; GENERIC: ""take a moment to think""; GENERIC: ""are you ready""","hello! i am owl. let us learn about recording and playing back created rhythms together! hello, friend! today we will learn about recording and playing back created rhythms. are you ready? welcome! ou"
"e3782a94-b620-430f-a4ed-e08b8d401cc4","Exploring Body Movement on the Ground","g2-movement-exploring-body-movement-on-the-ground","Movement","Movement: Gymnastics","3.4 Dynamic Balance: Wheelbarrow Walk — 2 official lesson(s)","By the end of the lesson, the learner should be able to explore ways of moving from one point to another, perform wheelb","PUBLISHED","both","10","10","suspicious","suspicious","suspicious","GENERIC: ""here is what you need to know""; GENERIC: ""take a moment to think""; GENERIC: ""are you ready""","GENERIC: ""here is what you need to know""; GENERIC: ""take a moment to think""; GENERIC: ""are you ready""","hello! i am owl. let us learn about exploring body movement on the ground together! hello, friend! today we will learn about exploring body movement on the ground. are you ready? welcome! our mission "
"a1fc09f1-e9f3-46b2-ac1d-98cd431b0ae6","Wheelbarrow Walk Practice and Reflection","g2-movement-wheelbarrow-walk-practice-and-reflection","Movement","Movement: Gymnastics","3.4 Dynamic Balance: Wheelbarrow Walk — 2 official lesson(s)","By the end of the lesson, the learner should be able to explore ways of moving from one point to another, perform wheelb","PUBLISHED","both","10","10","suspicious","suspicious","suspicious","GENERIC: ""here is what you need to know""; GENERIC: ""take a moment to think""; GENERIC: ""are you ready""","GENERIC: ""here is what you need to know""; GENERIC: ""take a moment to think""; GENERIC: ""are you ready""","hello! i am owl. let us learn about wheelbarrow walk practice and reflection together! hello, friend! today we will learn about wheelbarrow walk practice and reflection. are you ready? welcome! our mi"
"812afedb-fb7b-4977-83f1-b9ff50dd7d2b","Reviewing Safe Movement Rules","g2-movement-reviewing-safe-movement-rules","Movement","Movement: Integrated Practice and Assessment","Integrated Movement Skills Review — 12 app-balancing lesson(s)","By the end of the lesson, the learner should be able to review movement skills learnt during the year, apply rules, part","PUBLISHED","both","10","10","suspicious","suspicious","suspicious","GENERIC: ""here is what you need to know""; GENERIC: ""take a moment to think""; GENERIC: ""are you ready""","GENERIC: ""here is what you need to know""; GENERIC: ""take a moment to think""; GENERIC: ""are you ready""","hello! i am owl. let us learn about reviewing safe movement rules together! hello, friend! today we will learn about reviewing safe movement rules. are you ready? welcome! our mission is to explore re"
"763c4cda-061c-43e1-8f30-da42ba968ac3","Reviewing Locomotor Skills","g2-movement-reviewing-locomotor-skills","Movement","Movement: Integrated Practice and Assessment","Integrated Movement Skills Review — 12 app-balancing lesson(s)","By the end of the lesson, the learner should be able to review movement skills learnt during the year, apply rules, part","PUBLISHED","both","10","10","suspicious","suspicious","suspicious","GENERIC: ""here is what you need to know""; GENERIC: ""take a moment to think""; GENERIC: ""are you ready""","GENERIC: ""here is what you need to know""; GENERIC: ""take a moment to think""; GENERIC: ""are you ready""","hello! i am owl. let us learn about reviewing locomotor skills together! hello, friend! today we will learn about reviewing locomotor skills. are you ready? welcome! our mission is to explore reviewin"
"241dd35e-974c-4239-82a3-cbe3ab1cfc08","Reviewing Non-Locomotor Skills","g2-movement-reviewing-non-locomotor-skills","Movement","Movement: Integrated Practice and Assessment","Integrated Movement Skills Review — 12 app-balancing lesson(s)","By the end of the lesson, the learner should be able to review movement skills learnt during the year, apply rules, part","PUBLISHED","both","10","10","suspicious","suspicious","suspicious","GENERIC: ""here is what you need to know""; GENERIC: ""take a moment to think""; GENERIC: ""are you ready""","GENERIC: ""here is what you need to know""; GENERIC: ""take a moment to think""; GENERIC: ""are you ready""","hello! i am owl. let us learn about reviewing non-locomotor skills together! hello, friend! today we will learn about reviewing non-locomotor skills. are you ready? welcome! our mission is to explore "
"58c07f35-7df0-46ad-9906-43856df80c1c","Reviewing Manipulative Skills","g2-movement-reviewing-manipulative-skills","Movement","Movement: Integrated Practice and Assessment","Integrated Movement Skills Review — 12 app-balancing lesson(s)","By the end of the lesson, the learner should be able to review movement skills learnt during the year, apply rules, part","PUBLISHED","both","10","10","suspicious","suspicious","suspicious","GENERIC: ""here is what you need to know""; GENERIC: ""take a moment to think""; GENERIC: ""are you ready""","GENERIC: ""here is what you need to know""; GENERIC: ""take a moment to think""; GENERIC: ""are you ready""","hello! i am owl. let us learn about reviewing manipulative skills together! hello, friend! today we will learn about reviewing manipulative skills. are you ready? welcome! our mission is to explore re"
"2b987863-7e6a-46de-af06-6b81e900a341","Reviewing Water Safety Awareness","g2-movement-reviewing-water-safety-awareness","Movement","Movement: Integrated Practice and Assessment","Integrated Movement Skills Review — 12 app-balancing lesson(s)","By the end of the lesson, the learner should be able to review movement skills learnt during the year, apply rules, part","PUBLISHED","both","10","10","suspicious","suspicious","suspicious","GENERIC: ""here is what you need to know""; GENERIC: ""take a moment to think""; GENERIC: ""are you ready""","GENERIC: ""here is what you need to know""; GENERIC: ""take a moment to think""; GENERIC: ""are you ready""","hello! i am owl. let us learn about reviewing water safety awareness together! hello, friend! today we will learn about reviewing water safety awareness. are you ready? welcome! our mission is to expl"
"588a23ae-1f4e-47fd-8f72-3a01aa507b28","Reviewing Swimming Skill Awareness","g2-movement-reviewing-swimming-skill-awareness","Movement","Movement: Integrated Practice and Assessment","Integrated Movement Skills Review — 12 app-balancing lesson(s)","By the end of the lesson, the learner should be able to review movement skills learnt during the year, apply rules, part","PUBLISHED","both","10","10","suspicious","suspicious","suspicious","GENERIC: ""here is what you need to know""; GENERIC: ""take a moment to think""; GENERIC: ""are you ready""","GENERIC: ""here is what you need to know""; GENERIC: ""take a moment to think""; GENERIC: ""are you ready""","hello! i am owl. let us learn about reviewing swimming skill awareness together! hello, friend! today we will learn about reviewing swimming skill awareness. are you ready? welcome! our mission is to "
"97bdab3c-c9d2-4bc9-aea5-66a7e0f88a83","Reviewing Gymnastics Balance Skills","g2-movement-reviewing-gymnastics-balance-skills","Movement","Movement: Integrated Practice and Assessment","Integrated Movement Skills Review — 12 app-balancing lesson(s)","By the end of the lesson, the learner should be able to review movement skills learnt during the year, apply rules, part","PUBLISHED","both","10","10","suspicious","suspicious","suspicious","GENERIC: ""here is what you need to know""; GENERIC: ""take a moment to think""; GENERIC: ""are you ready""","GENERIC: ""here is what you need to know""; GENERIC: ""take a moment to think""; GENERIC: ""are you ready""","hello! i am owl. let us learn about reviewing gymnastics balance skills together! hello, friend! today we will learn about reviewing gymnastics balance skills. are you ready? welcome! our mission is t"
"4a96096a-5c71-4f7e-b714-284d9f253608","Teamwork in Movement Activities","g2-movement-teamwork-in-movement-activities","Movement","Movement: Integrated Practice and Assessment","Integrated Movement Skills Review — 12 app-balancing lesson(s)","By the end of the lesson, the learner should be able to review movement skills learnt during the year, apply rules, part","PUBLISHED","both","10","10","suspicious","suspicious","suspicious","GENERIC: ""here is what you need to know""; GENERIC: ""take a moment to think""; GENERIC: ""are you ready""","GENERIC: ""here is what you need to know""; GENERIC: ""take a moment to think""; GENERIC: ""are you ready""","hello! i am owl. let us learn about teamwork in movement activities together! hello, friend! today we will learn about teamwork in movement activities. are you ready? welcome! our mission is to explor"
"69815e58-449a-4253-9c37-b12a52f84332","Giving and Receiving Correction","g2-movement-giving-and-receiving-correction","Movement","Movement: Integrated Practice and Assessment","Integrated Movement Skills Review — 12 app-balancing lesson(s)","By the end of the lesson, the learner should be able to review movement skills learnt during the year, apply rules, part","PUBLISHED","both","10","10","suspicious","suspicious","suspicious","GENERIC: ""here is what you need to know""; GENERIC: ""take a moment to think""; GENERIC: ""are you ready""","GENERIC: ""here is what you need to know""; GENERIC: ""take a moment to think""; GENERIC: ""are you ready""","hello! i am owl. let us learn about giving and receiving correction together! hello, friend! today we will learn about giving and receiving correction. are you ready? welcome! our mission is to explor"
"6be89106-714f-4ece-bfb0-087b6ec84b25","Movement Skills Mini-Circuit","g2-movement-movement-skills-mini-circuit","Movement","Movement: Integrated Practice and Assessment","Integrated Movement Skills Review — 12 app-balancing lesson(s)","By the end of the lesson, the learner should be able to review movement skills learnt during the year, apply rules, part","PUBLISHED","both","10","10","suspicious","suspicious","suspicious","GENERIC: ""here is what you need to know""; GENERIC: ""take a moment to think""; GENERIC: ""are you ready""","GENERIC: ""here is what you need to know""; GENERIC: ""take a moment to think""; GENERIC: ""are you ready""","hello! i am owl. let us learn about movement skills mini-circuit together! hello, friend! today we will learn about movement skills mini-circuit. are you ready? welcome! our mission is to explore move"
"3d19ea5c-ec6c-4062-9e97-72193dcbe34d","Movement Skills Assessment Preparation","g2-movement-movement-skills-assessment-preparation","Movement","Movement: Integrated Practice and Assessment","Integrated Movement Skills Review — 12 app-balancing lesson(s)","By the end of the lesson, the learner should be able to review movement skills learnt during the year, apply rules, part","PUBLISHED","both","10","10","suspicious","suspicious","suspicious","GENERIC: ""here is what you need to know""; GENERIC: ""take a moment to think""; GENERIC: ""are you ready""","GENERIC: ""here is what you need to know""; GENERIC: ""take a moment to think""; GENERIC: ""are you ready""","hello! i am owl. let us learn about movement skills assessment preparation together! hello, friend! today we will learn about movement skills assessment preparation. are you ready? welcome! our missio"
"ebda842c-d798-45ee-aa9d-3c0f29d8bc85","Movement Skills Final Reflection","g2-movement-movement-skills-final-reflection","Movement","Movement: Integrated Practice and Assessment","Integrated Movement Skills Review — 12 app-balancing lesson(s)","By the end of the lesson, the learner should be able to review movement skills learnt during the year, apply rules, part","PUBLISHED","both","10","10","suspicious","suspicious","suspicious","GENERIC: ""here is what you need to know""; GENERIC: ""take a moment to think""; GENERIC: ""are you ready""","GENERIC: ""here is what you need to know""; GENERIC: ""take a moment to think""; GENERIC: ""are you ready""","hello! i am owl. let us learn about movement skills final reflection together! hello, friend! today we will learn about movement skills final reflection. are you ready? welcome! our mission is to expl"
"bba33640-de51-464d-9e0f-d6d0848416a0","Listening for Changes in Familiar Tunes","g2-movement-listening-for-changes-in-familiar-tunes","Movement","Music: Creating and Composing Music","2.2 Melody — 4 official lesson(s)","By the end of the lesson, the learner should be able to identify melodic variations in familiar tunes, improvise simple ","PUBLISHED","both","10","10","suspicious","suspicious","suspicious","GENERIC: ""here is what you need to know""; GENERIC: ""take a moment to think""; GENERIC: ""are you ready""","GENERIC: ""here is what you need to know""; GENERIC: ""take a moment to think""; GENERIC: ""are you ready""","hello! i am owl. let us learn about listening for changes in familiar tunes together! hello, friend! today we will learn about listening for changes in familiar tunes. are you ready? welcome! our miss"
"ae2bdda8-156d-4b9a-b0fe-513002381ddd","Making Simple Melodic Variations","g2-movement-making-simple-melodic-variations","Movement","Music: Creating and Composing Music","2.2 Melody — 4 official lesson(s)","By the end of the lesson, the learner should be able to identify melodic variations in familiar tunes, improvise simple ","PUBLISHED","both","10","10","suspicious","suspicious","suspicious","GENERIC: ""here is what you need to know""; GENERIC: ""take a moment to think""; GENERIC: ""are you ready""","GENERIC: ""here is what you need to know""; GENERIC: ""take a moment to think""; GENERIC: ""are you ready""","hello! i am owl. let us learn about making simple melodic variations together! hello, friend! today we will learn about making simple melodic variations. are you ready? welcome! our mission is to expl"
"6bbce1a3-09cf-4071-b142-6015f0cb0720","Creating New Words for Known Tunes","g2-movement-creating-new-words-for-known-tunes","Movement","Music: Creating and Composing Music","2.2 Melody — 4 official lesson(s)","By the end of the lesson, the learner should be able to identify melodic variations in familiar tunes, improvise simple ","PUBLISHED","both","10","10","suspicious","suspicious","suspicious","GENERIC: ""here is what you need to know""; GENERIC: ""take a moment to think""; GENERIC: ""are you ready""","GENERIC: ""here is what you need to know""; GENERIC: ""take a moment to think""; GENERIC: ""are you ready""","hello! i am owl. let us learn about creating new words for known tunes together! hello, friend! today we will learn about creating new words for known tunes. are you ready? welcome! our mission is to "
"28cf9bc3-8617-4125-afa4-ab5ba954f09c","Recording and Sharing Melody Variations","g2-movement-recording-and-sharing-melody-variations","Movement","Music: Creating and Composing Music","2.2 Melody — 4 official lesson(s)","By the end of the lesson, the learner should be able to identify melodic variations in familiar tunes, improvise simple ","PUBLISHED","both","10","10","suspicious","suspicious","suspicious","GENERIC: ""here is what you need to know""; GENERIC: ""take a moment to think""; GENERIC: ""are you ready""","GENERIC: ""here is what you need to know""; GENERIC: ""take a moment to think""; GENERIC: ""are you ready""","hello! i am owl. let us learn about recording and sharing melody variations together! hello, friend! today we will learn about recording and sharing melody variations. are you ready? welcome! our miss"
"5a85ea64-db82-45c4-ba37-ab2d347c5891","Listening and Responding to Live or Recorded Music","g2-movement-listening-and-responding-to-live-or-recorded-music","Movement","Music: Listening and Responding","3.1 Elements of Music — 4 official lesson(s)","By the end of the lesson, the learner should be able to express personal reactions to musical performances, imitate shor","PUBLISHED","both","10","10","suspicious","suspicious","suspicious","GENERIC: ""here is what you need to know""; GENERIC: ""take a moment to think""; GENERIC: ""are you ready""","GENERIC: ""here is what you need to know""; GENERIC: ""take a moment to think""; GENERIC: ""are you ready""","hello! i am owl. let us learn about listening and responding to live or recorded music together! hello, friend! today we will learn about listening and responding to live or recorded music. are you re"
"a82c2033-7481-4070-a356-cf95a203afdd","Imitating Short Melodies Accurately","g2-movement-imitating-short-melodies-accurately","Movement","Music: Listening and Responding","3.1 Elements of Music — 4 official lesson(s)","By the end of the lesson, the learner should be able to express personal reactions to musical performances, imitate shor","PUBLISHED","both","10","10","suspicious","suspicious","suspicious","GENERIC: ""here is what you need to know""; GENERIC: ""take a moment to think""; GENERIC: ""are you ready""","GENERIC: ""here is what you need to know""; GENERIC: ""take a moment to think""; GENERIC: ""are you ready""","hello! i am owl. let us learn about imitating short melodies accurately together! hello, friend! today we will learn about imitating short melodies accurately. are you ready? welcome! our mission is t"
"59cb09a1-9de9-48ae-b26b-8f85c6442b13","Audience Behaviour During Music","g2-movement-audience-behaviour-during-music","Movement","Music: Listening and Responding","3.1 Elements of Music — 4 official lesson(s)","By the end of the lesson, the learner should be able to express personal reactions to musical performances, imitate shor","PUBLISHED","both","10","10","suspicious","suspicious","suspicious","GENERIC: ""here is what you need to know""; GENERIC: ""take a moment to think""; GENERIC: ""are you ready""","GENERIC: ""here is what you need to know""; GENERIC: ""take a moment to think""; GENERIC: ""are you ready""","hello! i am owl. let us learn about audience behaviour during music together! hello, friend! today we will learn about audience behaviour during music. are you ready? welcome! our mission is to explor"
"9700c178-38d0-4da4-9447-d5218dec5bc2","Talking About Music: Loud, Soft, Fast and Slow","g2-movement-talking-about-music-loud-soft-fast-and-slow","Movement","Music: Listening and Responding","3.1 Elements of Music — 4 official lesson(s)","By the end of the lesson, the learner should be able to express personal reactions to musical performances, imitate shor","PUBLISHED","both","10","10","suspicious","suspicious","suspicious","GENERIC: ""here is what you need to know""; GENERIC: ""take a moment to think""; GENERIC: ""are you ready""","GENERIC: ""here is what you need to know""; GENERIC: ""take a moment to think""; GENERIC: ""are you ready""","hello! i am owl. let us learn about loud, soft, fast and slow together! hello, friend! today we will learn about loud, soft, fast and slow. are you ready? welcome! our mission is to explore loud, soft"