id,title,slug,strand,subStrand,learningOutcome,specificLearningOutcome,keyInquiryQuestion,suggestedLearningExperience,activityInstructions,status,isAvailable,draftSteps,publishedSteps,batchId,generatedAt,publishedAt,generator,videoId,isRecoveryBatch,isOldV2,updatedAt
"af79707c-74f4-403e-b704-06e777df3aac","Drawing Straight Lines","g2-mathematics-drawing-straight-lines","Geometry","3.1 Lines","By the end of the lesson, the learner should be able to: draw straight lines for application in real life","","What types of lines do you know?","Learners draw straight and curved lines on the ground, in books, and with safe materials. They model lines using strings, sticks, or body movements, identify lines in the environment, and explain where such lines are seen in real life.","Learners draw straight and curved lines on the ground, in books, and with safe materials. They model lines using strings, sticks, or body movements, identify lines in the environment, and explain where such lines are seen in real life.","","true","10","10","grade-2-math-batch-3","2026-06-10T07:32:23.833Z","2026-06-11T09:54:17.036Z","","","false","false","2026-06-10T08:16:05.508+00:00"
"597dfffc-1983-4c17-afb9-fd7162e73fb8","Lines in the Environment: Practice and Assessment","g2-mathematics-lines-in-the-environment-practice-and-assessment","Geometry","3.1 Lines","By the end of the lesson, the learner should be able to: draw and model straight and curved lines","","What types of lines do you know?","Learners draw straight and curved lines on the ground, in books, and with safe materials. They model lines using strings, sticks, or body movements, identify lines in the environment, and explain where such lines are seen in real life.","Learners draw straight and curved lines on the ground, in books, and with safe materials. They model lines using strings, sticks, or body movements, identify lines in the environment, and explain where such lines are seen in real life.","","true","10","10","grade-2-math-batch-3","2026-06-10T07:32:26.609Z","2026-06-11T09:54:17.945Z","","","false","false","2026-06-10T08:16:06.676+00:00"
"b1612ed2-525f-4f6c-a81b-48a7d9836a7e","Lines That Make Different Shapes","g2-mathematics-lines-that-make-different-shapes","Geometry","3.2 Shapes","By the end of the lesson, the learner should be able to: discuss types of lines that make different shapes","","What shapes can you identify in your environment?","Learners sort and group items by shape, identify rectangles, circles, triangles, ovals, and squares in the classroom and environment, discuss the lines that form shapes, and make patterns using the five shapes.","Learners sort and group items by shape, identify rectangles, circles, triangles, ovals, and squares in the classroom and environment, discuss the lines that form shapes, and make patterns using the five shapes.","","true","10","10","grade-2-math-batch-3","2026-06-10T07:32:27.988Z","2026-06-11T09:54:18.583Z","","","false","false","2026-06-10T08:16:07.465+00:00"
"814cf15e-80ae-4778-8c55-1f99ccb5f5ae","Making Patterns with Five Shapes","g2-mathematics-making-patterns-with-five-shapes","Geometry","3.2 Shapes","By the end of the lesson, the learner should be able to: make patterns involving rectangles, circles, triangles, ovals and squares","","What shapes can you identify in your environment?","Learners sort and group items by shape, identify rectangles, circles, triangles, ovals, and squares in the classroom and environment, discuss the lines that form shapes, and make patterns using the five shapes.","Learners sort and group items by shape, identify rectangles, circles, triangles, ovals, and squares in the classroom and environment, discuss the lines that form shapes, and make patterns using the five shapes.","","true","10","10","grade-2-math-batch-3","2026-06-10T07:32:28.733Z","2026-06-11T09:54:18.997Z","","","false","false","2026-06-10T08:16:07.849+00:00"
"10f674d4-3f62-4f9e-9008-1d1eb825595a","Modelling Curved Lines","g2-mathematics-modelling-curved-lines","Geometry","3.1 Lines","By the end of the lesson, the learner should be able to: model curved lines using safe materials","","What types of lines do you know?","Learners draw straight and curved lines on the ground, in books, and with safe materials. They model lines using strings, sticks, or body movements, identify lines in the environment, and explain where such lines are seen in real life.","Learners draw straight and curved lines on the ground, in books, and with safe materials. They model lines using strings, sticks, or body movements, identify lines in the environment, and explain where such lines are seen in real life.","","true","10","10","grade-2-math-batch-3","2026-06-10T07:32:25.858Z","2026-06-11T09:54:17.704Z","","","false","false","2026-06-10T08:16:06.292+00:00"
"0aec1d3b-7635-46fe-b4af-3a50a38dae65","Modelling Straight Lines","g2-mathematics-modelling-straight-lines","Geometry","3.1 Lines","By the end of the lesson, the learner should be able to: model straight lines using safe materials","","What types of lines do you know?","Learners draw straight and curved lines on the ground, in books, and with safe materials. They model lines using strings, sticks, or body movements, identify lines in the environment, and explain where such lines are seen in real life.","Learners draw straight and curved lines on the ground, in books, and with safe materials. They model lines using strings, sticks, or body movements, identify lines in the environment, and explain where such lines are seen in real life.","","true","10","10","grade-2-math-batch-3","2026-06-10T07:32:25.159Z","2026-06-11T09:54:17.317Z","","","false","false","2026-06-10T08:16:05.896+00:00"
"44ff5ced-66a0-401b-89df-47566ae901a8","Sorting and Grouping Five Shapes","g2-mathematics-sorting-and-grouping-five-shapes","Geometry","3.2 Shapes","By the end of the lesson, the learner should be able to: sort and group items using shape attributes","","What shapes can you identify in your environment?","Learners sort and group items by shape, identify rectangles, circles, triangles, ovals, and squares in the classroom and environment, discuss the lines that form shapes, and make patterns using the five shapes.","Learners sort and group items by shape, identify rectangles, circles, triangles, ovals, and squares in the classroom and environment, discuss the lines that form shapes, and make patterns using the five shapes.","","true","10","10","grade-2-math-batch-3","2026-06-10T07:32:27.361Z","2026-06-11T09:54:18.297Z","","","false","false","2026-06-10T08:16:07.078+00:00"
"f57f76e0-d89a-4008-9133-96307600775a","Capacity in Litres: Practice and Assessment","g2-mathematics-capacity-in-litres-practice-and-assessment","Measurement","2.3 Capacity","By the end of the lesson, the learner should be able to: measure capacity in litres and explain the result","","What can you use to measure capacity of different containers?","Learners use containers of equal and known capacity to fill larger containers, count litres used, identify the litre as a standard unit, measure capacity in litres, and connect the activity to water use at home and school.","Learners use containers of equal and known capacity to fill larger containers, count litres used, identify the litre as a standard unit, measure capacity in litres, and connect the activity to water use at home and school.","","true","0","10","grade-2-math-batch-2","2026-06-09T17:01:02.245Z","2026-06-11T09:54:09.720Z","","","false","false","2026-06-10T08:15:58.54+00:00"
"83586eb9-46fa-447f-8a4d-d2a733e8098d","Capacity in Litres: Real-Life Practice","g2-mathematics-capacity-in-litres-real-life-practice","Measurement","2.3 Capacity","By the end of the lesson, the learner should be able to: apply litre measurement to a real-life situation","","What can you use to measure capacity of different containers?","Learners use containers of equal and known capacity to fill larger containers, count litres used, identify the litre as a standard unit, measure capacity in litres, and connect the activity to water use at home and school.","Learners use containers of equal and known capacity to fill larger containers, count litres used, identify the litre as a standard unit, measure capacity in litres, and connect the activity to water use at home and school.","","true","0","10","grade-2-math-batch-2","2026-06-09T17:01:02.884Z","2026-06-11T09:54:09.332Z","","","false","false","2026-06-10T08:15:58.127+00:00"
"f1a523d2-a0fb-43d7-8db9-2896598a9c05","Choosing What to Buy with Sh.100","g2-mathematics-choosing-what-to-buy-with-sh-100","Measurement","2.5 Money","By the end of the lesson, the learner should be able to: make simple choices about goods, services, needs, and wants","","How can you identify and use different Kenyan currencies?","Learners sort Kenyan coins and notes up to Sh.100, count different denominations, represent the same amount in different ways, use a classroom shop to connect money to goods and services, and discuss needs and wants.","Learners sort Kenyan coins and notes up to Sh.100, count different denominations, represent the same amount in different ways, use a classroom shop to connect money to goods and services, and discuss needs and wants.","","true","0","10","grade-2-math-batch-3","2026-06-10T07:32:22.492Z","2026-06-11T09:54:16.372Z","","","false","false","2026-06-10T08:16:04.713+00:00"
"d1d348ad-ebb3-4924-8954-7a972f263716","Classroom Shop: Buying and Selling","g2-mathematics-classroom-shop-buying-and-selling","Measurement","2.5 Money","By the end of the lesson, the learner should be able to: use money in a buying and selling role play","","How can you identify and use different Kenyan currencies?","Learners sort Kenyan coins and notes up to Sh.100, count different denominations, represent the same amount in different ways, use a classroom shop to connect money to goods and services, and discuss needs and wants.","Learners sort Kenyan coins and notes up to Sh.100, count different denominations, represent the same amount in different ways, use a classroom shop to connect money to goods and services, and discuss needs and wants.","","true","0","10","grade-2-math-batch-3","2026-06-10T07:32:21.120Z","2026-06-11T09:54:15.976Z","","","false","false","2026-06-10T08:16:04.327+00:00"
"bf762b59-ce71-49c2-a7a2-d13e83a559f8","Comparing Containers Using Litres","g2-mathematics-comparing-containers-using-litres","Measurement","2.3 Capacity","By the end of the lesson, the learner should be able to: compare containers using litre measurements","","What can you use to measure capacity of different containers?","Learners use containers of equal and known capacity to fill larger containers, count litres used, identify the litre as a standard unit, measure capacity in litres, and connect the activity to water use at home and school.","Learners use containers of equal and known capacity to fill larger containers, count litres used, identify the litre as a standard unit, measure capacity in litres, and connect the activity to water use at home and school.","","true","0","10","grade-2-math-batch-3","2026-06-10T07:32:10.226Z","2026-06-11T09:54:09.024Z","","","false","false","2026-06-10T08:15:57.759+00:00"
"42331b00-d61d-4541-b7ed-8a7dca664484","Comparing Measurements Using Different Units","g2-mathematics-comparing-measurements-using-different-units","Measurement","2.1 Length","By the end of the lesson, the learner should be able to: identify the metre as a unit of measuring length","","What can you use to measure different lengths?","Learners in pairs/groups to use sticks of equal length to measure different lengths, record and discuss. Learners in pairs/groups to measure length using sticks of different lengths, including 1-metre sticks. Learners to make 1-metre sticks and use them in measuring various lengths. Learners to play","Learners in pairs/groups to use sticks of equal length to measure different lengths, record and discuss. Learners in pairs/groups to measure length using sticks of different lengths, including 1-metre sticks. Learners to make 1-metre sticks and use them in measuring various lengths. Learners to play","","true","0","10","grade-2-math-batch-3","2026-06-10T07:32:00.759Z","2026-06-11T09:54:04.248Z","","","false","false","2026-06-10T08:15:53.226+00:00"
"25f1f6b8-e4b8-4446-9e6d-fcb0785ff025","Counting Litres Used to Fill Containers","g2-mathematics-counting-litres-used-to-fill-containers","Measurement","2.3 Capacity","By the end of the lesson, the learner should be able to: count the number of litres used to fill a container","","What can you use to measure capacity of different containers?","Learners use containers of equal and known capacity to fill larger containers, count litres used, identify the litre as a standard unit, measure capacity in litres, and connect the activity to water use at home and school.","Learners use containers of equal and known capacity to fill larger containers, count litres used, identify the litre as a standard unit, measure capacity in litres, and connect the activity to water use at home and school.","","true","0","10","grade-2-math-batch-3","2026-06-10T07:32:08.881Z","2026-06-11T09:54:08.280Z","","","false","false","2026-06-10T08:15:57.006+00:00"
"286af17f-a512-49d7-af6d-e5655251f4ef","Counting Money: Sh.1, Sh.5 and Sh.10","g2-mathematics-counting-money-sh-1-sh-5-and-sh-10","Measurement","2.5 Money","By the end of the lesson, the learner should be able to: count money using sh.1, sh.5 and sh.10","","How can you identify and use different Kenyan currencies?","Learners sort Kenyan coins and notes up to Sh.100, count different denominations, represent the same amount in different ways, use a classroom shop to connect money to goods and services, and discuss needs and wants.","Learners sort Kenyan coins and notes up to Sh.100, count different denominations, represent the same amount in different ways, use a classroom shop to connect money to goods and services, and discuss needs and wants.","","true","0","10","grade-2-math-batch-3","2026-06-10T07:32:18.402Z","2026-06-11T09:54:15.087Z","","","false","false","2026-06-10T08:16:03.225+00:00"
"ba2b9cc1-9fd3-4cc6-9229-e25b88c6aef8","Filling Containers with 1 Litre Measures","g2-mathematics-filling-containers-with-1-litre-measures","Measurement","2.3 Capacity","By the end of the lesson, the learner should be able to: use 1 litre containers to measure capacity","","What can you use to measure capacity of different containers?","Learners use containers of equal and known capacity to fill larger containers, count litres used, identify the litre as a standard unit, measure capacity in litres, and connect the activity to water use at home and school.","Learners use containers of equal and known capacity to fill larger containers, count litres used, identify the litre as a standard unit, measure capacity in litres, and connect the activity to water use at home and school.","","true","0","10","grade-2-math-batch-3","2026-06-10T07:32:08.251Z","2026-06-11T09:54:07.695Z","","","false","false","2026-06-10T08:15:56.62+00:00"
"8100f021-2df1-4a31-a284-68ab3120536f","Hour Hand and Minute Hand","g2-mathematics-hour-hand-and-minute-hand","Measurement","2.4 Time","By the end of the lesson, the learner should be able to: identify the hour hand and minute hand","","How can we know and show time?","Learners discuss months of the year and events linked to them, recite the number of days in months, measure duration using simple arbitrary and fixed units, observe a clock face, identify the hour and minute hands, and read, tell, and write time by the hour.","Learners discuss months of the year and events linked to them, recite the number of days in months, measure duration using simple arbitrary and fixed units, observe a clock face, identify the hour and minute hands, and read, tell, and write time by the hour.","","true","0","10","grade-2-math-batch-3","2026-06-10T07:32:14.400Z","2026-06-11T09:54:12.906Z","","","false","false","2026-06-10T08:16:00.852+00:00"
"ce4ca0e3-368e-4f1f-90b4-4939805ef01d","Identifying the Clock Face","g2-mathematics-identifying-the-clock-face","Measurement","2.4 Time","By the end of the lesson, the learner should be able to: identify the clock face","","How can we know and show time?","Learners discuss months of the year and events linked to them, recite the number of days in months, measure duration using simple arbitrary and fixed units, observe a clock face, identify the hour and minute hands, and read, tell, and write time by the hour.","Learners discuss months of the year and events linked to them, recite the number of days in months, measure duration using simple arbitrary and fixed units, observe a clock face, identify the hour and minute hands, and read, tell, and write time by the hour.","","true","0","10","grade-2-math-batch-3","2026-06-10T07:32:13.710Z","2026-06-11T09:54:12.441Z","","","false","false","2026-06-10T08:16:00.495+00:00"
"e749a723-2f32-49fe-83f7-262f0b873aeb","Identifying the Kilogram as a Unit of Mass","g2-mathematics-identifying-the-kilogram-as-a-unit-of-mass","Measurement","2.2 Mass","By the end of the lesson, the learner should be able to: identify the kilogram as a unit of measuring mass","","What can we use to measure mass?","Learners use a beam balance and safe classroom items to compare and measure mass. They identify the kilogram as a standard unit, make or use 1 kg reference masses, record results, and discuss where kilograms are used in daily life.","Learners use a beam balance and safe classroom items to compare and measure mass. They identify the kilogram as a standard unit, make or use 1 kg reference masses, record results, and discuss where kilograms are used in daily life.","","true","0","10","grade-2-math-batch-3","2026-06-10T07:32:04.177Z","2026-06-11T09:54:05.773Z","","","false","false","2026-06-10T08:15:54.741+00:00"
"a0832964-1e92-4712-b621-0293fe0d1180","Introducing the Metre as a Standard Unit","g2-mathematics-introducing-the-metre-as-a-standard-unit","Measurement","2.1 Length","By the end of the lesson, the learner should be able to: measure length in metres","","What can you use to measure different lengths?","Learners in pairs/groups to use sticks of equal length to measure different lengths, record and discuss. Learners in pairs/groups to measure length using sticks of different lengths, including 1-metre sticks. Learners to make 1-metre sticks and use them in measuring various lengths. Learners to play","Learners in pairs/groups to use sticks of equal length to measure different lengths, record and discuss. Learners in pairs/groups to measure length using sticks of different lengths, including 1-metre sticks. Learners to make 1-metre sticks and use them in measuring various lengths. Learners to play","","true","0","10","grade-2-math-batch-3","2026-06-10T07:32:01.414Z","2026-06-11T09:54:04.527Z","","","false","false","2026-06-10T08:15:53.582+00:00"
"b9a13308-5e08-4251-95fd-251b25648e9b","Making and Using 1 Kilogram Reference Masses","g2-mathematics-making-and-using-1-kilogram-reference-masses","Measurement","2.2 Mass","By the end of the lesson, the learner should be able to: use a 1 kilogram reference mass to measure other items","","What can we use to measure mass?","Learners use a beam balance and safe classroom items to compare and measure mass. They identify the kilogram as a standard unit, make or use 1 kg reference masses, record results, and discuss where kilograms are used in daily life.","Learners use a beam balance and safe classroom items to compare and measure mass. They identify the kilogram as a standard unit, make or use 1 kg reference masses, record results, and discuss where kilograms are used in daily life.","","true","0","10","grade-2-math-batch-3","2026-06-10T07:32:05.552Z","2026-06-11T09:54:06.476Z","","","false","false","2026-06-10T08:15:55.508+00:00"
"871b6ab6-d91f-4590-ba55-c895971d4302","Making and Using 1-Metre Sticks","g2-mathematics-making-and-using-1-metre-sticks","Measurement","2.1 Length","By the end of the lesson, the learner should be able to: measure length in metres","","What can you use to measure different lengths?","Learners in pairs/groups to use sticks of equal length to measure different lengths, record and discuss. Learners in pairs/groups to measure length using sticks of different lengths, including 1-metre sticks. Learners to make 1-metre sticks and use them in measuring various lengths. Learners to play","Learners in pairs/groups to use sticks of equal length to measure different lengths, record and discuss. Learners in pairs/groups to measure length using sticks of different lengths, including 1-metre sticks. Learners to make 1-metre sticks and use them in measuring various lengths. Learners to play","","true","0","10","grade-2-math-batch-3","2026-06-10T07:32:02.085Z","2026-06-11T09:54:04.873Z","","","false","false","2026-06-10T08:15:53.97+00:00"
"e7fe9c54-78ef-40dd-8f1c-145becf4c069","Making the Same Amount in Different Denominations","g2-mathematics-making-the-same-amount-in-different-denominations","Measurement","2.5 Money","By the end of the lesson, the learner should be able to: represent the same amount of money in different denominations","","How can you identify and use different Kenyan currencies?","Learners sort Kenyan coins and notes up to Sh.100, count different denominations, represent the same amount in different ways, use a classroom shop to connect money to goods and services, and discuss needs and wants.","Learners sort Kenyan coins and notes up to Sh.100, count different denominations, represent the same amount in different ways, use a classroom shop to connect money to goods and services, and discuss needs and wants.","","true","0","10","grade-2-math-batch-3","2026-06-10T07:32:19.790Z","2026-06-11T09:54:15.354Z","","","false","false","2026-06-10T08:16:03.591+00:00"
"0e5d3dcf-fbde-4c5d-84b7-4ca3d4db44fe","Mass in Kilograms: Practice and Assessment","g2-mathematics-mass-in-kilograms-practice-and-assessment","Measurement","2.2 Mass","By the end of the lesson, the learner should be able to: measure mass in kilograms and explain the result","","What can we use to measure mass?","Learners use a beam balance and safe classroom items to compare and measure mass. They identify the kilogram as a standard unit, make or use 1 kg reference masses, record results, and discuss where kilograms are used in daily life.","Learners use a beam balance and safe classroom items to compare and measure mass. They identify the kilogram as a standard unit, make or use 1 kg reference masses, record results, and discuss where kilograms are used in daily life.","","true","0","10","grade-2-math-batch-3","2026-06-10T07:32:06.872Z","2026-06-11T09:54:07.413Z","","","false","false","2026-06-10T08:15:56.249+00:00"
"11304516-aa21-46f2-8bff-64b8b78a4882","Measuring Capacity of Different Containers in Litres","g2-mathematics-measuring-capacity-of-different-containers-in-litres","Measurement","2.3 Capacity","By the end of the lesson, the learner should be able to: measure capacity of different containers in litres","","What can you use to measure capacity of different containers?","Learners use containers of equal and known capacity to fill larger containers, count litres used, identify the litre as a standard unit, measure capacity in litres, and connect the activity to water use at home and school.","Learners use containers of equal and known capacity to fill larger containers, count litres used, identify the litre as a standard unit, measure capacity in litres, and connect the activity to water use at home and school.","","true","0","10","grade-2-math-batch-3","2026-06-10T07:32:09.549Z","2026-06-11T09:54:08.603Z","","","false","false","2026-06-10T08:15:57.375+00:00"
"3297344e-7e67-4efc-af9b-383168f9fd3a","Measuring Classroom Items in Kilograms","g2-mathematics-measuring-classroom-items-in-kilograms","Measurement","2.2 Mass","By the end of the lesson, the learner should be able to: measure mass in kilograms using safe classroom items","","What can we use to measure mass?","Learners use a beam balance and safe classroom items to compare and measure mass. They identify the kilogram as a standard unit, make or use 1 kg reference masses, record results, and discuss where kilograms are used in daily life.","Learners use a beam balance and safe classroom items to compare and measure mass. They identify the kilogram as a standard unit, make or use 1 kg reference masses, record results, and discuss where kilograms are used in daily life.","","true","0","10","grade-2-math-batch-3","2026-06-10T07:32:06.209Z","2026-06-11T09:54:06.761Z","","","false","false","2026-06-10T08:15:55.893+00:00"
"95b7d152-18ab-4e3e-8114-19742f6839a0","Measuring Length in Metres/m","g2-mathematics-measuring-length-in-metres","Measurement","Length","By the end of the lesson, the learner should be able to measure the length of classroom objects using fixed units, identify the metre as a standard unit of measuring length, measure short distances in","","","","1. Look at the metre rule or tape measure and identify the metre mark. 2. Choose three classroom objects or spaces to measure. 3. First estimate whether each item is less than, about, or more than 1 metre. 4. Work with a partner to place the metre rule from one end of the object to the other without","","","10","10","","2026-06-07T03:03:34.992Z","","","","false","true","2026-06-08T17:15:24.624+00:00"
"9512b162-b896-4329-8bdc-16f0d5b370df","Measuring Mass Using Fixed Units","g2-mathematics-measuring-mass-using-fixed-units","Measurement","2.2 Mass","By the end of the lesson, the learner should be able to: measure mass using fixed units","","What can we use to measure mass?","Learners use a beam balance and safe classroom items to compare and measure mass. They identify the kilogram as a standard unit, make or use 1 kg reference masses, record results, and discuss where kilograms are used in daily life.","Learners use a beam balance and safe classroom items to compare and measure mass. They identify the kilogram as a standard unit, make or use 1 kg reference masses, record results, and discuss where kilograms are used in daily life.","","true","0","10","grade-2-math-batch-3","2026-06-10T07:32:03.459Z","2026-06-11T09:54:05.400Z","","","false","false","2026-06-10T08:15:54.342+00:00"
"3d62e0f4-74d5-4850-bad1-15c1764559e6","Measuring Time Using Arbitrary Units","g2-mathematics-measuring-time-using-arbitrary-units","Measurement","2.4 Time","By the end of the lesson, the learner should be able to: measure time using arbitrary units","","How can we know and show time?","Learners discuss months of the year and events linked to them, recite the number of days in months, measure duration using simple arbitrary and fixed units, observe a clock face, identify the hour and minute hands, and read, tell, and write time by the hour.","Learners discuss months of the year and events linked to them, recite the number of days in months, measure duration using simple arbitrary and fixed units, observe a clock face, identify the hour and minute hands, and read, tell, and write time by the hour.","","true","0","10","grade-2-math-batch-3","2026-06-10T07:32:12.313Z","2026-06-11T09:54:11.567Z","","","false","false","2026-06-10T08:15:59.739+00:00"
"27ee7818-cc7f-4094-9ad0-f1bc16adc146","Measuring Time Using Fixed Units","g2-mathematics-measuring-time-using-fixed-units","Measurement","2.4 Time","By the end of the lesson, the learner should be able to: measure time using fixed units","","How can we know and show time?","Learners discuss months of the year and events linked to them, recite the number of days in months, measure duration using simple arbitrary and fixed units, observe a clock face, identify the hour and minute hands, and read, tell, and write time by the hour.","Learners discuss months of the year and events linked to them, recite the number of days in months, measure duration using simple arbitrary and fixed units, observe a clock face, identify the hour and minute hands, and read, tell, and write time by the hour.","","true","0","10","grade-2-math-batch-3","2026-06-10T07:32:13.051Z","2026-06-11T09:54:12.122Z","","","false","false","2026-06-10T08:16:00.14+00:00"
"e03ddcd9-227b-437d-93bb-5eafdc3a7a79","Money: Practice and Assessment","g2-mathematics-money-practice-and-assessment","Measurement","2.5 Money","By the end of the lesson, the learner should be able to: count, represent, and use money up to sh.100","","How can you identify and use different Kenyan currencies?","Learners sort Kenyan coins and notes up to Sh.100, count different denominations, represent the same amount in different ways, use a classroom shop to connect money to goods and services, and discuss needs and wants.","Learners sort Kenyan coins and notes up to Sh.100, count different denominations, represent the same amount in different ways, use a classroom shop to connect money to goods and services, and discuss needs and wants.","","true","0","10","grade-2-math-batch-3","2026-06-10T07:32:23.190Z","2026-06-11T09:54:16.662Z","","","false","false","2026-06-10T08:16:05.112+00:00"
"ffd55a4b-a06e-429a-a664-bd7d12b9d6e0","Months of the Year and Activities","g2-mathematics-months-of-the-year-and-activities","Measurement","2.4 Time","By the end of the lesson, the learner should be able to: relate months of the year with various activities","","How can we know and show time?","Learners discuss months of the year and events linked to them, recite the number of days in months, measure duration using simple arbitrary and fixed units, observe a clock face, identify the hour and minute hands, and read, tell, and write time by the hour.","Learners discuss months of the year and events linked to them, recite the number of days in months, measure duration using simple arbitrary and fixed units, observe a clock face, identify the hour and minute hands, and read, tell, and write time by the hour.","","true","0","10","grade-2-math-batch-3","2026-06-10T07:32:10.884Z","2026-06-11T09:54:10.291Z","","","false","false","2026-06-10T08:15:58.958+00:00"
"f2a52e96-1524-4154-9984-67ec8ac37846","Number of Days in Each Month","g2-mathematics-number-of-days-in-each-month","Measurement","2.4 Time","By the end of the lesson, the learner should be able to: recite the number of days in each month of the year","","How can we know and show time?","Learners discuss months of the year and events linked to them, recite the number of days in months, measure duration using simple arbitrary and fixed units, observe a clock face, identify the hour and minute hands, and read, tell, and write time by the hour.","Learners discuss months of the year and events linked to them, recite the number of days in months, measure duration using simple arbitrary and fixed units, observe a clock face, identify the hour and minute hands, and read, tell, and write time by the hour.","","true","0","10","grade-2-math-batch-3","2026-06-10T07:32:11.579Z","2026-06-11T09:54:10.928Z","","","false","false","2026-06-10T08:15:59.357+00:00"
"b95ac1a5-4ffc-45fa-9a97-9429d32ece97","Reading Time by the Hour on an Analogue Clock","g2-mathematics-reading-time-by-the-hour-on-an-analogue-clock","Measurement","2.4 Time","By the end of the lesson, the learner should be able to: read and tell time by the hour","","How can we know and show time?","Learners discuss months of the year and events linked to them, recite the number of days in months, measure duration using simple arbitrary and fixed units, observe a clock face, identify the hour and minute hands, and read, tell, and write time by the hour.","Learners discuss months of the year and events linked to them, recite the number of days in months, measure duration using simple arbitrary and fixed units, observe a clock face, identify the hour and minute hands, and read, tell, and write time by the hour.","","true","0","10","grade-2-math-batch-3","2026-06-10T07:32:15.071Z","2026-06-11T09:54:13.167Z","","","false","false","2026-06-10T08:16:01.252+00:00"
"d58def14-a976-4701-93b6-d4ace7a49976","Relating Money to Goods and Services","g2-mathematics-relating-money-to-goods-and-services","Measurement","2.5 Money","By the end of the lesson, the learner should be able to: relate money to goods and services up to sh.100","","How can you identify and use different Kenyan currencies?","Learners sort Kenyan coins and notes up to Sh.100, count different denominations, represent the same amount in different ways, use a classroom shop to connect money to goods and services, and discuss needs and wants.","Learners sort Kenyan coins and notes up to Sh.100, count different denominations, represent the same amount in different ways, use a classroom shop to connect money to goods and services, and discuss needs and wants.","","true","0","10","grade-2-math-batch-3","2026-06-10T07:32:20.461Z","2026-06-11T09:54:15.724Z","","","false","false","2026-06-10T08:16:03.943+00:00"
"5e85be83-a1bd-4083-9541-001314eab7c6","Sorting Coins and Notes by Features","g2-mathematics-sorting-coins-and-notes-by-features","Measurement","2.5 Money","By the end of the lesson, the learner should be able to: sort coins and notes by value and features","","How can you identify and use different Kenyan currencies?","Learners sort Kenyan coins and notes up to Sh.100, count different denominations, represent the same amount in different ways, use a classroom shop to connect money to goods and services, and discuss needs and wants.","Learners sort Kenyan coins and notes up to Sh.100, count different denominations, represent the same amount in different ways, use a classroom shop to connect money to goods and services, and discuss needs and wants.","","true","0","10","grade-2-math-batch-3","2026-06-10T07:32:17.736Z","2026-06-11T09:54:14.416Z","","","false","false","2026-06-10T08:16:02.838+00:00"
"b82e24ed-8fcf-41b6-a7eb-88b8cf9c33aa","Time by the Hour in Daily Life","g2-mathematics-time-by-the-hour-in-daily-life","Measurement","2.4 Time","By the end of the lesson, the learner should be able to: apply time by the hour to daily activities","","How can we know and show time?","Learners discuss months of the year and events linked to them, recite the number of days in months, measure duration using simple arbitrary and fixed units, observe a clock face, identify the hour and minute hands, and read, tell, and write time by the hour.","Learners discuss months of the year and events linked to them, recite the number of days in months, measure duration using simple arbitrary and fixed units, observe a clock face, identify the hour and minute hands, and read, tell, and write time by the hour.","","true","0","10","grade-2-math-batch-3","2026-06-10T07:32:16.410Z","2026-06-11T09:54:13.808Z","","","false","false","2026-06-10T08:16:02.068+00:00"
"736c02da-89a2-479f-80bc-87fca0d45683","Time: Practice and Assessment","g2-mathematics-time-practice-and-assessment","Measurement","2.4 Time","By the end of the lesson, the learner should be able to: read, tell, and write time by the hour","","How can we know and show time?","Learners discuss months of the year and events linked to them, recite the number of days in months, measure duration using simple arbitrary and fixed units, observe a clock face, identify the hour and minute hands, and read, tell, and write time by the hour.","Learners discuss months of the year and events linked to them, recite the number of days in months, measure duration using simple arbitrary and fixed units, observe a clock face, identify the hour and minute hands, and read, tell, and write time by the hour.","","true","0","10","grade-2-math-batch-3","2026-06-10T07:32:17.048Z","2026-06-11T09:54:14.171Z","","","false","false","2026-06-10T08:16:02.435+00:00"
"aa83b63f-29b9-4b7d-b8cc-9621abdd8a16","Using a Beam Balance to Compare Mass","g2-mathematics-using-a-beam-balance-to-compare-mass","Measurement","2.2 Mass","By the end of the lesson, the learner should be able to: use a beam balance to compare and discuss masses","","What can we use to measure mass?","Learners use a beam balance and safe classroom items to compare and measure mass. They identify the kilogram as a standard unit, make or use 1 kg reference masses, record results, and discuss where kilograms are used in daily life.","Learners use a beam balance and safe classroom items to compare and measure mass. They identify the kilogram as a standard unit, make or use 1 kg reference masses, record results, and discuss where kilograms are used in daily life.","","true","0","10","grade-2-math-batch-3","2026-06-10T07:32:04.861Z","2026-06-11T09:54:06.039Z","","","false","false","2026-06-10T08:15:55.142+00:00"
"af6cafca-2aa7-4dfe-9058-f61201f5fbb5","Writing Time by the Hour","g2-mathematics-writing-time-by-the-hour","Measurement","2.4 Time","By the end of the lesson, the learner should be able to: write time by the hour","","How can we know and show time?","Learners discuss months of the year and events linked to them, recite the number of days in months, measure duration using simple arbitrary and fixed units, observe a clock face, identify the hour and minute hands, and read, tell, and write time by the hour.","Learners discuss months of the year and events linked to them, recite the number of days in months, measure duration using simple arbitrary and fixed units, observe a clock face, identify the hour and minute hands, and read, tell, and write time by the hour.","","true","0","10","grade-2-math-batch-3","2026-06-10T07:32:15.721Z","2026-06-11T09:54:13.559Z","","","false","false","2026-06-10T08:16:01.639+00:00"
"8019d7fd-a1a2-417d-9822-d70a676847d0","Counting to 100 *Soh","g2-mathematics-counting-to-100","Number Concept","Counting","Learners should be able to count objects up to 100","","","","Provide beads in groups of 10. Learners count aloud.","","false","10","0","g2-math-hq-1781322732668","2026-06-13T03:52:13.732Z","","math-journey-generator-v1","bo2A425u6hk","true","false","2026-06-07T02:02:14.652+00:00"
"5f1f7551-1c06-40d2-a10d-14cdece75151","Adding 3 Single Digit Numbers Horizontally","g2-mathematics-adding-3-single-digit-numbers-horizontally","Numbers","1.4 Addition","By the end of the lesson, the learner should be able to: work out missing numbers in patterns involving addition of whole numbers up to 100","","How can we align a 2-digit number and a 1-digit number vertically in order to add? When do we regroup?","Learners in pairs to write addition sentences given in horizontal form vertically according to place value. Learners to add a 2-digit number to a 1-digit number without and with regrouping. Learners to practice addition by skipping on the number line. Learners in pairs/groups to collect different sa","Learners in pairs to write addition sentences given in horizontal form vertically according to place value. Learners to add a 2-digit number to a 1-digit number without and with regrouping. Learners to practice addition by skipping on the number line. Learners in pairs/groups to collect different sa","","false","10","0","g2-math-hq-1781322732668","2026-06-13T03:52:25.168Z","2026-06-11T09:53:48.916Z","math-journey-generator-v1","pAtrNu8y6FQ","true","false","2026-06-10T08:15:38.134+00:00"
"70fdce2b-3284-4c89-8497-036aee7d9207","Adding 3 Single Digit Numbers Vertically","g2-mathematics-adding-3-single-digit-numbers-vertically","Numbers","1.4 Addition","By the end of the lesson, the learner should be able to: work out missing numbers in patterns involving addition of whole numbers up to 100","","How can we align a 2-digit number and a 1-digit number vertically in order to add? When do we regroup?","Learners in pairs to write addition sentences given in horizontal form vertically according to place value. Learners to add a 2-digit number to a 1-digit number without and with regrouping. Learners to practice addition by skipping on the number line. Learners in pairs/groups to collect different sa","Learners in pairs to write addition sentences given in horizontal form vertically according to place value. Learners to add a 2-digit number to a 1-digit number without and with regrouping. Learners to practice addition by skipping on the number line. Learners in pairs/groups to collect different sa","","false","10","0","g2-math-hq-1781322732668","2026-06-13T03:52:25.637Z","2026-06-11T09:53:49.403Z","math-journey-generator-v1","pAtrNu8y6FQ","true","false","2026-06-10T08:15:38.55+00:00"
"f58faf50-97f7-4340-b17f-9eff6f08e38d","Adding Single Digit Numbers Vertically","g2-mathematics-adding-single-digit-numbers-vertically","Numbers","1.4 Addition","By the end of the lesson, the learner should be able to: add 3-single digit numbers up to a sum of 20","","How can we align a 2-digit number and a 1-digit number vertically in order to add? When do we regroup?","Learners in pairs to write addition sentences given in horizontal form vertically according to place value. Learners to add a 2-digit number to a 1-digit number without and with regrouping. Learners to practice addition by skipping on the number line. Learners in pairs/groups to collect different sa","Learners in pairs to write addition sentences given in horizontal form vertically according to place value. Learners to add a 2-digit number to a 1-digit number without and with regrouping. Learners to practice addition by skipping on the number line. Learners in pairs/groups to collect different sa","","false","10","0","g2-math-hq-1781322732668","2026-06-13T03:52:23.783Z","2026-06-11T09:53:47.901Z","math-journey-generator-v1","pAtrNu8y6FQ","true","false","2026-06-10T08:15:36.957+00:00"
"d7cdedaa-4fc1-42fa-8f28-7aef3761a645","Adding Two 2-Digit Numbers With Regrouping","g2-mathematics-adding-two-2-digit-numbers-with-regrouping","Numbers","1.4 Addition","By the end of the lesson, the learner should be able to: work out missing numbers in patterns involving addition of whole numbers up to 100","","How can we align a 2-digit number and a 1-digit number vertically in order to add? When do we regroup?","Learners in pairs to write addition sentences given in horizontal form vertically according to place value. Learners to add a 2-digit number to a 1-digit number without and with regrouping. Learners to practice addition by skipping on the number line. Learners in pairs/groups to collect different sa","Learners in pairs to write addition sentences given in horizontal form vertically according to place value. Learners to add a 2-digit number to a 1-digit number without and with regrouping. Learners to practice addition by skipping on the number line. Learners in pairs/groups to collect different sa","","false","10","0","g2-math-hq-1781322732668","2026-06-13T03:52:27.043Z","2026-06-11T09:53:35.883Z","math-journey-generator-v1","pAtrNu8y6FQ","true","false","2026-06-10T08:15:24.868+00:00"
"981b27eb-9d0d-4450-9bed-e76f1ba54c96","Adding Two 2-Digit Numbers Without Regrouping","g2-mathematics-adding-two-2-digit-numbers-without-regrouping","Numbers","1.4 Addition","By the end of the lesson, the learner should be able to: work out missing numbers in patterns involving addition of whole numbers up to 100","","How can we align a 2-digit number and a 1-digit number vertically in order to add? When do we regroup?","Learners in pairs to write addition sentences given in horizontal form vertically according to place value. Learners to add a 2-digit number to a 1-digit number without and with regrouping. Learners to practice addition by skipping on the number line. Learners in pairs/groups to collect different sa","Learners in pairs to write addition sentences given in horizontal form vertically according to place value. Learners to add a 2-digit number to a 1-digit number without and with regrouping. Learners to practice addition by skipping on the number line. Learners in pairs/groups to collect different sa","","false","10","0","g2-math-hq-1781322732668","2026-06-13T03:52:26.551Z","2026-06-11T09:53:34.682Z","math-journey-generator-v1","pAtrNu8y6FQ","true","false","2026-06-10T08:15:23.53+00:00"
"4fa40ac0-f60d-4f98-9d23-f85566b28af6","Adding Using the Number Line","g2-mathematics-adding-using-the-number-line","Numbers","1.4 Addition","By the end of the lesson, the learner should be able to: work out missing numbers in patterns involving addition of whole numbers up to 100","","How can we align a 2-digit number and a 1-digit number vertically in order to add? When do we regroup?","Learners in pairs to write addition sentences given in horizontal form vertically according to place value. Learners to add a 2-digit number to a 1-digit number without and with regrouping. Learners to practice addition by skipping on the number line. Learners in pairs/groups to collect different sa","Learners in pairs to write addition sentences given in horizontal form vertically according to place value. Learners to add a 2-digit number to a 1-digit number without and with regrouping. Learners to practice addition by skipping on the number line. Learners in pairs/groups to collect different sa","","false","10","0","g2-math-hq-1781322732668","2026-06-13T03:52:24.703Z","2026-06-11T09:53:48.531Z","math-journey-generator-v1","pAtrNu8y6FQ","true","false","2026-06-10T08:15:37.716+00:00"
"4db719cc-28b2-4a24-82f3-71509f643d54","Addition: Assessment and Review","g2-mathematics-addition-assessment-and-review","Numbers","1.4 Addition","By the end of the lesson, the learner should be able to: work out missing numbers in patterns involving addition of whole numbers up to 100","","How can we align a 2-digit number and a 1-digit number vertically in order to add? When do we regroup?","Learners in pairs to write addition sentences given in horizontal form vertically according to place value. Learners to add a 2-digit number to a 1-digit number without and with regrouping. Learners to practice addition by skipping on the number line. Learners in pairs/groups to collect different sa","Learners in pairs to write addition sentences given in horizontal form vertically according to place value. Learners to add a 2-digit number to a 1-digit number without and with regrouping. Learners to practice addition by skipping on the number line. Learners in pairs/groups to collect different sa","","true","0","10","grade-2-math-batch-2","2026-06-09T17:00:56.561Z","2026-06-11T09:53:51.640Z","","","false","false","2026-06-10T08:15:40.103+00:00"
"627e0732-926b-4f12-9f0c-a13f170e747a","Addition: Community Application","g2-mathematics-addition-community-application","Numbers","1.4 Addition","By the end of the lesson, the learner should be able to: work out missing numbers in patterns involving addition of whole numbers up to 100","","How can we align a 2-digit number and a 1-digit number vertically in order to add? When do we regroup?","Learners in pairs to write addition sentences given in horizontal form vertically according to place value. Learners to add a 2-digit number to a 1-digit number without and with regrouping. Learners to practice addition by skipping on the number line. Learners in pairs/groups to collect different sa","Learners in pairs to write addition sentences given in horizontal form vertically according to place value. Learners to add a 2-digit number to a 1-digit number without and with regrouping. Learners to practice addition by skipping on the number line. Learners in pairs/groups to collect different sa","","true","0","10","grade-2-math-batch-2","2026-06-09T17:00:57.216Z","2026-06-11T09:53:50.279Z","","","false","false","2026-06-10T08:15:41.291+00:00"
"fe6f4998-52b5-40eb-8e39-2e8e3432b8ab","Addition: Creating Number Patterns","g2-mathematics-addition-creating-number-patterns","Numbers","1.4 Addition","By the end of the lesson, the learner should be able to: work out missing numbers in patterns involving addition of whole numbers up to 100","","How can we align a 2-digit number and a 1-digit number vertically in order to add? When do we regroup?","Learners in pairs to write addition sentences given in horizontal form vertically according to place value. Learners to add a 2-digit number to a 1-digit number without and with regrouping. Learners to practice addition by skipping on the number line. Learners in pairs/groups to collect different sa","Learners in pairs to write addition sentences given in horizontal form vertically according to place value. Learners to add a 2-digit number to a 1-digit number without and with regrouping. Learners to practice addition by skipping on the number line. Learners in pairs/groups to collect different sa","","true","0","10","grade-2-math-batch-2","2026-06-09T17:00:57.963Z","2026-06-11T09:53:49.993Z","","","false","false","2026-06-10T08:15:40.904+00:00"
"3b7a611d-0908-42c8-a0f2-394fdac48db3","Addition: Digital Games","g2-mathematics-addition-digital-games","Numbers","1.4 Addition","By the end of the lesson, the learner should be able to: work out missing numbers in patterns involving addition of whole numbers up to 100","","How can we align a 2-digit number and a 1-digit number vertically in order to add? When do we regroup?","Learners in pairs to write addition sentences given in horizontal form vertically according to place value. Learners to add a 2-digit number to a 1-digit number without and with regrouping. Learners to practice addition by skipping on the number line. Learners in pairs/groups to collect different sa","Learners in pairs to write addition sentences given in horizontal form vertically according to place value. Learners to add a 2-digit number to a 1-digit number without and with regrouping. Learners to practice addition by skipping on the number line. Learners in pairs/groups to collect different sa","","true","0","10","grade-2-math-batch-2","2026-06-09T17:00:58.720Z","2026-06-11T09:53:50.978Z","","","false","false","2026-06-10T08:15:39.336+00:00"
"4da16052-0c43-48f6-8413-b802526461f0","Addition: Missing Numbers in Patterns","g2-mathematics-addition-missing-numbers-in-patterns","Numbers","1.4 Addition","By the end of the lesson, the learner should be able to: work out missing numbers in patterns involving addition of whole numbers up to 100","","How can we align a 2-digit number and a 1-digit number vertically in order to add? When do we regroup?","Learners in pairs to write addition sentences given in horizontal form vertically according to place value. Learners to add a 2-digit number to a 1-digit number without and with regrouping. Learners to practice addition by skipping on the number line. Learners in pairs/groups to collect different sa","Learners in pairs to write addition sentences given in horizontal form vertically according to place value. Learners to add a 2-digit number to a 1-digit number without and with regrouping. Learners to practice addition by skipping on the number line. Learners in pairs/groups to collect different sa","","true","0","10","grade-2-math-batch-2","2026-06-09T17:00:59.371Z","2026-06-11T09:53:52.003Z","","","false","false","2026-06-10T08:15:40.499+00:00"
"a669d5eb-9e51-4270-a439-7cd2568c5daf","Addition: Practice and Application","g2-mathematics-addition-practice-and-application","Numbers","1.4 Addition","By the end of the lesson, the learner should be able to: work out missing numbers in patterns involving addition of whole numbers up to 100","","How can we align a 2-digit number and a 1-digit number vertically in order to add? When do we regroup?","Learners in pairs to write addition sentences given in horizontal form vertically according to place value. Learners to add a 2-digit number to a 1-digit number without and with regrouping. Learners to practice addition by skipping on the number line. Learners in pairs/groups to collect different sa","Learners in pairs to write addition sentences given in horizontal form vertically according to place value. Learners to add a 2-digit number to a 1-digit number without and with regrouping. Learners to practice addition by skipping on the number line. Learners in pairs/groups to collect different sa","","true","0","10","grade-2-math-batch-2","2026-06-09T17:01:00.184Z","2026-06-11T09:53:50.642Z","","","false","false","2026-06-10T08:15:38.935+00:00"
"0f23169f-b325-40a9-9145-488f5115142b","Addition: Word Problems with 2-Digit Numbers","g2-mathematics-addition-word-problems-with-2-digit-numbers","Numbers","1.4 Addition","By the end of the lesson, the learner should be able to: work out missing numbers in patterns involving addition of whole numbers up to 100","","How can we align a 2-digit number and a 1-digit number vertically in order to add? When do we regroup?","Learners in pairs to write addition sentences given in horizontal form vertically according to place value. Learners to add a 2-digit number to a 1-digit number without and with regrouping. Learners to practice addition by skipping on the number line. Learners in pairs/groups to collect different sa","Learners in pairs to write addition sentences given in horizontal form vertically according to place value. Learners to add a 2-digit number to a 1-digit number without and with regrouping. Learners to practice addition by skipping on the number line. Learners in pairs/groups to collect different sa","","true","0","10","grade-2-math-batch-2","2026-06-09T17:01:00.843Z","2026-06-11T09:53:51.335Z","","","false","false","2026-06-10T08:15:39.7+00:00"
"5cea9ba8-0047-466b-a4eb-6c1e80b3c92a","Breaking Numbers Apart to Make 10","g2-mathematics-breaking-numbers-apart-to-make-10","Numbers","1.4 Addition","By the end of the lesson, the learner should be able to: work out missing numbers in patterns involving addition of whole numbers up to 100","","How can we align a 2-digit number and a 1-digit number vertically in order to add? When do we regroup?","Learners in pairs to write addition sentences given in horizontal form vertically according to place value. Learners to add a 2-digit number to a 1-digit number without and with regrouping. Learners to practice addition by skipping on the number line. Learners in pairs/groups to collect different sa","Learners in pairs to write addition sentences given in horizontal form vertically according to place value. Learners to add a 2-digit number to a 1-digit number without and with regrouping. Learners to practice addition by skipping on the number line. Learners in pairs/groups to collect different sa","","false","10","0","g2-math-hq-1781322732668","2026-06-13T03:52:26.098Z","2026-06-11T09:53:32.943Z","math-journey-generator-v1","pAtrNu8y6FQ","true","false","2026-06-10T08:15:22.202+00:00"
"839653eb-cd5e-405b-a483-b6d307fee352","Comparing Fractions: 1/2 and 1/4","g2-mathematics-comparing-fractions-1-2-and-1-4","Numbers","1.3 Fractions","By the end of the lesson, the learner should be able to: identify 1/4 as part of a whole","","What fraction do you get when you fold a circular paper cut-out into 4 equal parts?","Learners in pairs to make circular paper cut-outs. Learners in pairs to fold the circular paper cut-outs into two equal parts and identify one of the parts as a half of the whole written as 1/2. Learners in pairs to make rectangular paper cut-outs and fold them into two equal parts to get a half. Le","Learners in pairs to make circular paper cut-outs. Learners in pairs to fold the circular paper cut-outs into two equal parts and identify one of the parts as a half of the whole written as 1/2. Learners in pairs to make rectangular paper cut-outs and fold them into two equal parts to get a half. Le","","true","10","10","grade-2-math-batch-3","2026-06-10T07:31:29.935Z","2026-06-11T09:53:46.122Z","","","false","false","2026-06-10T08:15:34.942+00:00"
"f9dd1dbb-250d-4591-af46-ad35e335d40c","Comparing Numbers","g2-mathematics-comparing-numbers","Numbers","Whole Numbers","Compare numbers","","","","Compare two groups of objects","","","0","10","","2026-06-07T01:51:10.353Z","","","","false","true","2026-06-07T01:54:14.334+00:00"
"22d83674-88b9-4431-ac3c-264ba5115764","Counting in 10s Forward up to 100","g2-mathematics-counting-in-10s-forward-up-to-100","Numbers","1.2 Whole Numbers","By the end of the lesson, the learner should be able to: work out missing numbers in number patterns up to 100","","How do we get the next number in a pattern?","Learners in pairs/groups to count in 2's and 5's forward and backward starting from any point. Learners in pairs/groups to count their fingers and toes in 2's and 10's. Learners in pairs/groups to discuss place value up to hundreds. Learners in pairs to read numbers 1-100 in symbols. Learners to rea","Learners in pairs/groups to count in 2's and 5's forward and backward starting from any point. Learners in pairs/groups to count their fingers and toes in 2's and 10's. Learners in pairs/groups to discuss place value up to hundreds. Learners in pairs to read numbers 1-100 in symbols. Learners to rea","","false","10","0","g2-math-hq-1781322732668","2026-06-13T03:52:19.393Z","2026-06-11T09:53:38.844Z","math-journey-generator-v1","bo2A425u6hk","true","false","2026-06-10T08:15:28.007+00:00"
"74590ca5-c695-4bf2-a990-6be39c08285b","Counting in 2s Backward up to 100","g2-mathematics-counting-in-2s-backward-up-to-100","Numbers","1.2 Whole Numbers","By the end of the lesson, the learner should be able to: identify place value up to hundreds","","How do we get the next number in a pattern?","Learners in pairs/groups to count in 2's and 5's forward and backward starting from any point. Learners in pairs/groups to count their fingers and toes in 2's and 10's. Learners in pairs/groups to discuss place value up to hundreds. Learners in pairs to read numbers 1-100 in symbols. Learners to rea","Learners in pairs/groups to count in 2's and 5's forward and backward starting from any point. Learners in pairs/groups to count their fingers and toes in 2's and 10's. Learners in pairs/groups to discuss place value up to hundreds. Learners in pairs to read numbers 1-100 in symbols. Learners to rea","","false","10","0","g2-math-hq-1781322732668","2026-06-13T03:52:18.428Z","2026-06-11T09:53:37.902Z","math-journey-generator-v1","bo2A425u6hk","true","false","2026-06-10T08:15:27.068+00:00"
"71850381-f070-437f-8bec-8fec93d6f7cc","Counting in 5s Forward up to 100","g2-mathematics-counting-in-5s-forward-up-to-100","Numbers","1.2 Whole Numbers","By the end of the lesson, the learner should be able to: read numbers 1-100 in symbols","","How do we get the next number in a pattern?","Learners in pairs/groups to count in 2's and 5's forward and backward starting from any point. Learners in pairs/groups to count their fingers and toes in 2's and 10's. Learners in pairs/groups to discuss place value up to hundreds. Learners in pairs to read numbers 1-100 in symbols. Learners to rea","Learners in pairs/groups to count in 2's and 5's forward and backward starting from any point. Learners in pairs/groups to count their fingers and toes in 2's and 10's. Learners in pairs/groups to discuss place value up to hundreds. Learners in pairs to read numbers 1-100 in symbols. Learners to rea","","false","10","0","g2-math-hq-1781322732668","2026-06-13T03:52:18.912Z","2026-06-11T09:53:38.315Z","math-journey-generator-v1","bo2A425u6hk","true","false","2026-06-10T08:15:27.497+00:00"
"04a80f76-bf67-4c8c-b3f0-183a3b205e16","Counting Numbers 1 to 100 Backward","g2-mathematics-counting-numbers-1-to-100-backward","Numbers","1.1 Number Concept","By the end of the lesson, the learner should be able to: represent numbers 1-100 using concrete objects in the environment","","How can we find the number of objects in a group?","Learners to read number names from 1-100. Learners in groups of five to count their fingers and toes. Learners in pairs/groups to play games of representing numbers 1-100 using safe concrete objects. Learners to play digital games of representing groups with numbers.","Learners to read number names from 1-100. Learners in groups of five to count their fingers and toes. Learners in pairs/groups to play games of representing numbers 1-100 using safe concrete objects. Learners to play digital games of representing groups with numbers.","","false","10","0","g2-math-hq-1781322732668","2026-06-13T03:52:17.027Z","2026-06-11T09:53:36.602Z","math-journey-generator-v1","bo2A425u6hk","true","false","2026-06-10T08:15:25.776+00:00"
"239becec-4f84-4e38-8169-a0bc72730d5f","Counting Numbers 1 to 100 Forward","g2-mathematics-counting-numbers-1-to-100-forward","Numbers","1.1 Number Concept","By the end of the lesson, the learner should be able to: represent numbers 1-100 using concrete objects in the environment","","How can we find the number of objects in a group?","Learners to read number names from 1-100. Learners in groups of five to count their fingers and toes. Learners in pairs/groups to play games of representing numbers 1-100 using safe concrete objects. Learners to play digital games of representing groups with numbers.","Learners to read number names from 1-100. Learners in groups of five to count their fingers and toes. Learners in pairs/groups to play games of representing numbers 1-100 using safe concrete objects. Learners to play digital games of representing groups with numbers.","","false","10","0","g2-math-hq-1781322732668","2026-06-13T03:52:16.537Z","2026-06-11T09:53:36.143Z","math-journey-generator-v1","bo2A425u6hk","true","false","2026-06-10T08:15:25.331+00:00"
"ed0039bc-67b7-4c7f-ba0b-76cc80030328","Counting Numbers to 100","g2-mathematics-counting-numbers-to-100","Numbers","Whole Numbers","Count numbers up to 100","","","","Count objects around the classroom","","","11","10","content-cleanup-v1","2026-06-11T08:51:36.238Z","","content-cleanup","","false","false","2026-06-08T19:37:44.199+00:00"
"dbadac3a-b59b-4f76-bebf-efda6fb3e261","Digital Games with Fractions","g2-mathematics-digital-games-with-fractions","Numbers","1.3 Fractions","By the end of the lesson, the learner should be able to: identify 1/4 as part of a whole","","What fraction do you get when you fold a circular paper cut-out into 4 equal parts?","Learners in pairs to make circular paper cut-outs. Learners in pairs to fold the circular paper cut-outs into two equal parts and identify one of the parts as a half of the whole written as 1/2. Learners in pairs to make rectangular paper cut-outs and fold them into two equal parts to get a half. Le","Learners in pairs to make circular paper cut-outs. Learners in pairs to fold the circular paper cut-outs into two equal parts and identify one of the parts as a half of the whole written as 1/2. Learners in pairs to make rectangular paper cut-outs and fold them into two equal parts to get a half. Le","","false","10","0","g2-math-hq-1781322732668","2026-06-13T03:52:23.316Z","2026-06-11T09:53:46.839Z","math-journey-generator-v1","lTcewUmUnyE","true","false","2026-06-10T08:15:35.789+00:00"
"e82fbc22-3f1b-458d-b4f4-0ab50064e6f6","Dividing Numbers up to 25 by 2 and 3","g2-mathematics-dividing-numbers-up-to-25-by-2-and-3","Numbers","1.7 Division","By the end of the lesson, the learner should be able to: divide numbers up to 25 by 2, 3, 4 and 5 without a remainder in real life situations","","How can you share a given number of objects equally?","Learners in pairs/groups to share a given number of objects equally by each picking one object at a time until all are finished. Learners in pairs/groups to pick an equal number of objects at a time from the main group and count the number of small equal groups formed. Learners to use '÷' sign in wr","Learners in pairs/groups to share a given number of objects equally by each picking one object at a time until all are finished. Learners in pairs/groups to pick an equal number of objects at a time from the main group and count the number of small equal groups formed. Learners to use '÷' sign in wr","","true","0","10","grade-2-math-batch-3","2026-06-10T07:31:57.512Z","2026-06-11T09:54:02.716Z","","","false","false","2026-06-10T08:15:51.747+00:00"
"09d734a3-a5bc-4402-9d25-a842c5ccc1ea","Division as Equal Grouping","g2-mathematics-division-as-equal-grouping","Numbers","1.7 Division","By the end of the lesson, the learner should be able to: represent division as equal grouping","","How can you share a given number of objects equally?","Learners in pairs/groups to share a given number of objects equally by each picking one object at a time until all are finished. Learners in pairs/groups to pick an equal number of objects at a time from the main group and count the number of small equal groups formed. Learners to use '÷' sign in wr","Learners in pairs/groups to share a given number of objects equally by each picking one object at a time until all are finished. Learners in pairs/groups to pick an equal number of objects at a time from the main group and count the number of small equal groups formed. Learners to use '÷' sign in wr","","true","0","10","grade-2-math-batch-3","2026-06-10T07:31:56.218Z","2026-06-11T09:54:02.044Z","","","false","false","2026-06-10T08:15:51.026+00:00"
"85020d62-81c3-4efe-aef5-2abf8c37a5f3","Division: Digital Games","g2-mathematics-division-digital-games","Numbers","1.7 Division","By the end of the lesson, the learner should be able to: divide numbers up to 25 by 2, 3, 4 and 5 without a remainder in real life situations","","How can you share a given number of objects equally?","Learners in pairs/groups to share a given number of objects equally by each picking one object at a time until all are finished. Learners in pairs/groups to pick an equal number of objects at a time from the main group and count the number of small equal groups formed. Learners to use '÷' sign in wr","Learners in pairs/groups to share a given number of objects equally by each picking one object at a time until all are finished. Learners in pairs/groups to pick an equal number of objects at a time from the main group and count the number of small equal groups formed. Learners to use '÷' sign in wr","","true","0","10","grade-2-math-batch-3","2026-06-10T07:31:59.430Z","2026-06-11T09:54:03.405Z","","","false","false","2026-06-10T08:15:52.501+00:00"
"f18192e7-33d6-4b2b-9115-b882a36c9015","Division: Practice and Assessment","g2-mathematics-division-practice-and-assessment","Numbers","1.7 Division","By the end of the lesson, the learner should be able to: divide numbers up to 25 by 2, 3, 4 and 5 without a remainder in real life situations","","How can you share a given number of objects equally?","Learners in pairs/groups to share a given number of objects equally by each picking one object at a time until all are finished. Learners in pairs/groups to pick an equal number of objects at a time from the main group and count the number of small equal groups formed. Learners to use '÷' sign in wr","Learners in pairs/groups to share a given number of objects equally by each picking one object at a time until all are finished. Learners in pairs/groups to pick an equal number of objects at a time from the main group and count the number of small equal groups formed. Learners to use '÷' sign in wr","","true","0","10","grade-2-math-batch-3","2026-06-10T07:32:00.085Z","2026-06-11T09:54:03.878Z","","","false","false","2026-06-10T08:15:52.854+00:00"
"e740ce84-ae87-4282-bd10-d9335dd117c4","Division: Word Problems","g2-mathematics-division-word-problems","Numbers","1.7 Division","By the end of the lesson, the learner should be able to: divide numbers up to 25 by 2, 3, 4 and 5 without a remainder in real life situations","","How can you share a given number of objects equally?","Learners in pairs/groups to share a given number of objects equally by each picking one object at a time until all are finished. Learners in pairs/groups to pick an equal number of objects at a time from the main group and count the number of small equal groups formed. Learners to use '÷' sign in wr","Learners in pairs/groups to share a given number of objects equally by each picking one object at a time until all are finished. Learners in pairs/groups to pick an equal number of objects at a time from the main group and count the number of small equal groups formed. Learners to use '÷' sign in wr","","true","0","10","grade-2-math-batch-3","2026-06-10T07:31:58.775Z","2026-06-11T09:54:02.977Z","","","false","false","2026-06-10T08:15:52.116+00:00"
"7e886e8a-9486-430f-b035-12909bd581a6","Filling in Missing Numbers 1 to 50","g2-mathematics-filling-in-missing-numbers-1-to-50","Numbers","1.1 Number Concept","By the end of the lesson, the learner should be able to: represent numbers 1-100 using concrete objects in the environment","","How can we find the number of objects in a group?","Learners to read number names from 1-100. Learners in groups of five to count their fingers and toes. Learners in pairs/groups to play games of representing numbers 1-100 using safe concrete objects. Learners to play digital games of representing groups with numbers.","Learners to read number names from 1-100. Learners in groups of five to count their fingers and toes. Learners in pairs/groups to play games of representing numbers 1-100 using safe concrete objects. Learners to play digital games of representing groups with numbers.","","false","10","0","g2-math-hq-1781322732668","2026-06-13T03:52:17.514Z","2026-06-11T09:53:36.943Z","math-journey-generator-v1","bo2A425u6hk","true","false","2026-06-10T08:15:26.192+00:00"
"853782ed-f7d2-4536-9665-cab6f525dbff","Filling in Missing Numbers 51 to 100","g2-mathematics-filling-in-missing-numbers-51-to-100","Numbers","1.1 Number Concept","By the end of the lesson, the learner should be able to: represent numbers 1-100 using concrete objects in the environment","","How can we find the number of objects in a group?","Learners to read number names from 1-100. Learners in groups of five to count their fingers and toes. Learners in pairs/groups to play games of representing numbers 1-100 using safe concrete objects. Learners to play digital games of representing groups with numbers.","Learners to read number names from 1-100. Learners in groups of five to count their fingers and toes. Learners in pairs/groups to play games of representing numbers 1-100 using safe concrete objects. Learners to play digital games of representing groups with numbers.","","false","10","0","g2-math-hq-1781322732668","2026-06-13T03:52:17.944Z","2026-06-11T09:53:37.573Z","math-journey-generator-v1","bo2A425u6hk","true","false","2026-06-10T08:15:26.623+00:00"
"2e1869d6-f5df-46a1-9d02-b4b53a1062fe","Fractions: Assessment and Reflection","g2-mathematics-fractions-assessment-and-reflection","Numbers","1.3 Fractions","By the end of the lesson, the learner should be able to: identify 1/4 as part of a whole","","What fraction do you get when you fold a circular paper cut-out into 4 equal parts?","Learners in pairs to make circular paper cut-outs. Learners in pairs to fold the circular paper cut-outs into two equal parts and identify one of the parts as a half of the whole written as 1/2. Learners in pairs to make rectangular paper cut-outs and fold them into two equal parts to get a half. Le","Learners in pairs to make circular paper cut-outs. Learners in pairs to fold the circular paper cut-outs into two equal parts and identify one of the parts as a half of the whole written as 1/2. Learners in pairs to make rectangular paper cut-outs and fold them into two equal parts to get a half. Le","","true","10","10","grade-2-math-batch-3","2026-06-10T07:31:33.307Z","2026-06-11T09:53:47.606Z","","","false","false","2026-06-10T08:15:36.589+00:00"
"c71a49c8-e9c6-41e5-b6ef-ad0aa386a59f","Fractions: Practice and Application","g2-mathematics-fractions-practice-and-application","Numbers","1.3 Fractions","By the end of the lesson, the learner should be able to: identify 1/4 as part of a whole","","What fraction do you get when you fold a circular paper cut-out into 4 equal parts?","Learners in pairs to make circular paper cut-outs. Learners in pairs to fold the circular paper cut-outs into two equal parts and identify one of the parts as a half of the whole written as 1/2. Learners in pairs to make rectangular paper cut-outs and fold them into two equal parts to get a half. Le","Learners in pairs to make circular paper cut-outs. Learners in pairs to fold the circular paper cut-outs into two equal parts and identify one of the parts as a half of the whole written as 1/2. Learners in pairs to make rectangular paper cut-outs and fold them into two equal parts to get a half. Le","","true","10","10","grade-2-math-batch-3","2026-06-10T07:31:32.612Z","2026-06-11T09:53:47.174Z","","","false","false","2026-06-10T08:15:36.203+00:00"
"159f92b9-69c7-45ea-8376-2b15af491360","Identifying 1/2 in Everyday Objects","g2-mathematics-identifying-1-2-in-everyday-objects","Numbers","1.3 Fractions","By the end of the lesson, the learner should be able to: identify 1/4 as part of a whole","","What fraction do you get when you fold a circular paper cut-out into 4 equal parts?","Learners in pairs to make circular paper cut-outs. Learners in pairs to fold the circular paper cut-outs into two equal parts and identify one of the parts as a half of the whole written as 1/2. Learners in pairs to make rectangular paper cut-outs and fold them into two equal parts to get a half. Le","Learners in pairs to make circular paper cut-outs. Learners in pairs to fold the circular paper cut-outs into two equal parts and identify one of the parts as a half of the whole written as 1/2. Learners in pairs to make rectangular paper cut-outs and fold them into two equal parts to get a half. Le","","false","10","0","g2-math-hq-1781322732668","2026-06-13T03:52:21.312Z","2026-06-11T09:53:44.761Z","math-journey-generator-v1","jEYs9Z2w8oU","true","false","2026-06-10T08:15:33.755+00:00"
"60441bd5-774f-4135-9871-666fc481b13b","Identifying 1/4 in Everyday Objects","g2-mathematics-identifying-1-4-in-everyday-objects","Numbers","1.3 Fractions","By the end of the lesson, the learner should be able to: identify 1/4 as part of a whole","","What fraction do you get when you fold a circular paper cut-out into 4 equal parts?","Learners in pairs to make circular paper cut-outs. Learners in pairs to fold the circular paper cut-outs into two equal parts and identify one of the parts as a half of the whole written as 1/2. Learners in pairs to make rectangular paper cut-outs and fold them into two equal parts to get a half. Le","Learners in pairs to make circular paper cut-outs. Learners in pairs to fold the circular paper cut-outs into two equal parts and identify one of the parts as a half of the whole written as 1/2. Learners in pairs to make rectangular paper cut-outs and fold them into two equal parts to get a half. Le","","false","10","0","g2-math-hq-1781322732668","2026-06-13T03:52:22.351Z","2026-06-11T09:53:45.583Z","math-journey-generator-v1","jEYs9Z2w8oU","true","false","2026-06-10T08:15:34.557+00:00"
"0767b9f0-4a75-4a27-b2a2-fa9833c8dae8","Introduction to Halves Using Rectangular Cut-outs","g2-mathematics-introduction-to-halves-using-rectangular-cut-outs","Numbers","1.3 Fractions","By the end of the lesson, the learner should be able to: identify 1/4 as part of a whole","","What fraction do you get when you fold a circular paper cut-out into 4 equal parts?","Learners in pairs to make circular paper cut-outs. Learners in pairs to fold the circular paper cut-outs into two equal parts and identify one of the parts as a half of the whole written as 1/2. Learners in pairs to make rectangular paper cut-outs and fold them into two equal parts to get a half. Le","Learners in pairs to make circular paper cut-outs. Learners in pairs to fold the circular paper cut-outs into two equal parts and identify one of the parts as a half of the whole written as 1/2. Learners in pairs to make rectangular paper cut-outs and fold them into two equal parts to get a half. Le","","false","10","0","g2-math-hq-1781322732668","2026-06-13T03:52:20.869Z","2026-06-11T09:53:44.283Z","math-journey-generator-v1","pAtrNu8y6FQ","true","false","2026-06-10T08:15:33.358+00:00"
"9b887eb8-0a48-4f37-9689-b53113904728","Introduction to Quarters Using Rectangular Cut-outs","g2-mathematics-introduction-to-quarters-using-rectangular-cut-outs","Numbers","1.3 Fractions","By the end of the lesson, the learner should be able to: identify 1/4 as part of a whole","","What fraction do you get when you fold a circular paper cut-out into 4 equal parts?","Learners in pairs to make circular paper cut-outs. Learners in pairs to fold the circular paper cut-outs into two equal parts and identify one of the parts as a half of the whole written as 1/2. Learners in pairs to make rectangular paper cut-outs and fold them into two equal parts to get a half. Le","Learners in pairs to make circular paper cut-outs. Learners in pairs to fold the circular paper cut-outs into two equal parts and identify one of the parts as a half of the whole written as 1/2. Learners in pairs to make rectangular paper cut-outs and fold them into two equal parts to get a half. Le","","false","10","0","g2-math-hq-1781322732668","2026-06-13T03:52:21.812Z","2026-06-11T09:53:45.240Z","math-journey-generator-v1","iO7owL6Xr_M","true","false","2026-06-10T08:15:34.154+00:00"
"b163de06-c0e5-4a42-8bce-ba7dcab330a9","Making Patterns with Fractions","g2-mathematics-making-patterns-with-fractions","Numbers","1.3 Fractions","By the end of the lesson, the learner should be able to: identify 1/4 as part of a whole","","What fraction do you get when you fold a circular paper cut-out into 4 equal parts?","Learners in pairs to make circular paper cut-outs. Learners in pairs to fold the circular paper cut-outs into two equal parts and identify one of the parts as a half of the whole written as 1/2. Learners in pairs to make rectangular paper cut-outs and fold them into two equal parts to get a half. Le","Learners in pairs to make circular paper cut-outs. Learners in pairs to fold the circular paper cut-outs into two equal parts and identify one of the parts as a half of the whole written as 1/2. Learners in pairs to make rectangular paper cut-outs and fold them into two equal parts to get a half. Le","","false","10","0","g2-math-hq-1781322732668","2026-06-13T03:52:22.829Z","2026-06-11T09:53:46.441Z","math-journey-generator-v1","lTcewUmUnyE","true","false","2026-06-10T08:15:35.329+00:00"
"66cdd3b3-858d-4be2-a451-b2f2340bc852","Missing Numbers in Subtraction","g2-mathematics-missing-numbers-in-subtraction","Numbers","1.5 Subtraction","By the end of the lesson, the learner should be able to: work out missing numbers in patterns involving subtraction up to 100","","How do you work out missing numbers in patterns involving subtraction?","Learners in pairs/groups to subtract single digit numbers by comparing groups of objects. Learners to subtract up to 2-digit numbers without regrouping in horizontal and vertical forms. Learners to discuss the relationship between addition and subtraction using number families. Learners to work out ","Learners in pairs/groups to subtract single digit numbers by comparing groups of objects. Learners to subtract up to 2-digit numbers without regrouping in horizontal and vertical forms. Learners to discuss the relationship between addition and subtraction using number families. Learners to work out ","","false","10","0","g2-math-hq-1781322732668","2026-06-13T03:52:29.905Z","2026-06-11T09:53:54.295Z","math-journey-generator-v1","gBXbs6lVRuo","true","false","2026-06-10T08:15:43.246+00:00"
"b0c38507-b852-4a4c-8767-c0234ef9b89c","Multiplication as Repeated Addition Using Counters","g2-mathematics-multiplication-as-repeated-addition-using-counters","Numbers","1.6 Multiplication","By the end of the lesson, the learner should be able to: write repeated addition sentences as multiplication, using '×' sign","","How do you represent multiplication as repeated addition?","Learners in pairs/groups to use counters to represent multiplication as repeated addition. Learners in pairs/groups to use number lines to represent multiplication as repeated addition. Learners to use '×' sign in writing repeated addition sentences as multiplication. Learners to multiply single dig","Learners in pairs/groups to use counters to represent multiplication as repeated addition. Learners in pairs/groups to use number lines to represent multiplication as repeated addition. Learners to use '×' sign in writing repeated addition sentences as multiplication. Learners to multiply single dig","","false","10","0","g2-math-hq-1781322732668","2026-06-13T03:52:30.378Z","2026-06-11T09:53:58.959Z","math-journey-generator-v1","bo2A425u6hk","true","false","2026-06-10T08:15:47.709+00:00"
"f3e92483-c349-4553-ba43-fd277cf2be73","Multiplication as Repeated Addition Using Number Lines","g2-mathematics-multiplication-as-repeated-addition-using-number-lines","Numbers","1.6 Multiplication","By the end of the lesson, the learner should be able to: multiply single digit numbers by 1, 2, 3, 4, 5 and 10","","How do you represent multiplication as repeated addition?","Learners in pairs/groups to use counters to represent multiplication as repeated addition. Learners in pairs/groups to use number lines to represent multiplication as repeated addition. Learners to use '×' sign in writing repeated addition sentences as multiplication. Learners to multiply single dig","Learners in pairs/groups to use counters to represent multiplication as repeated addition. Learners in pairs/groups to use number lines to represent multiplication as repeated addition. Learners to use '×' sign in writing repeated addition sentences as multiplication. Learners to multiply single dig","","false","10","0","g2-math-hq-1781322732668","2026-06-13T03:52:31.057Z","2026-06-11T09:53:59.358Z","math-journey-generator-v1","pAtrNu8y6FQ","true","false","2026-06-10T08:15:48.082+00:00"
"78a3a720-af76-4c2e-8729-c5ef1421eded","Multiplication as Repeated Addition with 2s and 3s","g2-mathematics-multiplication-as-repeated-addition-with-2s-and-3s","Numbers","Multiplication","By the end of the lesson, the learner should be able to represent multiplication as repeated addition using equal groups of 2 and 3.","","","","Give each learner or pair 12 counters. Ask them to arrange the counters into equal groups of 2, then equal groups of 3. For each arrangement, learners say the repeated addition sentence aloud, write it in their books, and explain what the groups mean using a local market example such as oranges in b","","false","10","0","g2-math-hq-1781322732668","2026-06-13T03:52:14.856Z","","math-journey-generator-v1","pAtrNu8y6FQ","true","false","2026-06-07T10:27:56.014+00:00"
"aacd260b-3a71-4a37-8724-61a214487641","Multiplication: Assessment and Review","g2-mathematics-multiplication-assessment-and-review","Numbers","1.6 Multiplication","By the end of the lesson, the learner should be able to: multiply single digit numbers by 1, 2, 3, 4, 5 and 10","","How do you represent multiplication as repeated addition?","Learners in pairs/groups to use counters to represent multiplication as repeated addition. Learners in pairs/groups to use number lines to represent multiplication as repeated addition. Learners to use '×' sign in writing repeated addition sentences as multiplication. Learners to multiply single dig","Learners in pairs/groups to use counters to represent multiplication as repeated addition. Learners in pairs/groups to use number lines to represent multiplication as repeated addition. Learners to use '×' sign in writing repeated addition sentences as multiplication. Learners to multiply single dig","","true","0","10","grade-2-math-batch-3","2026-06-10T07:31:54.885Z","2026-06-11T09:54:01.663Z","","","false","false","2026-06-10T08:15:50.658+00:00"
"6f189a13-23b4-49da-8acf-a103df240d45","Multiplication: Digital Games","g2-mathematics-multiplication-digital-games","Numbers","1.6 Multiplication","By the end of the lesson, the learner should be able to: multiply single digit numbers by 1, 2, 3, 4, 5 and 10","","How do you represent multiplication as repeated addition?","Learners in pairs/groups to use counters to represent multiplication as repeated addition. Learners in pairs/groups to use number lines to represent multiplication as repeated addition. Learners to use '×' sign in writing repeated addition sentences as multiplication. Learners to multiply single dig","Learners in pairs/groups to use counters to represent multiplication as repeated addition. Learners in pairs/groups to use number lines to represent multiplication as repeated addition. Learners to use '×' sign in writing repeated addition sentences as multiplication. Learners to multiply single dig","","true","0","10","grade-2-math-batch-3","2026-06-10T07:31:53.507Z","2026-06-11T09:54:01.018Z","","","false","false","2026-06-10T08:15:49.923+00:00"
"22374453-e203-461f-bfab-d87b2fae59f0","Multiplication: Patterns and Arrays","g2-mathematics-multiplication-patterns-and-arrays","Numbers","1.6 Multiplication","By the end of the lesson, the learner should be able to: multiply single digit numbers by 1, 2, 3, 4, 5 and 10","","How do you represent multiplication as repeated addition?","Learners in pairs/groups to use counters to represent multiplication as repeated addition. Learners in pairs/groups to use number lines to represent multiplication as repeated addition. Learners to use '×' sign in writing repeated addition sentences as multiplication. Learners to multiply single dig","Learners in pairs/groups to use counters to represent multiplication as repeated addition. Learners in pairs/groups to use number lines to represent multiplication as repeated addition. Learners to use '×' sign in writing repeated addition sentences as multiplication. Learners to multiply single dig","","true","0","10","grade-2-math-batch-3","2026-06-10T07:31:54.218Z","2026-06-11T09:54:01.400Z","","","false","false","2026-06-10T08:15:50.289+00:00"
"0637d6e8-8325-403a-b44a-93f100d48c52","Multiplication: Practice and Application","g2-mathematics-multiplication-practice-and-application","Numbers","1.6 Multiplication","By the end of the lesson, the learner should be able to: multiply single digit numbers by 1, 2, 3, 4, 5 and 10","","How do you represent multiplication as repeated addition?","Learners in pairs/groups to use counters to represent multiplication as repeated addition. Learners in pairs/groups to use number lines to represent multiplication as repeated addition. Learners to use '×' sign in writing repeated addition sentences as multiplication. Learners to multiply single dig","Learners in pairs/groups to use counters to represent multiplication as repeated addition. Learners in pairs/groups to use number lines to represent multiplication as repeated addition. Learners to use '×' sign in writing repeated addition sentences as multiplication. Learners to multiply single dig","","true","0","10","grade-2-math-batch-3","2026-06-10T07:31:51.825Z","2026-06-11T09:54:00.720Z","","","false","false","2026-06-10T08:15:49.55+00:00"
"938a3ed5-06ab-430b-a345-b933cce98a68","Multiplying by 3 and 4","g2-mathematics-multiplying-by-3-and-4","Numbers","1.6 Multiplication","By the end of the lesson, the learner should be able to: multiply single digit numbers by 1, 2, 3, 4, 5 and 10","","How do you represent multiplication as repeated addition?","Learners in pairs/groups to use counters to represent multiplication as repeated addition. Learners in pairs/groups to use number lines to represent multiplication as repeated addition. Learners to use '×' sign in writing repeated addition sentences as multiplication. Learners to multiply single dig","Learners in pairs/groups to use counters to represent multiplication as repeated addition. Learners in pairs/groups to use number lines to represent multiplication as repeated addition. Learners to use '×' sign in writing repeated addition sentences as multiplication. Learners to multiply single dig","","false","10","0","g2-math-hq-1781322732668","2026-06-13T03:52:31.972Z","2026-06-11T09:54:00.056Z","math-journey-generator-v1","eW1fMMcN0oA","true","false","2026-06-10T08:15:48.847+00:00"
"2afb0a5b-88e3-4c8e-9ccb-844064b1bd3f","Multiplying by 5 and 10","g2-mathematics-multiplying-by-5-and-10","Numbers","1.6 Multiplication","By the end of the lesson, the learner should be able to: multiply single digit numbers by 1, 2, 3, 4, 5 and 10","","How do you represent multiplication as repeated addition?","Learners in pairs/groups to use counters to represent multiplication as repeated addition. Learners in pairs/groups to use number lines to represent multiplication as repeated addition. Learners to use '×' sign in writing repeated addition sentences as multiplication. Learners to multiply single dig","Learners in pairs/groups to use counters to represent multiplication as repeated addition. Learners in pairs/groups to use number lines to represent multiplication as repeated addition. Learners to use '×' sign in writing repeated addition sentences as multiplication. Learners to multiply single dig","","false","10","0","g2-math-hq-1781322732668","2026-06-13T03:52:32.426Z","2026-06-11T09:54:00.346Z","math-journey-generator-v1","eW1fMMcN0oA","true","false","2026-06-10T08:15:49.201+00:00"
"b607eeb5-45e9-4fda-9c60-1e85435fc1aa","Number Line: Counting Backward","g2-mathematics-number-line-counting-backward","Numbers","1.2 Whole Numbers","By the end of the lesson, the learner should be able to: appreciate number patterns as they skip on the number line","","How do we get the next number in a pattern?","Learners in pairs/groups to count in 2's and 5's forward and backward starting from any point. Learners in pairs/groups to count their fingers and toes in 2's and 10's. Learners in pairs/groups to discuss place value up to hundreds. Learners in pairs to read numbers 1-100 in symbols. Learners to rea","Learners in pairs/groups to count in 2's and 5's forward and backward starting from any point. Learners in pairs/groups to count their fingers and toes in 2's and 10's. Learners in pairs/groups to discuss place value up to hundreds. Learners in pairs to read numbers 1-100 in symbols. Learners to rea","","true","0","10","grade-2-math-batch-3","2026-06-10T07:31:24.597Z","2026-06-11T09:53:42.760Z","","","false","false","2026-06-10T08:15:32.09+00:00"
"326924a2-ea0e-4f05-833a-6f77a629d954","Number Line: Counting Forward","g2-mathematics-number-line-counting-forward","Numbers","1.2 Whole Numbers","By the end of the lesson, the learner should be able to: appreciate number patterns as they skip on the number line","","How do we get the next number in a pattern?","Learners in pairs/groups to count in 2's and 5's forward and backward starting from any point. Learners in pairs/groups to count their fingers and toes in 2's and 10's. Learners in pairs/groups to discuss place value up to hundreds. Learners in pairs to read numbers 1-100 in symbols. Learners to rea","Learners in pairs/groups to count in 2's and 5's forward and backward starting from any point. Learners in pairs/groups to count their fingers and toes in 2's and 10's. Learners in pairs/groups to discuss place value up to hundreds. Learners in pairs to read numbers 1-100 in symbols. Learners to rea","","true","0","10","grade-2-math-batch-3","2026-06-10T07:31:23.843Z","2026-06-11T09:53:42.405Z","","","false","false","2026-06-10T08:15:31.69+00:00"
"9f5bfa58-7077-453a-afb8-736d7376c8a9","Number Line: Skip Counting","g2-mathematics-number-line-skip-counting","Numbers","1.2 Whole Numbers","By the end of the lesson, the learner should be able to: appreciate number patterns as they skip on the number line","","How do we get the next number in a pattern?","Learners in pairs/groups to count in 2's and 5's forward and backward starting from any point. Learners in pairs/groups to count their fingers and toes in 2's and 10's. Learners in pairs/groups to discuss place value up to hundreds. Learners in pairs to read numbers 1-100 in symbols. Learners to rea","Learners in pairs/groups to count in 2's and 5's forward and backward starting from any point. Learners in pairs/groups to count their fingers and toes in 2's and 10's. Learners in pairs/groups to discuss place value up to hundreds. Learners in pairs to read numbers 1-100 in symbols. Learners to rea","","true","0","10","grade-2-math-batch-3","2026-06-10T07:31:25.220Z","2026-06-11T09:53:43.324Z","","","false","false","2026-06-10T08:15:32.533+00:00"
"db4c0d2d-671b-4a12-975c-c76a3da956c9","Number Patterns: Completing Patterns up to 50","g2-mathematics-number-patterns-completing-patterns-up-to-50","Numbers","1.2 Whole Numbers","By the end of the lesson, the learner should be able to: appreciate number patterns as they skip on the number line","","How do we get the next number in a pattern?","Learners in pairs/groups to count in 2's and 5's forward and backward starting from any point. Learners in pairs/groups to count their fingers and toes in 2's and 10's. Learners in pairs/groups to discuss place value up to hundreds. Learners in pairs to read numbers 1-100 in symbols. Learners to rea","Learners in pairs/groups to count in 2's and 5's forward and backward starting from any point. Learners in pairs/groups to count their fingers and toes in 2's and 10's. Learners in pairs/groups to discuss place value up to hundreds. Learners in pairs to read numbers 1-100 in symbols. Learners to rea","","true","0","10","grade-2-math-batch-3","2026-06-10T07:31:19.368Z","2026-06-11T09:53:40.903Z","","","false","false","2026-06-10T08:15:30.021+00:00"
"fb0c5c4f-519a-47d6-a021-2526d6d5a665","Number Patterns: Extending Patterns","g2-mathematics-number-patterns-extending-patterns","Numbers","1.2 Whole Numbers","By the end of the lesson, the learner should be able to: appreciate number patterns as they skip on the number line","","How do we get the next number in a pattern?","Learners in pairs/groups to count in 2's and 5's forward and backward starting from any point. Learners in pairs/groups to count their fingers and toes in 2's and 10's. Learners in pairs/groups to discuss place value up to hundreds. Learners in pairs to read numbers 1-100 in symbols. Learners to rea","Learners in pairs/groups to count in 2's and 5's forward and backward starting from any point. Learners in pairs/groups to count their fingers and toes in 2's and 10's. Learners in pairs/groups to discuss place value up to hundreds. Learners in pairs to read numbers 1-100 in symbols. Learners to rea","","true","0","10","grade-2-math-batch-3","2026-06-10T07:31:25.968Z","2026-06-11T09:53:43.702Z","","","false","false","2026-06-10T08:15:32.945+00:00"
"edefbd62-e357-46fa-8311-cf1a17959cd9","Number Patterns: Skip Counting by 10s","g2-mathematics-number-patterns-skip-counting-by-10s","Numbers","1.2 Whole Numbers","By the end of the lesson, the learner should be able to: appreciate number patterns as they skip on the number line","","How do we get the next number in a pattern?","Learners in pairs/groups to count in 2's and 5's forward and backward starting from any point. Learners in pairs/groups to count their fingers and toes in 2's and 10's. Learners in pairs/groups to discuss place value up to hundreds. Learners in pairs to read numbers 1-100 in symbols. Learners to rea","Learners in pairs/groups to count in 2's and 5's forward and backward starting from any point. Learners in pairs/groups to count their fingers and toes in 2's and 10's. Learners in pairs/groups to discuss place value up to hundreds. Learners in pairs to read numbers 1-100 in symbols. Learners to rea","","true","0","10","grade-2-math-batch-3","2026-06-10T07:31:22.382Z","2026-06-11T09:53:41.942Z","","","false","false","2026-06-10T08:15:31.275+00:00"
"4cac57af-ad3f-4dc4-b6dc-a9c1bb57d59d","Number Patterns: Skip Counting by 2s","g2-mathematics-number-patterns-skip-counting-by-2s","Numbers","1.2 Whole Numbers","By the end of the lesson, the learner should be able to: appreciate number patterns as they skip on the number line","","How do we get the next number in a pattern?","Learners in pairs/groups to count in 2's and 5's forward and backward starting from any point. Learners in pairs/groups to count their fingers and toes in 2's and 10's. Learners in pairs/groups to discuss place value up to hundreds. Learners in pairs to read numbers 1-100 in symbols. Learners to rea","Learners in pairs/groups to count in 2's and 5's forward and backward starting from any point. Learners in pairs/groups to count their fingers and toes in 2's and 10's. Learners in pairs/groups to discuss place value up to hundreds. Learners in pairs to read numbers 1-100 in symbols. Learners to rea","","true","0","10","grade-2-math-batch-3","2026-06-10T07:31:21.000Z","2026-06-11T09:53:41.221Z","","","false","false","2026-06-10T08:15:30.422+00:00"
"60572597-f1c3-42d8-aede-0f1198f8f484","Number Patterns: Skip Counting by 5s","g2-mathematics-number-patterns-skip-counting-by-5s","Numbers","1.2 Whole Numbers","By the end of the lesson, the learner should be able to: appreciate number patterns as they skip on the number line","","How do we get the next number in a pattern?","Learners in pairs/groups to count in 2's and 5's forward and backward starting from any point. Learners in pairs/groups to count their fingers and toes in 2's and 10's. Learners in pairs/groups to discuss place value up to hundreds. Learners in pairs to read numbers 1-100 in symbols. Learners to rea","Learners in pairs/groups to count in 2's and 5's forward and backward starting from any point. Learners in pairs/groups to count their fingers and toes in 2's and 10's. Learners in pairs/groups to discuss place value up to hundreds. Learners in pairs to read numbers 1-100 in symbols. Learners to rea","","true","0","10","grade-2-math-batch-3","2026-06-10T07:31:21.708Z","2026-06-11T09:53:41.623Z","","","false","false","2026-06-10T08:15:30.84+00:00"
"93a6b8a3-a810-4774-b24b-117c9d4ec841","Place Value: Hundreds","g2-mathematics-place-value-hundreds","Numbers","1.2 Whole Numbers","By the end of the lesson, the learner should be able to: appreciate number patterns as they skip on the number line","","How do we get the next number in a pattern?","Learners in pairs/groups to count in 2's and 5's forward and backward starting from any point. Learners in pairs/groups to count their fingers and toes in 2's and 10's. Learners in pairs/groups to discuss place value up to hundreds. Learners in pairs to read numbers 1-100 in symbols. Learners to rea","Learners in pairs/groups to count in 2's and 5's forward and backward starting from any point. Learners in pairs/groups to count their fingers and toes in 2's and 10's. Learners in pairs/groups to discuss place value up to hundreds. Learners in pairs to read numbers 1-100 in symbols. Learners to rea","","true","0","10","grade-2-math-batch-3","2026-06-10T07:31:16.660Z","2026-06-11T09:53:39.642Z","","","false","false","2026-06-10T08:15:28.806+00:00"
"a9cb3164-32c1-4b8e-a0bd-a52b03fe4c94","Place Value: Ones and Tens","g2-mathematics-place-value-ones-and-tens","Numbers","1.2 Whole Numbers","By the end of the lesson, the learner should be able to: appreciate number patterns as they skip on the number line","","How do we get the next number in a pattern?","Learners in pairs/groups to count in 2's and 5's forward and backward starting from any point. Learners in pairs/groups to count their fingers and toes in 2's and 10's. Learners in pairs/groups to discuss place value up to hundreds. Learners in pairs to read numbers 1-100 in symbols. Learners to rea","Learners in pairs/groups to count in 2's and 5's forward and backward starting from any point. Learners in pairs/groups to count their fingers and toes in 2's and 10's. Learners in pairs/groups to discuss place value up to hundreds. Learners in pairs to read numbers 1-100 in symbols. Learners to rea","","true","0","10","grade-2-math-batch-3","2026-06-10T07:31:16.003Z","2026-06-11T09:53:39.320Z","","","false","false","2026-06-10T08:15:28.42+00:00"
"a97ab36c-9ad2-428d-832f-e688bea73382","Reading Numbers 51 to 100 in Symbols","g2-mathematics-reading-numbers-51-to-100-in-symbols","Numbers","1.1 Number Concept","By the end of the lesson, the learner should be able to: represent numbers 1-100 using concrete objects in the environment","","How can we find the number of objects in a group?","Learners to read number names from 1-100. Learners in groups of five to count their fingers and toes. Learners in pairs/groups to play games of representing numbers 1-100 using safe concrete objects. Learners to play digital games of representing groups with numbers.","Learners to read number names from 1-100. Learners in groups of five to count their fingers and toes. Learners in pairs/groups to play games of representing numbers 1-100 using safe concrete objects. Learners to play digital games of representing groups with numbers.","","false","10","0","g2-math-hq-1781322732668","2026-06-13T03:52:15.390Z","2026-06-11T09:53:35.159Z","math-journey-generator-v1","lxyjIFHXSCA","true","false","2026-06-10T08:15:23.978+00:00"
"bc4a1378-6dff-4dd3-9fbb-0f5b7e9a631e","Representing Numbers 1 to 50 Using Concrete Objects","g2-mathematics-representing-numbers-1-to-50-using-concrete-objects","Numbers","1.1 Number Concept","By the end of the lesson, the learner should be able to: represent numbers 1-100 using concrete objects in the environment","","How can we find the number of objects in a group?","Learners to read number names from 1-100. Learners in groups of five to count their fingers and toes. Learners in pairs/groups to play games of representing numbers 1-100 using safe concrete objects. Learners to play digital games of representing groups with numbers.","Learners to read number names from 1-100. Learners in groups of five to count their fingers and toes. Learners in pairs/groups to play games of representing numbers 1-100 using safe concrete objects. Learners to play digital games of representing groups with numbers.","","false","10","0","g2-math-hq-1781322732668","2026-06-13T03:52:16.015Z","2026-06-11T09:53:35.480Z","math-journey-generator-v1","jEYs9Z2w8oU","true","false","2026-06-10T08:15:24.441+00:00"
"b546d836-3292-48a1-b445-134e85b30e20","Subtracting 2-Digit Numbers Without Regrouping (Horizontal)","g2-mathematics-subtracting-2-digit-numbers-without-regrouping-horizontal","Numbers","1.5 Subtraction","By the end of the lesson, the learner should be able to: work out missing numbers in subtraction of up to 2-digit numbers","","How do you work out missing numbers in patterns involving subtraction?","Learners in pairs/groups to subtract single digit numbers by comparing groups of objects. Learners to subtract up to 2-digit numbers without regrouping in horizontal and vertical forms. Learners to discuss the relationship between addition and subtraction using number families. Learners to work out ","Learners in pairs/groups to subtract single digit numbers by comparing groups of objects. Learners to subtract up to 2-digit numbers without regrouping in horizontal and vertical forms. Learners to discuss the relationship between addition and subtraction using number families. Learners to work out ","","false","10","0","g2-math-hq-1781322732668","2026-06-13T03:52:28.469Z","2026-06-11T09:53:53.063Z","math-journey-generator-v1","gBXbs6lVRuo","true","false","2026-06-10T08:15:42.076+00:00"
"17d7857a-a622-4b09-8524-db7be78977f8","Subtracting 2-Digit Numbers Without Regrouping (Vertical)","g2-mathematics-subtracting-2-digit-numbers-without-regrouping-vertical","Numbers","1.5 Subtraction","By the end of the lesson, the learner should be able to: work out missing numbers in patterns involving subtraction up to 100","","How do you work out missing numbers in patterns involving subtraction?","Learners in pairs/groups to subtract single digit numbers by comparing groups of objects. Learners to subtract up to 2-digit numbers without regrouping in horizontal and vertical forms. Learners to discuss the relationship between addition and subtraction using number families. Learners to work out ","Learners in pairs/groups to subtract single digit numbers by comparing groups of objects. Learners to subtract up to 2-digit numbers without regrouping in horizontal and vertical forms. Learners to discuss the relationship between addition and subtraction using number families. Learners to work out ","","false","10","0","g2-math-hq-1781322732668","2026-06-13T03:52:28.941Z","2026-06-11T09:53:53.563Z","math-journey-generator-v1","gBXbs6lVRuo","true","false","2026-06-10T08:15:42.494+00:00"
"11d88b45-b1a6-4143-9c04-42e88e57d080","Subtracting Single Digit Numbers","g2-mathematics-subtracting-single-digit-numbers","Numbers","1.5 Subtraction","By the end of the lesson, the learner should be able to: subtract up to 2-digit numbers without regrouping","","How do you work out missing numbers in patterns involving subtraction?","Learners in pairs/groups to subtract single digit numbers by comparing groups of objects. Learners to subtract up to 2-digit numbers without regrouping in horizontal and vertical forms. Learners to discuss the relationship between addition and subtraction using number families. Learners to work out ","Learners in pairs/groups to subtract single digit numbers by comparing groups of objects. Learners to subtract up to 2-digit numbers without regrouping in horizontal and vertical forms. Learners to discuss the relationship between addition and subtraction using number families. Learners to work out ","","false","10","0","g2-math-hq-1781322732668","2026-06-13T03:52:27.558Z","2026-06-11T09:53:52.296Z","math-journey-generator-v1","gBXbs6lVRuo","true","false","2026-06-10T08:10:15.741+00:00"
"bec50c90-2129-4275-8cdb-abb06296e4cf","Subtracting Using the Number Line","g2-mathematics-subtracting-using-the-number-line","Numbers","1.5 Subtraction","By the end of the lesson, the learner should be able to: use the relationship between addition and subtraction in working out problems","","How do you work out missing numbers in patterns involving subtraction?","Learners in pairs/groups to subtract single digit numbers by comparing groups of objects. Learners to subtract up to 2-digit numbers without regrouping in horizontal and vertical forms. Learners to discuss the relationship between addition and subtraction using number families. Learners to work out ","Learners in pairs/groups to subtract single digit numbers by comparing groups of objects. Learners to subtract up to 2-digit numbers without regrouping in horizontal and vertical forms. Learners to discuss the relationship between addition and subtraction using number families. Learners to work out ","","false","10","0","g2-math-hq-1781322732668","2026-06-13T03:52:28.012Z","2026-06-11T09:53:52.719Z","math-journey-generator-v1","gBXbs6lVRuo","true","false","2026-06-10T08:15:41.676+00:00"
"54d40989-42ac-4220-9204-2a90fe73aa35","Subtraction: Community Service","g2-mathematics-subtraction-community-service","Numbers","1.5 Subtraction","By the end of the lesson, the learner should be able to: work out missing numbers in patterns involving subtraction up to 100","","How do you work out missing numbers in patterns involving subtraction?","Learners in pairs/groups to subtract single digit numbers by comparing groups of objects. Learners to subtract up to 2-digit numbers without regrouping in horizontal and vertical forms. Learners to discuss the relationship between addition and subtraction using number families. Learners to work out ","Learners in pairs/groups to subtract single digit numbers by comparing groups of objects. Learners to subtract up to 2-digit numbers without regrouping in horizontal and vertical forms. Learners to discuss the relationship between addition and subtraction using number families. Learners to work out ","","true","0","10","grade-2-math-batch-3","2026-06-10T07:31:45.186Z","2026-06-11T09:53:57.720Z","","","false","false","2026-06-10T08:15:46.481+00:00"
"85f7ad4c-a8d7-4aea-b5fc-b8d372d37a3f","Subtraction: Comparing Groups","g2-mathematics-subtraction-comparing-groups","Numbers","1.5 Subtraction","By the end of the lesson, the learner should be able to: work out missing numbers in patterns involving subtraction up to 100","","How do you work out missing numbers in patterns involving subtraction?","Learners in pairs/groups to subtract single digit numbers by comparing groups of objects. Learners to subtract up to 2-digit numbers without regrouping in horizontal and vertical forms. Learners to discuss the relationship between addition and subtraction using number families. Learners to work out ","Learners in pairs/groups to subtract single digit numbers by comparing groups of objects. Learners to subtract up to 2-digit numbers without regrouping in horizontal and vertical forms. Learners to discuss the relationship between addition and subtraction using number families. Learners to work out ","","true","0","10","grade-2-math-batch-3","2026-06-10T07:31:43.744Z","2026-06-11T09:53:57.221Z","","","false","false","2026-06-10T08:15:46.018+00:00"
"23d35317-4c2b-4118-ae0e-11c80e8c85ea","Subtraction: Creating Patterns","g2-mathematics-subtraction-creating-patterns","Numbers","1.5 Subtraction","By the end of the lesson, the learner should be able to: work out missing numbers in patterns involving subtraction up to 100","","How do you work out missing numbers in patterns involving subtraction?","Learners in pairs/groups to subtract single digit numbers by comparing groups of objects. Learners to subtract up to 2-digit numbers without regrouping in horizontal and vertical forms. Learners to discuss the relationship between addition and subtraction using number families. Learners to work out ","Learners in pairs/groups to subtract single digit numbers by comparing groups of objects. Learners to subtract up to 2-digit numbers without regrouping in horizontal and vertical forms. Learners to discuss the relationship between addition and subtraction using number families. Learners to work out ","","true","0","10","grade-2-math-batch-3","2026-06-10T07:31:43.077Z","2026-06-11T09:53:56.933Z","","","false","false","2026-06-10T08:15:45.633+00:00"
"a295ff53-4930-4a82-b76d-38b0f6acd3ec","Subtraction: Digital Games","g2-mathematics-subtraction-digital-games","Numbers","1.5 Subtraction","By the end of the lesson, the learner should be able to: work out missing numbers in patterns involving subtraction up to 100","","How do you work out missing numbers in patterns involving subtraction?","Learners in pairs/groups to subtract single digit numbers by comparing groups of objects. Learners to subtract up to 2-digit numbers without regrouping in horizontal and vertical forms. Learners to discuss the relationship between addition and subtraction using number families. Learners to work out ","Learners in pairs/groups to subtract single digit numbers by comparing groups of objects. Learners to subtract up to 2-digit numbers without regrouping in horizontal and vertical forms. Learners to discuss the relationship between addition and subtraction using number families. Learners to work out ","","true","0","10","grade-2-math-batch-3","2026-06-10T07:31:40.427Z","2026-06-11T09:53:55.800Z","","","false","false","2026-06-10T08:15:44.415+00:00"
"f4dfc669-06e9-4bea-a6db-a8f601437f76","Subtraction: Final Assessment","g2-mathematics-subtraction-final-assessment","Numbers","1.5 Subtraction","By the end of the lesson, the learner should be able to: work out missing numbers in patterns involving subtraction up to 100","","How do you work out missing numbers in patterns involving subtraction?","Learners in pairs/groups to subtract single digit numbers by comparing groups of objects. Learners to subtract up to 2-digit numbers without regrouping in horizontal and vertical forms. Learners to discuss the relationship between addition and subtraction using number families. Learners to work out ","Learners in pairs/groups to subtract single digit numbers by comparing groups of objects. Learners to subtract up to 2-digit numbers without regrouping in horizontal and vertical forms. Learners to discuss the relationship between addition and subtraction using number families. Learners to work out ","","true","0","10","grade-2-math-batch-3","2026-06-10T07:31:46.592Z","2026-06-11T09:53:58.679Z","","","false","false","2026-06-10T08:15:47.328+00:00"
"7a0a98dd-9540-47fc-9fc5-7d8af38527df","Subtraction: Missing Numbers in Patterns","g2-mathematics-subtraction-missing-numbers-in-patterns","Numbers","1.5 Subtraction","By the end of the lesson, the learner should be able to: work out missing numbers in patterns involving subtraction up to 100","","How do you work out missing numbers in patterns involving subtraction?","Learners in pairs/groups to subtract single digit numbers by comparing groups of objects. Learners to subtract up to 2-digit numbers without regrouping in horizontal and vertical forms. Learners to discuss the relationship between addition and subtraction using number families. Learners to work out ","Learners in pairs/groups to subtract single digit numbers by comparing groups of objects. Learners to subtract up to 2-digit numbers without regrouping in horizontal and vertical forms. Learners to discuss the relationship between addition and subtraction using number families. Learners to work out ","","true","0","10","grade-2-math-batch-3","2026-06-10T07:31:42.421Z","2026-06-11T09:53:56.520Z","","","false","false","2026-06-10T08:15:45.234+00:00"
"a2c19258-4fce-4d87-bb6b-c92e5d79e3b2","Subtraction: Practice and Application","g2-mathematics-subtraction-practice-and-application","Numbers","1.5 Subtraction","By the end of the lesson, the learner should be able to: work out missing numbers in patterns involving subtraction up to 100","","How do you work out missing numbers in patterns involving subtraction?","Learners in pairs/groups to subtract single digit numbers by comparing groups of objects. Learners to subtract up to 2-digit numbers without regrouping in horizontal and vertical forms. Learners to discuss the relationship between addition and subtraction using number families. Learners to work out ","Learners in pairs/groups to subtract single digit numbers by comparing groups of objects. Learners to subtract up to 2-digit numbers without regrouping in horizontal and vertical forms. Learners to discuss the relationship between addition and subtraction using number families. Learners to work out ","","true","0","10","grade-2-math-batch-3","2026-06-10T07:31:39.732Z","2026-06-11T09:53:55.479Z","","","false","false","2026-06-10T08:15:44.014+00:00"
"01f283c3-2b7c-44ea-9d2a-8d7782a8cb1a","Subtraction: Review and Reflection","g2-mathematics-subtraction-review-and-reflection","Numbers","1.5 Subtraction","By the end of the lesson, the learner should be able to: work out missing numbers in patterns involving subtraction up to 100","","How do you work out missing numbers in patterns involving subtraction?","Learners in pairs/groups to subtract single digit numbers by comparing groups of objects. Learners to subtract up to 2-digit numbers without regrouping in horizontal and vertical forms. Learners to discuss the relationship between addition and subtraction using number families. Learners to work out ","Learners in pairs/groups to subtract single digit numbers by comparing groups of objects. Learners to subtract up to 2-digit numbers without regrouping in horizontal and vertical forms. Learners to discuss the relationship between addition and subtraction using number families. Learners to work out ","","true","0","10","grade-2-math-batch-3","2026-06-10T07:31:45.853Z","2026-06-11T09:53:58.012Z","","","false","false","2026-06-10T08:15:46.867+00:00"
"c6bb3650-4995-47df-98ac-e3e34411aff4","Subtraction: Word Problems","g2-mathematics-subtraction-word-problems","Numbers","1.5 Subtraction","By the end of the lesson, the learner should be able to: work out missing numbers in patterns involving subtraction up to 100","","How do you work out missing numbers in patterns involving subtraction?","Learners in pairs/groups to subtract single digit numbers by comparing groups of objects. Learners to subtract up to 2-digit numbers without regrouping in horizontal and vertical forms. Learners to discuss the relationship between addition and subtraction using number families. Learners to work out ","Learners in pairs/groups to subtract single digit numbers by comparing groups of objects. Learners to subtract up to 2-digit numbers without regrouping in horizontal and vertical forms. Learners to discuss the relationship between addition and subtraction using number families. Learners to work out ","","true","0","10","grade-2-math-batch-3","2026-06-10T07:31:41.093Z","2026-06-11T09:53:56.239Z","","","false","false","2026-06-10T08:15:44.825+00:00"
"e20dbfd4-eba4-402d-8743-8e24e00475a2","Using Number Families for Subtraction","g2-mathematics-using-number-families-for-subtraction","Numbers","1.5 Subtraction","By the end of the lesson, the learner should be able to: work out missing numbers in patterns involving subtraction up to 100","","How do you work out missing numbers in patterns involving subtraction?","Learners in pairs/groups to subtract single digit numbers by comparing groups of objects. Learners to subtract up to 2-digit numbers without regrouping in horizontal and vertical forms. Learners to discuss the relationship between addition and subtraction using number families. Learners to work out ","Learners in pairs/groups to subtract single digit numbers by comparing groups of objects. Learners to subtract up to 2-digit numbers without regrouping in horizontal and vertical forms. Learners to discuss the relationship between addition and subtraction using number families. Learners to work out ","","false","10","0","g2-math-hq-1781322732668","2026-06-13T03:52:29.454Z","2026-06-11T09:53:53.925Z","math-journey-generator-v1","gBXbs6lVRuo","true","false","2026-06-10T08:15:42.873+00:00"
"7993c880-07eb-4b67-b0de-71af2f600fef","Word Problems: 2-Digit and 1-Digit Addition","g2-mathematics-word-problems-2-digit-and-1-digit-addition","Numbers","1.4 Addition","By the end of the lesson, the learner should be able to: work out missing numbers in patterns involving addition of whole numbers up to 100","","How can we align a 2-digit number and a 1-digit number vertically in order to add? When do we regroup?","Learners in pairs to write addition sentences given in horizontal form vertically according to place value. Learners to add a 2-digit number to a 1-digit number without and with regrouping. Learners to practice addition by skipping on the number line. Learners in pairs/groups to collect different sa","Learners in pairs to write addition sentences given in horizontal form vertically according to place value. Learners to add a 2-digit number to a 1-digit number without and with regrouping. Learners to practice addition by skipping on the number line. Learners in pairs/groups to collect different sa","","true","0","10","grade-2-math-batch-3","2026-06-10T07:31:07.699Z","2026-06-11T09:53:34.291Z","","","false","false","2026-06-10T08:15:23.084+00:00"
"7fe4e4f8-25d2-4aab-b06f-34120a06d946","Word Problems: Single Digit Addition","g2-mathematics-word-problems-single-digit-addition","Numbers","1.4 Addition","By the end of the lesson, the learner should be able to: work out missing numbers in patterns involving addition of whole numbers up to 100","","How can we align a 2-digit number and a 1-digit number vertically in order to add? When do we regroup?","Learners in pairs to write addition sentences given in horizontal form vertically according to place value. Learners to add a 2-digit number to a 1-digit number without and with regrouping. Learners to practice addition by skipping on the number line. Learners in pairs/groups to collect different sa","Learners in pairs to write addition sentences given in horizontal form vertically according to place value. Learners to add a 2-digit number to a 1-digit number without and with regrouping. Learners to practice addition by skipping on the number line. Learners in pairs/groups to collect different sa","","true","0","10","grade-2-math-batch-3","2026-06-10T07:31:06.928Z","2026-06-11T09:53:33.320Z","","","false","false","2026-06-10T08:15:22.681+00:00"
"93e1418a-7f84-4a4c-864a-be2e6b12cdfb","Word Problems: Subtraction Within 100","g2-mathematics-word-problems-subtraction-within-100","Numbers","1.5 Subtraction","By the end of the lesson, the learner should be able to: work out missing numbers in patterns involving subtraction up to 100","","How do you work out missing numbers in patterns involving subtraction?","Learners in pairs/groups to subtract single digit numbers by comparing groups of objects. Learners to subtract up to 2-digit numbers without regrouping in horizontal and vertical forms. Learners to discuss the relationship between addition and subtraction using number families. Learners to work out ","Learners in pairs/groups to subtract single digit numbers by comparing groups of objects. Learners to subtract up to 2-digit numbers without regrouping in horizontal and vertical forms. Learners to discuss the relationship between addition and subtraction using number families. Learners to work out ","","true","0","10","grade-2-math-batch-3","2026-06-10T07:31:38.307Z","2026-06-11T09:53:54.843Z","","","false","false","2026-06-10T08:15:43.643+00:00"
"40dc0390-2570-45b8-8a37-72c3d49e0e68","Writing Division Sentences Using the ÷ Sign","g2-mathematics-writing-division-sentences-using-the-sign","Numbers","1.7 Division","By the end of the lesson, the learner should be able to: use '÷' sign in writing division sentences","","How can you share a given number of objects equally?","Learners in pairs/groups to share a given number of objects equally by each picking one object at a time until all are finished. Learners in pairs/groups to pick an equal number of objects at a time from the main group and count the number of small equal groups formed. Learners to use '÷' sign in wr","Learners in pairs/groups to share a given number of objects equally by each picking one object at a time until all are finished. Learners in pairs/groups to pick an equal number of objects at a time from the main group and count the number of small equal groups formed. Learners to use '÷' sign in wr","","true","0","10","grade-2-math-batch-3","2026-06-10T07:31:56.869Z","2026-06-11T09:54:02.367Z","","","false","false","2026-06-10T08:15:51.377+00:00"
"cff3b7c1-2468-454d-b2da-fe35d49e2456","Writing Multiplication Sentences Using the × Sign","g2-mathematics-writing-multiplication-sentences-using-the-sign","Numbers","1.6 Multiplication","By the end of the lesson, the learner should be able to: multiply single digit numbers by 1, 2, 3, 4, 5 and 10","","How do you represent multiplication as repeated addition?","Learners in pairs/groups to use counters to represent multiplication as repeated addition. Learners in pairs/groups to use number lines to represent multiplication as repeated addition. Learners to use '×' sign in writing repeated addition sentences as multiplication. Learners to multiply single dig","Learners in pairs/groups to use counters to represent multiplication as repeated addition. Learners in pairs/groups to use number lines to represent multiplication as repeated addition. Learners to use '×' sign in writing repeated addition sentences as multiplication. Learners to multiply single dig","","false","10","0","g2-math-hq-1781322732668","2026-06-13T03:52:31.517Z","2026-06-11T09:53:59.640Z","math-journey-generator-v1","eW1fMMcN0oA","true","false","2026-06-10T08:15:48.462+00:00"
"957cb5fc-4055-47ea-844f-e83d520c34cc","Writing Numbers 1 to 10 in Words","g2-mathematics-writing-numbers-1-to-10-in-words","Numbers","1.2 Whole Numbers","By the end of the lesson, the learner should be able to: appreciate number patterns as they skip on the number line","","How do we get the next number in a pattern?","Learners in pairs/groups to count in 2's and 5's forward and backward starting from any point. Learners in pairs/groups to count their fingers and toes in 2's and 10's. Learners in pairs/groups to discuss place value up to hundreds. Learners in pairs to read numbers 1-100 in symbols. Learners to rea","Learners in pairs/groups to count in 2's and 5's forward and backward starting from any point. Learners in pairs/groups to count their fingers and toes in 2's and 10's. Learners in pairs/groups to discuss place value up to hundreds. Learners in pairs to read numbers 1-100 in symbols. Learners to rea","","false","10","0","g2-math-hq-1781322732668","2026-06-13T03:52:19.949Z","2026-06-11T09:53:40.121Z","math-journey-generator-v1","lxyjIFHXSCA","true","false","2026-06-10T08:15:29.204+00:00"
"4b04cd35-ffa5-4ec2-8524-97bebd39238e","Writing Numbers 11 to 20 in Words","g2-mathematics-writing-numbers-11-to-20-in-words","Numbers","1.2 Whole Numbers","By the end of the lesson, the learner should be able to: appreciate number patterns as they skip on the number line","","How do we get the next number in a pattern?","Learners in pairs/groups to count in 2's and 5's forward and backward starting from any point. Learners in pairs/groups to count their fingers and toes in 2's and 10's. Learners in pairs/groups to discuss place value up to hundreds. Learners in pairs to read numbers 1-100 in symbols. Learners to rea","Learners in pairs/groups to count in 2's and 5's forward and backward starting from any point. Learners in pairs/groups to count their fingers and toes in 2's and 10's. Learners in pairs/groups to discuss place value up to hundreds. Learners in pairs to read numbers 1-100 in symbols. Learners to rea","","false","10","0","g2-math-hq-1781322732668","2026-06-13T03:52:20.406Z","2026-06-11T09:53:40.495Z","math-journey-generator-v1","lxyjIFHXSCA","true","false","2026-06-10T08:15:29.62+00:00"